

================================================================
== Vitis HLS Report for 'fp32_normaliser'
================================================================
* Date:           Wed Nov 26 12:59:24 2025

* Version:        2025.1 (Build 6135595 on May 21 2025)
* Project:        solution_fp32addition_fp32_full_sum_component
* Solution:       hls (Vivado IP Flow Target)
* Product family: zynq
* Target device:  xc7z020-clg400-1


================================================================
== Performance Estimates
================================================================
+ Timing: 
    * Summary: 
    +--------+---------+----------+------------+
    |  Clock |  Target | Estimated| Uncertainty|
    +--------+---------+----------+------------+
    |ap_clk  |  1.00 ms|  7.137 ns|     0.27 ms|
    +--------+---------+----------+------------+

+ Latency: 
    * Summary: 
    +---------+---------+----------+----------+-----+-----+---------+
    |  Latency (cycles) |  Latency (absolute) |  Interval | Pipeline|
    |   min   |   max   |    min   |    max   | min | max |   Type  |
    +---------+---------+----------+----------+-----+-----+---------+
    |        0|        0|      0 ns|      0 ns|    0|    0|       no|
    +---------+---------+----------+----------+-----+-----+---------+

    + Detail: 
        * Instance: 
        N/A

        * Loop: 
        N/A



================================================================
== Utilization Estimates
================================================================
* Summary: 
+-----------------+---------+-----+--------+-------+-----+
|       Name      | BRAM_18K| DSP |   FF   |  LUT  | URAM|
+-----------------+---------+-----+--------+-------+-----+
|DSP              |        -|    -|       -|      -|    -|
|Expression       |        -|    -|       0|    438|    -|
|FIFO             |        -|    -|       -|      -|    -|
|Instance         |        -|    -|       -|      -|    -|
|Memory           |        -|    -|       -|      -|    -|
|Multiplexer      |        -|    -|       0|    248|    -|
|Register         |        -|    -|       -|      -|    -|
+-----------------+---------+-----+--------+-------+-----+
|Total            |        0|    0|       0|    686|    0|
+-----------------+---------+-----+--------+-------+-----+
|Available        |      280|  220|  106400|  53200|    0|
+-----------------+---------+-----+--------+-------+-----+
|Utilization (%)  |        0|    0|       0|      1|    0|
+-----------------+---------+-----+--------+-------+-----+

+ Detail: 
    * Instance: 
    N/A

    * DSP: 
    N/A

    * Memory: 
    N/A

    * FIFO: 
    N/A

    * Expression: 
    +---------------------+----------+----+---+----+------------+------------+
    |    Variable Name    | Operation| DSP| FF| LUT| Bitwidth P0| Bitwidth P1|
    +---------------------+----------+----+---+----+------------+------------+
    |exp_10_fu_806_p2     |         +|   0|  0|  15|           8|           5|
    |exp_11_fu_786_p2     |         +|   0|  0|  15|           8|           5|
    |exp_12_fu_766_p2     |         +|   0|  0|  15|           8|           5|
    |exp_13_fu_746_p2     |         +|   0|  0|  15|           8|           5|
    |exp_14_fu_726_p2     |         +|   0|  0|  15|           8|           5|
    |exp_15_fu_706_p2     |         +|   0|  0|  15|           8|           5|
    |exp_16_fu_686_p2     |         +|   0|  0|  15|           8|           6|
    |exp_17_fu_666_p2     |         +|   0|  0|  15|           8|           6|
    |exp_18_fu_646_p2     |         +|   0|  0|  15|           8|           6|
    |exp_19_fu_626_p2     |         +|   0|  0|  15|           8|           6|
    |exp_1_fu_986_p2      |         +|   0|  0|  15|           8|           2|
    |exp_20_fu_606_p2     |         +|   0|  0|  15|           8|           6|
    |exp_21_fu_586_p2     |         +|   0|  0|  15|           8|           6|
    |exp_22_fu_566_p2     |         +|   0|  0|  15|           8|           6|
    |exp_24_fu_546_p2     |         +|   0|  0|  15|           8|           6|
    |exp_2_fu_966_p2      |         +|   0|  0|  15|           8|           3|
    |exp_3_fu_946_p2      |         +|   0|  0|  15|           8|           3|
    |exp_4_fu_926_p2      |         +|   0|  0|  15|           8|           4|
    |exp_5_fu_906_p2      |         +|   0|  0|  15|           8|           4|
    |exp_6_fu_886_p2      |         +|   0|  0|  15|           8|           4|
    |exp_7_fu_866_p2      |         +|   0|  0|  15|           8|           4|
    |exp_8_fu_846_p2      |         +|   0|  0|  15|           8|           5|
    |exp_9_fu_826_p2      |         +|   0|  0|  15|           8|           5|
    |exp_fu_1009_p2       |         +|   0|  0|  15|           8|           1|
    |ap_condition_557     |       and|   0|  0|   2|           1|           1|
    |ap_condition_562     |       and|   0|  0|   2|           1|           1|
    |ap_condition_568     |       and|   0|  0|   2|           1|           1|
    |ap_condition_575     |       and|   0|  0|   2|           1|           1|
    |ap_condition_583     |       and|   0|  0|   2|           1|           1|
    |ap_condition_592     |       and|   0|  0|   2|           1|           1|
    |ap_condition_602     |       and|   0|  0|   2|           1|           1|
    |ap_condition_613     |       and|   0|  0|   2|           1|           1|
    |ap_condition_625     |       and|   0|  0|   2|           1|           1|
    |ap_condition_638     |       and|   0|  0|   2|           1|           1|
    |ap_condition_652     |       and|   0|  0|   2|           1|           1|
    |ap_condition_667     |       and|   0|  0|   2|           1|           1|
    |ap_condition_683     |       and|   0|  0|   2|           1|           1|
    |ap_condition_687     |       and|   0|  0|   2|           1|           1|
    |ap_condition_692     |       and|   0|  0|   2|           1|           1|
    |ap_condition_698     |       and|   0|  0|   2|           1|           1|
    |ap_condition_705     |       and|   0|  0|   2|           1|           1|
    |ap_condition_713     |       and|   0|  0|   2|           1|           1|
    |ap_condition_722     |       and|   0|  0|   2|           1|           1|
    |ap_condition_732     |       and|   0|  0|   2|           1|           1|
    |ap_condition_743     |       and|   0|  0|   2|           1|           1|
    |ap_condition_755     |       and|   0|  0|   2|           1|           1|
    |ap_condition_767     |       and|   0|  0|   2|           1|           1|
    |icmp_ln49_fu_348_p2  |      icmp|   0|  0|  32|          25|           1|
    +---------------------+----------+----+---+----+------------+------------+
    |Total                |          |   0|  0| 438|         240|         137|
    +---------------------+----------+----+---+----+------------+------------+

    * Multiplexer: 
    +---------------------------------------+-----+-----------+-----+-----------+
    |                  Name                 | LUT | Input Size| Bits| Total Bits|
    +---------------------------------------+-----+-----------+-----+-----------+
    |ap_phi_mux_agg_result_0_phi_fu_341_p4  |   14|          3|   32|         96|
    |ap_phi_mux_exp_23_phi_fu_229_p50       |  117|         26|    8|        208|
    |ap_phi_mux_norm24_22_phi_fu_285_p50    |  117|         26|   23|        598|
    +---------------------------------------+-----+-----------+-----+-----------+
    |Total                                  |  248|         55|   63|        902|
    +---------------------------------------+-----+-----------+-----+-----------+

    * Register: 
    N/A



================================================================
== Interface
================================================================
* Summary: 
+------------------+-----+-----+------------+------------------+--------------+
|     RTL Ports    | Dir | Bits|  Protocol  |   Source Object  |    C Type    |
+------------------+-----+-----+------------+------------------+--------------+
|ap_ready          |  out|    1|  ap_ctrl_hs|   fp32_normaliser|  return value|
|ap_return         |  out|   32|  ap_ctrl_hs|   fp32_normaliser|  return value|
|ap_rst            |   in|    1|  ap_ctrl_hs|   fp32_normaliser|  return value|
|raw_sum_mantissa  |   in|   25|     ap_none|  raw_sum_mantissa|        scalar|
|raw_sign          |   in|    1|     ap_none|          raw_sign|        scalar|
|target_exponent   |   in|    8|     ap_none|   target_exponent|        scalar|
+------------------+-----+-----+------------+------------------+--------------+

============================================================
+ Verbose Summary: Synthesis Manager
============================================================
InlineROM: 1
ExposeGlobal: 0
============================================================
+ Verbose Summary: CDFG Model
============================================================
IsTopModel: 0
ResetActiveHigh: 1
IsCombinational: 1
IsDatapathOnly: 2
HasWiredReturn: 1
HasMFsm: 0
HasVarLatency: 0
IsPipeline: 0
IsRtlPipelined: 0
IsInstanceOverlapped: 0
IsDontTouch: 0
HasImplIP: 0
IsGatedGlobalClock: 0


============================================================
+ Verbose Summary: Schedule
============================================================
* Number of FSM states : 1
* Pipeline : 0
* Dataflow Pipeline: 0

* FSM state transitions: 
1 --> 

* FSM state operations: 

State 1 <SV = 0> <Delay = 7.13>
ST_1 : Operation 2 [1/1] (0.00ns)   --->   "%target_exponent_read = read i8 @_ssdm_op_Read.ap_auto.i8, i8 %target_exponent" [/home/joe/Desktop/Uni/Year_4/Dissertation/Program-Synthesis-for-Efficient-ML/results/cpp/solution_fp32addition_fp32_full_sum.cpp:48]   --->   Operation 2 'read' 'target_exponent_read' <Predicate = true> <Delay = 0.00>
ST_1 : Operation 3 [1/1] (0.00ns)   --->   "%raw_sign_read = read i1 @_ssdm_op_Read.ap_auto.i1, i1 %raw_sign" [/home/joe/Desktop/Uni/Year_4/Dissertation/Program-Synthesis-for-Efficient-ML/results/cpp/solution_fp32addition_fp32_full_sum.cpp:48]   --->   Operation 3 'read' 'raw_sign_read' <Predicate = true> <Delay = 0.00>
ST_1 : Operation 4 [1/1] (0.00ns)   --->   "%raw_sum_mantissa_read = read i25 @_ssdm_op_Read.ap_auto.i25, i25 %raw_sum_mantissa" [/home/joe/Desktop/Uni/Year_4/Dissertation/Program-Synthesis-for-Efficient-ML/results/cpp/solution_fp32addition_fp32_full_sum.cpp:48]   --->   Operation 4 'read' 'raw_sum_mantissa_read' <Predicate = true> <Delay = 0.00>
ST_1 : Operation 5 [1/1] (2.34ns)   --->   "%icmp_ln49 = icmp_eq  i25 %raw_sum_mantissa_read, i25 0" [/home/joe/Desktop/Uni/Year_4/Dissertation/Program-Synthesis-for-Efficient-ML/results/cpp/solution_fp32addition_fp32_full_sum.cpp:49]   --->   Operation 5 'icmp' 'icmp_ln49' <Predicate = true> <Delay = 2.34> <CoreInst = "Cmp">   --->   Core 9 'Cmp' <Latency = 0> <II = 1> <Delay = 2.34> <FuncUnit> <Opcode : 'seteq' 'setne' 'setle' 'setge' 'setlt' 'setgt'> <InPorts = 2> <OutPorts = 1>
ST_1 : Operation 6 [1/1] (1.58ns)   --->   "%br_ln49 = br i1 %icmp_ln49, void %if.end, void %return" [/home/joe/Desktop/Uni/Year_4/Dissertation/Program-Synthesis-for-Efficient-ML/results/cpp/solution_fp32addition_fp32_full_sum.cpp:49]   --->   Operation 6 'br' 'br_ln49' <Predicate = true> <Delay = 1.58>
ST_1 : Operation 7 [1/1] (0.00ns)   --->   "%tmp = bitselect i1 @_ssdm_op_BitSelect.i1.i25.i32, i25 %raw_sum_mantissa_read, i32 24" [/home/joe/Desktop/Uni/Year_4/Dissertation/Program-Synthesis-for-Efficient-ML/results/cpp/solution_fp32addition_fp32_full_sum.cpp:54]   --->   Operation 7 'bitselect' 'tmp' <Predicate = (!icmp_ln49)> <Delay = 0.00>
ST_1 : Operation 8 [1/1] (0.00ns)   --->   "%br_ln54 = br i1 %tmp, void %if.else, void %if.then6" [/home/joe/Desktop/Uni/Year_4/Dissertation/Program-Synthesis-for-Efficient-ML/results/cpp/solution_fp32addition_fp32_full_sum.cpp:54]   --->   Operation 8 'br' 'br_ln54' <Predicate = (!icmp_ln49)> <Delay = 0.00>
ST_1 : Operation 9 [1/1] (0.00ns)   --->   "%tmp_1 = bitselect i1 @_ssdm_op_BitSelect.i1.i25.i32, i25 %raw_sum_mantissa_read, i32 23" [/home/joe/Desktop/Uni/Year_4/Dissertation/Program-Synthesis-for-Efficient-ML/results/cpp/solution_fp32addition_fp32_full_sum.cpp:55]   --->   Operation 9 'bitselect' 'tmp_1' <Predicate = (!icmp_ln49 & !tmp)> <Delay = 0.00>
ST_1 : Operation 10 [1/1] (0.00ns)   --->   "%br_ln55 = br i1 %tmp_1, void %if.else15, void %if.then12" [/home/joe/Desktop/Uni/Year_4/Dissertation/Program-Synthesis-for-Efficient-ML/results/cpp/solution_fp32addition_fp32_full_sum.cpp:55]   --->   Operation 10 'br' 'br_ln55' <Predicate = (!icmp_ln49 & !tmp)> <Delay = 0.00>
ST_1 : Operation 11 [1/1] (0.00ns)   --->   "%tmp_2 = bitselect i1 @_ssdm_op_BitSelect.i1.i25.i32, i25 %raw_sum_mantissa_read, i32 22" [/home/joe/Desktop/Uni/Year_4/Dissertation/Program-Synthesis-for-Efficient-ML/results/cpp/solution_fp32addition_fp32_full_sum.cpp:56]   --->   Operation 11 'bitselect' 'tmp_2' <Predicate = (!icmp_ln49 & !tmp & !tmp_1)> <Delay = 0.00>
ST_1 : Operation 12 [1/1] (0.00ns)   --->   "%br_ln56 = br i1 %tmp_2, void %if.else23, void %if.then18" [/home/joe/Desktop/Uni/Year_4/Dissertation/Program-Synthesis-for-Efficient-ML/results/cpp/solution_fp32addition_fp32_full_sum.cpp:56]   --->   Operation 12 'br' 'br_ln56' <Predicate = (!icmp_ln49 & !tmp & !tmp_1)> <Delay = 0.00>
ST_1 : Operation 13 [1/1] (0.00ns)   --->   "%tmp_3 = bitselect i1 @_ssdm_op_BitSelect.i1.i25.i32, i25 %raw_sum_mantissa_read, i32 21" [/home/joe/Desktop/Uni/Year_4/Dissertation/Program-Synthesis-for-Efficient-ML/results/cpp/solution_fp32addition_fp32_full_sum.cpp:57]   --->   Operation 13 'bitselect' 'tmp_3' <Predicate = (!icmp_ln49 & !tmp & !tmp_1 & !tmp_2)> <Delay = 0.00>
ST_1 : Operation 14 [1/1] (0.00ns)   --->   "%br_ln57 = br i1 %tmp_3, void %if.else31, void %if.then26" [/home/joe/Desktop/Uni/Year_4/Dissertation/Program-Synthesis-for-Efficient-ML/results/cpp/solution_fp32addition_fp32_full_sum.cpp:57]   --->   Operation 14 'br' 'br_ln57' <Predicate = (!icmp_ln49 & !tmp & !tmp_1 & !tmp_2)> <Delay = 0.00>
ST_1 : Operation 15 [1/1] (0.00ns)   --->   "%tmp_4 = bitselect i1 @_ssdm_op_BitSelect.i1.i25.i32, i25 %raw_sum_mantissa_read, i32 20" [/home/joe/Desktop/Uni/Year_4/Dissertation/Program-Synthesis-for-Efficient-ML/results/cpp/solution_fp32addition_fp32_full_sum.cpp:58]   --->   Operation 15 'bitselect' 'tmp_4' <Predicate = (!icmp_ln49 & !tmp & !tmp_1 & !tmp_2 & !tmp_3)> <Delay = 0.00>
ST_1 : Operation 16 [1/1] (0.00ns)   --->   "%br_ln58 = br i1 %tmp_4, void %if.else39, void %if.then34" [/home/joe/Desktop/Uni/Year_4/Dissertation/Program-Synthesis-for-Efficient-ML/results/cpp/solution_fp32addition_fp32_full_sum.cpp:58]   --->   Operation 16 'br' 'br_ln58' <Predicate = (!icmp_ln49 & !tmp & !tmp_1 & !tmp_2 & !tmp_3)> <Delay = 0.00>
ST_1 : Operation 17 [1/1] (0.00ns)   --->   "%tmp_5 = bitselect i1 @_ssdm_op_BitSelect.i1.i25.i32, i25 %raw_sum_mantissa_read, i32 19" [/home/joe/Desktop/Uni/Year_4/Dissertation/Program-Synthesis-for-Efficient-ML/results/cpp/solution_fp32addition_fp32_full_sum.cpp:59]   --->   Operation 17 'bitselect' 'tmp_5' <Predicate = (!icmp_ln49 & !tmp & !tmp_1 & !tmp_2 & !tmp_3 & !tmp_4)> <Delay = 0.00>
ST_1 : Operation 18 [1/1] (0.00ns)   --->   "%br_ln59 = br i1 %tmp_5, void %if.else47, void %if.then42" [/home/joe/Desktop/Uni/Year_4/Dissertation/Program-Synthesis-for-Efficient-ML/results/cpp/solution_fp32addition_fp32_full_sum.cpp:59]   --->   Operation 18 'br' 'br_ln59' <Predicate = (!icmp_ln49 & !tmp & !tmp_1 & !tmp_2 & !tmp_3 & !tmp_4)> <Delay = 0.00>
ST_1 : Operation 19 [1/1] (0.00ns)   --->   "%tmp_6 = bitselect i1 @_ssdm_op_BitSelect.i1.i25.i32, i25 %raw_sum_mantissa_read, i32 18" [/home/joe/Desktop/Uni/Year_4/Dissertation/Program-Synthesis-for-Efficient-ML/results/cpp/solution_fp32addition_fp32_full_sum.cpp:60]   --->   Operation 19 'bitselect' 'tmp_6' <Predicate = (!icmp_ln49 & !tmp & !tmp_1 & !tmp_2 & !tmp_3 & !tmp_4 & !tmp_5)> <Delay = 0.00>
ST_1 : Operation 20 [1/1] (0.00ns)   --->   "%br_ln60 = br i1 %tmp_6, void %if.else55, void %if.then50" [/home/joe/Desktop/Uni/Year_4/Dissertation/Program-Synthesis-for-Efficient-ML/results/cpp/solution_fp32addition_fp32_full_sum.cpp:60]   --->   Operation 20 'br' 'br_ln60' <Predicate = (!icmp_ln49 & !tmp & !tmp_1 & !tmp_2 & !tmp_3 & !tmp_4 & !tmp_5)> <Delay = 0.00>
ST_1 : Operation 21 [1/1] (0.00ns)   --->   "%tmp_7 = bitselect i1 @_ssdm_op_BitSelect.i1.i25.i32, i25 %raw_sum_mantissa_read, i32 17" [/home/joe/Desktop/Uni/Year_4/Dissertation/Program-Synthesis-for-Efficient-ML/results/cpp/solution_fp32addition_fp32_full_sum.cpp:61]   --->   Operation 21 'bitselect' 'tmp_7' <Predicate = (!icmp_ln49 & !tmp & !tmp_1 & !tmp_2 & !tmp_3 & !tmp_4 & !tmp_5 & !tmp_6)> <Delay = 0.00>
ST_1 : Operation 22 [1/1] (0.00ns)   --->   "%br_ln61 = br i1 %tmp_7, void %if.else63, void %if.then58" [/home/joe/Desktop/Uni/Year_4/Dissertation/Program-Synthesis-for-Efficient-ML/results/cpp/solution_fp32addition_fp32_full_sum.cpp:61]   --->   Operation 22 'br' 'br_ln61' <Predicate = (!icmp_ln49 & !tmp & !tmp_1 & !tmp_2 & !tmp_3 & !tmp_4 & !tmp_5 & !tmp_6)> <Delay = 0.00>
ST_1 : Operation 23 [1/1] (0.00ns)   --->   "%tmp_8 = bitselect i1 @_ssdm_op_BitSelect.i1.i25.i32, i25 %raw_sum_mantissa_read, i32 16" [/home/joe/Desktop/Uni/Year_4/Dissertation/Program-Synthesis-for-Efficient-ML/results/cpp/solution_fp32addition_fp32_full_sum.cpp:62]   --->   Operation 23 'bitselect' 'tmp_8' <Predicate = (!icmp_ln49 & !tmp & !tmp_1 & !tmp_2 & !tmp_3 & !tmp_4 & !tmp_5 & !tmp_6 & !tmp_7)> <Delay = 0.00>
ST_1 : Operation 24 [1/1] (0.00ns)   --->   "%br_ln62 = br i1 %tmp_8, void %if.else71, void %if.then66" [/home/joe/Desktop/Uni/Year_4/Dissertation/Program-Synthesis-for-Efficient-ML/results/cpp/solution_fp32addition_fp32_full_sum.cpp:62]   --->   Operation 24 'br' 'br_ln62' <Predicate = (!icmp_ln49 & !tmp & !tmp_1 & !tmp_2 & !tmp_3 & !tmp_4 & !tmp_5 & !tmp_6 & !tmp_7)> <Delay = 0.00>
ST_1 : Operation 25 [1/1] (0.00ns)   --->   "%tmp_9 = bitselect i1 @_ssdm_op_BitSelect.i1.i25.i32, i25 %raw_sum_mantissa_read, i32 15" [/home/joe/Desktop/Uni/Year_4/Dissertation/Program-Synthesis-for-Efficient-ML/results/cpp/solution_fp32addition_fp32_full_sum.cpp:63]   --->   Operation 25 'bitselect' 'tmp_9' <Predicate = (!icmp_ln49 & !tmp & !tmp_1 & !tmp_2 & !tmp_3 & !tmp_4 & !tmp_5 & !tmp_6 & !tmp_7 & !tmp_8)> <Delay = 0.00>
ST_1 : Operation 26 [1/1] (0.00ns)   --->   "%br_ln63 = br i1 %tmp_9, void %if.else79, void %if.then74" [/home/joe/Desktop/Uni/Year_4/Dissertation/Program-Synthesis-for-Efficient-ML/results/cpp/solution_fp32addition_fp32_full_sum.cpp:63]   --->   Operation 26 'br' 'br_ln63' <Predicate = (!icmp_ln49 & !tmp & !tmp_1 & !tmp_2 & !tmp_3 & !tmp_4 & !tmp_5 & !tmp_6 & !tmp_7 & !tmp_8)> <Delay = 0.00>
ST_1 : Operation 27 [1/1] (0.00ns)   --->   "%tmp_10 = bitselect i1 @_ssdm_op_BitSelect.i1.i25.i32, i25 %raw_sum_mantissa_read, i32 14" [/home/joe/Desktop/Uni/Year_4/Dissertation/Program-Synthesis-for-Efficient-ML/results/cpp/solution_fp32addition_fp32_full_sum.cpp:64]   --->   Operation 27 'bitselect' 'tmp_10' <Predicate = (!icmp_ln49 & !tmp & !tmp_1 & !tmp_2 & !tmp_3 & !tmp_4 & !tmp_5 & !tmp_6 & !tmp_7 & !tmp_8 & !tmp_9)> <Delay = 0.00>
ST_1 : Operation 28 [1/1] (0.00ns)   --->   "%br_ln64 = br i1 %tmp_10, void %if.else87, void %if.then82" [/home/joe/Desktop/Uni/Year_4/Dissertation/Program-Synthesis-for-Efficient-ML/results/cpp/solution_fp32addition_fp32_full_sum.cpp:64]   --->   Operation 28 'br' 'br_ln64' <Predicate = (!icmp_ln49 & !tmp & !tmp_1 & !tmp_2 & !tmp_3 & !tmp_4 & !tmp_5 & !tmp_6 & !tmp_7 & !tmp_8 & !tmp_9)> <Delay = 0.00>
ST_1 : Operation 29 [1/1] (0.00ns)   --->   "%tmp_11 = bitselect i1 @_ssdm_op_BitSelect.i1.i25.i32, i25 %raw_sum_mantissa_read, i32 13" [/home/joe/Desktop/Uni/Year_4/Dissertation/Program-Synthesis-for-Efficient-ML/results/cpp/solution_fp32addition_fp32_full_sum.cpp:65]   --->   Operation 29 'bitselect' 'tmp_11' <Predicate = (!icmp_ln49 & !tmp & !tmp_1 & !tmp_2 & !tmp_3 & !tmp_4 & !tmp_5 & !tmp_6 & !tmp_7 & !tmp_8 & !tmp_9 & !tmp_10)> <Delay = 0.00>
ST_1 : Operation 30 [1/1] (0.00ns)   --->   "%br_ln65 = br i1 %tmp_11, void %if.else95, void %if.then90" [/home/joe/Desktop/Uni/Year_4/Dissertation/Program-Synthesis-for-Efficient-ML/results/cpp/solution_fp32addition_fp32_full_sum.cpp:65]   --->   Operation 30 'br' 'br_ln65' <Predicate = (!icmp_ln49 & !tmp & !tmp_1 & !tmp_2 & !tmp_3 & !tmp_4 & !tmp_5 & !tmp_6 & !tmp_7 & !tmp_8 & !tmp_9 & !tmp_10)> <Delay = 0.00>
ST_1 : Operation 31 [1/1] (0.00ns)   --->   "%tmp_12 = bitselect i1 @_ssdm_op_BitSelect.i1.i25.i32, i25 %raw_sum_mantissa_read, i32 12" [/home/joe/Desktop/Uni/Year_4/Dissertation/Program-Synthesis-for-Efficient-ML/results/cpp/solution_fp32addition_fp32_full_sum.cpp:66]   --->   Operation 31 'bitselect' 'tmp_12' <Predicate = (!icmp_ln49 & !tmp & !tmp_1 & !tmp_2 & !tmp_3 & !tmp_4 & !tmp_5 & !tmp_6 & !tmp_7 & !tmp_8 & !tmp_9 & !tmp_10 & !tmp_11)> <Delay = 0.00>
ST_1 : Operation 32 [1/1] (0.00ns)   --->   "%br_ln66 = br i1 %tmp_12, void %if.else103, void %if.then98" [/home/joe/Desktop/Uni/Year_4/Dissertation/Program-Synthesis-for-Efficient-ML/results/cpp/solution_fp32addition_fp32_full_sum.cpp:66]   --->   Operation 32 'br' 'br_ln66' <Predicate = (!icmp_ln49 & !tmp & !tmp_1 & !tmp_2 & !tmp_3 & !tmp_4 & !tmp_5 & !tmp_6 & !tmp_7 & !tmp_8 & !tmp_9 & !tmp_10 & !tmp_11)> <Delay = 0.00>
ST_1 : Operation 33 [1/1] (0.00ns)   --->   "%tmp_13 = bitselect i1 @_ssdm_op_BitSelect.i1.i25.i32, i25 %raw_sum_mantissa_read, i32 11" [/home/joe/Desktop/Uni/Year_4/Dissertation/Program-Synthesis-for-Efficient-ML/results/cpp/solution_fp32addition_fp32_full_sum.cpp:67]   --->   Operation 33 'bitselect' 'tmp_13' <Predicate = (!icmp_ln49 & !tmp & !tmp_1 & !tmp_2 & !tmp_3 & !tmp_4 & !tmp_5 & !tmp_6 & !tmp_7 & !tmp_8 & !tmp_9 & !tmp_10 & !tmp_11 & !tmp_12)> <Delay = 0.00>
ST_1 : Operation 34 [1/1] (0.00ns)   --->   "%br_ln67 = br i1 %tmp_13, void %if.else111, void %if.then106" [/home/joe/Desktop/Uni/Year_4/Dissertation/Program-Synthesis-for-Efficient-ML/results/cpp/solution_fp32addition_fp32_full_sum.cpp:67]   --->   Operation 34 'br' 'br_ln67' <Predicate = (!icmp_ln49 & !tmp & !tmp_1 & !tmp_2 & !tmp_3 & !tmp_4 & !tmp_5 & !tmp_6 & !tmp_7 & !tmp_8 & !tmp_9 & !tmp_10 & !tmp_11 & !tmp_12)> <Delay = 0.00>
ST_1 : Operation 35 [1/1] (0.00ns)   --->   "%tmp_14 = bitselect i1 @_ssdm_op_BitSelect.i1.i25.i32, i25 %raw_sum_mantissa_read, i32 10" [/home/joe/Desktop/Uni/Year_4/Dissertation/Program-Synthesis-for-Efficient-ML/results/cpp/solution_fp32addition_fp32_full_sum.cpp:68]   --->   Operation 35 'bitselect' 'tmp_14' <Predicate = (!icmp_ln49 & !tmp & !tmp_1 & !tmp_2 & !tmp_3 & !tmp_4 & !tmp_5 & !tmp_6 & !tmp_7 & !tmp_8 & !tmp_9 & !tmp_10 & !tmp_11 & !tmp_12 & !tmp_13)> <Delay = 0.00>
ST_1 : Operation 36 [1/1] (0.00ns)   --->   "%br_ln68 = br i1 %tmp_14, void %if.else119, void %if.then114" [/home/joe/Desktop/Uni/Year_4/Dissertation/Program-Synthesis-for-Efficient-ML/results/cpp/solution_fp32addition_fp32_full_sum.cpp:68]   --->   Operation 36 'br' 'br_ln68' <Predicate = (!icmp_ln49 & !tmp & !tmp_1 & !tmp_2 & !tmp_3 & !tmp_4 & !tmp_5 & !tmp_6 & !tmp_7 & !tmp_8 & !tmp_9 & !tmp_10 & !tmp_11 & !tmp_12 & !tmp_13)> <Delay = 0.00>
ST_1 : Operation 37 [1/1] (0.00ns)   --->   "%tmp_15 = bitselect i1 @_ssdm_op_BitSelect.i1.i25.i32, i25 %raw_sum_mantissa_read, i32 9" [/home/joe/Desktop/Uni/Year_4/Dissertation/Program-Synthesis-for-Efficient-ML/results/cpp/solution_fp32addition_fp32_full_sum.cpp:69]   --->   Operation 37 'bitselect' 'tmp_15' <Predicate = (!icmp_ln49 & !tmp & !tmp_1 & !tmp_2 & !tmp_3 & !tmp_4 & !tmp_5 & !tmp_6 & !tmp_7 & !tmp_8 & !tmp_9 & !tmp_10 & !tmp_11 & !tmp_12 & !tmp_13 & !tmp_14)> <Delay = 0.00>
ST_1 : Operation 38 [1/1] (0.00ns)   --->   "%br_ln69 = br i1 %tmp_15, void %if.else127, void %if.then122" [/home/joe/Desktop/Uni/Year_4/Dissertation/Program-Synthesis-for-Efficient-ML/results/cpp/solution_fp32addition_fp32_full_sum.cpp:69]   --->   Operation 38 'br' 'br_ln69' <Predicate = (!icmp_ln49 & !tmp & !tmp_1 & !tmp_2 & !tmp_3 & !tmp_4 & !tmp_5 & !tmp_6 & !tmp_7 & !tmp_8 & !tmp_9 & !tmp_10 & !tmp_11 & !tmp_12 & !tmp_13 & !tmp_14)> <Delay = 0.00>
ST_1 : Operation 39 [1/1] (0.00ns)   --->   "%tmp_16 = bitselect i1 @_ssdm_op_BitSelect.i1.i25.i32, i25 %raw_sum_mantissa_read, i32 8" [/home/joe/Desktop/Uni/Year_4/Dissertation/Program-Synthesis-for-Efficient-ML/results/cpp/solution_fp32addition_fp32_full_sum.cpp:70]   --->   Operation 39 'bitselect' 'tmp_16' <Predicate = (!icmp_ln49 & !tmp & !tmp_1 & !tmp_2 & !tmp_3 & !tmp_4 & !tmp_5 & !tmp_6 & !tmp_7 & !tmp_8 & !tmp_9 & !tmp_10 & !tmp_11 & !tmp_12 & !tmp_13 & !tmp_14 & !tmp_15)> <Delay = 0.00>
ST_1 : Operation 40 [1/1] (0.00ns)   --->   "%br_ln70 = br i1 %tmp_16, void %if.else135, void %if.then130" [/home/joe/Desktop/Uni/Year_4/Dissertation/Program-Synthesis-for-Efficient-ML/results/cpp/solution_fp32addition_fp32_full_sum.cpp:70]   --->   Operation 40 'br' 'br_ln70' <Predicate = (!icmp_ln49 & !tmp & !tmp_1 & !tmp_2 & !tmp_3 & !tmp_4 & !tmp_5 & !tmp_6 & !tmp_7 & !tmp_8 & !tmp_9 & !tmp_10 & !tmp_11 & !tmp_12 & !tmp_13 & !tmp_14 & !tmp_15)> <Delay = 0.00>
ST_1 : Operation 41 [1/1] (0.00ns)   --->   "%tmp_17 = bitselect i1 @_ssdm_op_BitSelect.i1.i25.i32, i25 %raw_sum_mantissa_read, i32 7" [/home/joe/Desktop/Uni/Year_4/Dissertation/Program-Synthesis-for-Efficient-ML/results/cpp/solution_fp32addition_fp32_full_sum.cpp:71]   --->   Operation 41 'bitselect' 'tmp_17' <Predicate = (!icmp_ln49 & !tmp & !tmp_1 & !tmp_2 & !tmp_3 & !tmp_4 & !tmp_5 & !tmp_6 & !tmp_7 & !tmp_8 & !tmp_9 & !tmp_10 & !tmp_11 & !tmp_12 & !tmp_13 & !tmp_14 & !tmp_15 & !tmp_16)> <Delay = 0.00>
ST_1 : Operation 42 [1/1] (0.00ns)   --->   "%br_ln71 = br i1 %tmp_17, void %if.else143, void %if.then138" [/home/joe/Desktop/Uni/Year_4/Dissertation/Program-Synthesis-for-Efficient-ML/results/cpp/solution_fp32addition_fp32_full_sum.cpp:71]   --->   Operation 42 'br' 'br_ln71' <Predicate = (!icmp_ln49 & !tmp & !tmp_1 & !tmp_2 & !tmp_3 & !tmp_4 & !tmp_5 & !tmp_6 & !tmp_7 & !tmp_8 & !tmp_9 & !tmp_10 & !tmp_11 & !tmp_12 & !tmp_13 & !tmp_14 & !tmp_15 & !tmp_16)> <Delay = 0.00>
ST_1 : Operation 43 [1/1] (0.00ns)   --->   "%tmp_18 = bitselect i1 @_ssdm_op_BitSelect.i1.i25.i32, i25 %raw_sum_mantissa_read, i32 6" [/home/joe/Desktop/Uni/Year_4/Dissertation/Program-Synthesis-for-Efficient-ML/results/cpp/solution_fp32addition_fp32_full_sum.cpp:72]   --->   Operation 43 'bitselect' 'tmp_18' <Predicate = (!icmp_ln49 & !tmp & !tmp_1 & !tmp_2 & !tmp_3 & !tmp_4 & !tmp_5 & !tmp_6 & !tmp_7 & !tmp_8 & !tmp_9 & !tmp_10 & !tmp_11 & !tmp_12 & !tmp_13 & !tmp_14 & !tmp_15 & !tmp_16 & !tmp_17)> <Delay = 0.00>
ST_1 : Operation 44 [1/1] (0.00ns)   --->   "%br_ln72 = br i1 %tmp_18, void %if.else151, void %if.then146" [/home/joe/Desktop/Uni/Year_4/Dissertation/Program-Synthesis-for-Efficient-ML/results/cpp/solution_fp32addition_fp32_full_sum.cpp:72]   --->   Operation 44 'br' 'br_ln72' <Predicate = (!icmp_ln49 & !tmp & !tmp_1 & !tmp_2 & !tmp_3 & !tmp_4 & !tmp_5 & !tmp_6 & !tmp_7 & !tmp_8 & !tmp_9 & !tmp_10 & !tmp_11 & !tmp_12 & !tmp_13 & !tmp_14 & !tmp_15 & !tmp_16 & !tmp_17)> <Delay = 0.00>
ST_1 : Operation 45 [1/1] (0.00ns)   --->   "%tmp_19 = bitselect i1 @_ssdm_op_BitSelect.i1.i25.i32, i25 %raw_sum_mantissa_read, i32 5" [/home/joe/Desktop/Uni/Year_4/Dissertation/Program-Synthesis-for-Efficient-ML/results/cpp/solution_fp32addition_fp32_full_sum.cpp:73]   --->   Operation 45 'bitselect' 'tmp_19' <Predicate = (!icmp_ln49 & !tmp & !tmp_1 & !tmp_2 & !tmp_3 & !tmp_4 & !tmp_5 & !tmp_6 & !tmp_7 & !tmp_8 & !tmp_9 & !tmp_10 & !tmp_11 & !tmp_12 & !tmp_13 & !tmp_14 & !tmp_15 & !tmp_16 & !tmp_17 & !tmp_18)> <Delay = 0.00>
ST_1 : Operation 46 [1/1] (0.00ns)   --->   "%br_ln73 = br i1 %tmp_19, void %if.else159, void %if.then154" [/home/joe/Desktop/Uni/Year_4/Dissertation/Program-Synthesis-for-Efficient-ML/results/cpp/solution_fp32addition_fp32_full_sum.cpp:73]   --->   Operation 46 'br' 'br_ln73' <Predicate = (!icmp_ln49 & !tmp & !tmp_1 & !tmp_2 & !tmp_3 & !tmp_4 & !tmp_5 & !tmp_6 & !tmp_7 & !tmp_8 & !tmp_9 & !tmp_10 & !tmp_11 & !tmp_12 & !tmp_13 & !tmp_14 & !tmp_15 & !tmp_16 & !tmp_17 & !tmp_18)> <Delay = 0.00>
ST_1 : Operation 47 [1/1] (0.00ns)   --->   "%tmp_20 = bitselect i1 @_ssdm_op_BitSelect.i1.i25.i32, i25 %raw_sum_mantissa_read, i32 4" [/home/joe/Desktop/Uni/Year_4/Dissertation/Program-Synthesis-for-Efficient-ML/results/cpp/solution_fp32addition_fp32_full_sum.cpp:74]   --->   Operation 47 'bitselect' 'tmp_20' <Predicate = (!icmp_ln49 & !tmp & !tmp_1 & !tmp_2 & !tmp_3 & !tmp_4 & !tmp_5 & !tmp_6 & !tmp_7 & !tmp_8 & !tmp_9 & !tmp_10 & !tmp_11 & !tmp_12 & !tmp_13 & !tmp_14 & !tmp_15 & !tmp_16 & !tmp_17 & !tmp_18 & !tmp_19)> <Delay = 0.00>
ST_1 : Operation 48 [1/1] (0.00ns)   --->   "%br_ln74 = br i1 %tmp_20, void %if.else167, void %if.then162" [/home/joe/Desktop/Uni/Year_4/Dissertation/Program-Synthesis-for-Efficient-ML/results/cpp/solution_fp32addition_fp32_full_sum.cpp:74]   --->   Operation 48 'br' 'br_ln74' <Predicate = (!icmp_ln49 & !tmp & !tmp_1 & !tmp_2 & !tmp_3 & !tmp_4 & !tmp_5 & !tmp_6 & !tmp_7 & !tmp_8 & !tmp_9 & !tmp_10 & !tmp_11 & !tmp_12 & !tmp_13 & !tmp_14 & !tmp_15 & !tmp_16 & !tmp_17 & !tmp_18 & !tmp_19)> <Delay = 0.00>
ST_1 : Operation 49 [1/1] (0.00ns)   --->   "%tmp_21 = bitselect i1 @_ssdm_op_BitSelect.i1.i25.i32, i25 %raw_sum_mantissa_read, i32 3" [/home/joe/Desktop/Uni/Year_4/Dissertation/Program-Synthesis-for-Efficient-ML/results/cpp/solution_fp32addition_fp32_full_sum.cpp:75]   --->   Operation 49 'bitselect' 'tmp_21' <Predicate = (!icmp_ln49 & !tmp & !tmp_1 & !tmp_2 & !tmp_3 & !tmp_4 & !tmp_5 & !tmp_6 & !tmp_7 & !tmp_8 & !tmp_9 & !tmp_10 & !tmp_11 & !tmp_12 & !tmp_13 & !tmp_14 & !tmp_15 & !tmp_16 & !tmp_17 & !tmp_18 & !tmp_19 & !tmp_20)> <Delay = 0.00>
ST_1 : Operation 50 [1/1] (0.00ns)   --->   "%br_ln75 = br i1 %tmp_21, void %if.else175, void %if.then170" [/home/joe/Desktop/Uni/Year_4/Dissertation/Program-Synthesis-for-Efficient-ML/results/cpp/solution_fp32addition_fp32_full_sum.cpp:75]   --->   Operation 50 'br' 'br_ln75' <Predicate = (!icmp_ln49 & !tmp & !tmp_1 & !tmp_2 & !tmp_3 & !tmp_4 & !tmp_5 & !tmp_6 & !tmp_7 & !tmp_8 & !tmp_9 & !tmp_10 & !tmp_11 & !tmp_12 & !tmp_13 & !tmp_14 & !tmp_15 & !tmp_16 & !tmp_17 & !tmp_18 & !tmp_19 & !tmp_20)> <Delay = 0.00>
ST_1 : Operation 51 [1/1] (0.00ns)   --->   "%tmp_22 = bitselect i1 @_ssdm_op_BitSelect.i1.i25.i32, i25 %raw_sum_mantissa_read, i32 2" [/home/joe/Desktop/Uni/Year_4/Dissertation/Program-Synthesis-for-Efficient-ML/results/cpp/solution_fp32addition_fp32_full_sum.cpp:76]   --->   Operation 51 'bitselect' 'tmp_22' <Predicate = (!icmp_ln49 & !tmp & !tmp_1 & !tmp_2 & !tmp_3 & !tmp_4 & !tmp_5 & !tmp_6 & !tmp_7 & !tmp_8 & !tmp_9 & !tmp_10 & !tmp_11 & !tmp_12 & !tmp_13 & !tmp_14 & !tmp_15 & !tmp_16 & !tmp_17 & !tmp_18 & !tmp_19 & !tmp_20 & !tmp_21)> <Delay = 0.00>
ST_1 : Operation 52 [1/1] (0.00ns)   --->   "%br_ln76 = br i1 %tmp_22, void %if.else183, void %if.then178" [/home/joe/Desktop/Uni/Year_4/Dissertation/Program-Synthesis-for-Efficient-ML/results/cpp/solution_fp32addition_fp32_full_sum.cpp:76]   --->   Operation 52 'br' 'br_ln76' <Predicate = (!icmp_ln49 & !tmp & !tmp_1 & !tmp_2 & !tmp_3 & !tmp_4 & !tmp_5 & !tmp_6 & !tmp_7 & !tmp_8 & !tmp_9 & !tmp_10 & !tmp_11 & !tmp_12 & !tmp_13 & !tmp_14 & !tmp_15 & !tmp_16 & !tmp_17 & !tmp_18 & !tmp_19 & !tmp_20 & !tmp_21)> <Delay = 0.00>
ST_1 : Operation 53 [1/1] (0.00ns)   --->   "%tmp_23 = bitselect i1 @_ssdm_op_BitSelect.i1.i25.i32, i25 %raw_sum_mantissa_read, i32 1" [/home/joe/Desktop/Uni/Year_4/Dissertation/Program-Synthesis-for-Efficient-ML/results/cpp/solution_fp32addition_fp32_full_sum.cpp:77]   --->   Operation 53 'bitselect' 'tmp_23' <Predicate = (!icmp_ln49 & !tmp & !tmp_1 & !tmp_2 & !tmp_3 & !tmp_4 & !tmp_5 & !tmp_6 & !tmp_7 & !tmp_8 & !tmp_9 & !tmp_10 & !tmp_11 & !tmp_12 & !tmp_13 & !tmp_14 & !tmp_15 & !tmp_16 & !tmp_17 & !tmp_18 & !tmp_19 & !tmp_20 & !tmp_21 & !tmp_22)> <Delay = 0.00>
ST_1 : Operation 54 [1/1] (0.00ns)   --->   "%br_ln77 = br i1 %tmp_23, void %if.else191, void %if.then186" [/home/joe/Desktop/Uni/Year_4/Dissertation/Program-Synthesis-for-Efficient-ML/results/cpp/solution_fp32addition_fp32_full_sum.cpp:77]   --->   Operation 54 'br' 'br_ln77' <Predicate = (!icmp_ln49 & !tmp & !tmp_1 & !tmp_2 & !tmp_3 & !tmp_4 & !tmp_5 & !tmp_6 & !tmp_7 & !tmp_8 & !tmp_9 & !tmp_10 & !tmp_11 & !tmp_12 & !tmp_13 & !tmp_14 & !tmp_15 & !tmp_16 & !tmp_17 & !tmp_18 & !tmp_19 & !tmp_20 & !tmp_21 & !tmp_22)> <Delay = 0.00>
ST_1 : Operation 55 [1/1] (1.91ns)   --->   "%exp_24 = add i8 %target_exponent_read, i8 233" [/home/joe/Desktop/Uni/Year_4/Dissertation/Program-Synthesis-for-Efficient-ML/results/cpp/solution_fp32addition_fp32_full_sum.cpp:78]   --->   Operation 55 'add' 'exp_24' <Predicate = (!icmp_ln49 & !tmp & !tmp_1 & !tmp_2 & !tmp_3 & !tmp_4 & !tmp_5 & !tmp_6 & !tmp_7 & !tmp_8 & !tmp_9 & !tmp_10 & !tmp_11 & !tmp_12 & !tmp_13 & !tmp_14 & !tmp_15 & !tmp_16 & !tmp_17 & !tmp_18 & !tmp_19 & !tmp_20 & !tmp_21 & !tmp_22 & !tmp_23)> <Delay = 1.91> <CoreInst = "Adder">   --->   Core 1 'Adder' <Latency = 0> <II = 1> <Delay = 1.91> <FuncUnit> <Opcode : 'add' 'sub'> <InPorts = 2> <OutPorts = 1>
ST_1 : Operation 56 [1/1] (3.20ns)   --->   "%br_ln0 = br void %if.end219"   --->   Operation 56 'br' 'br_ln0' <Predicate = (!icmp_ln49 & !tmp & !tmp_1 & !tmp_2 & !tmp_3 & !tmp_4 & !tmp_5 & !tmp_6 & !tmp_7 & !tmp_8 & !tmp_9 & !tmp_10 & !tmp_11 & !tmp_12 & !tmp_13 & !tmp_14 & !tmp_15 & !tmp_16 & !tmp_17 & !tmp_18 & !tmp_19 & !tmp_20 & !tmp_21 & !tmp_22 & !tmp_23)> <Delay = 3.20>
ST_1 : Operation 57 [1/1] (0.00ns)   --->   "%trunc_ln77 = trunc i25 %raw_sum_mantissa_read" [/home/joe/Desktop/Uni/Year_4/Dissertation/Program-Synthesis-for-Efficient-ML/results/cpp/solution_fp32addition_fp32_full_sum.cpp:77]   --->   Operation 57 'trunc' 'trunc_ln77' <Predicate = (!icmp_ln49 & !tmp & !tmp_1 & !tmp_2 & !tmp_3 & !tmp_4 & !tmp_5 & !tmp_6 & !tmp_7 & !tmp_8 & !tmp_9 & !tmp_10 & !tmp_11 & !tmp_12 & !tmp_13 & !tmp_14 & !tmp_15 & !tmp_16 & !tmp_17 & !tmp_18 & !tmp_19 & !tmp_20 & !tmp_21 & !tmp_22 & tmp_23)> <Delay = 0.00>
ST_1 : Operation 58 [1/1] (0.00ns)   --->   "%norm24_21 = bitconcatenate i23 @_ssdm_op_BitConcatenate.i23.i1.i22, i1 %trunc_ln77, i22 0" [/home/joe/Desktop/Uni/Year_4/Dissertation/Program-Synthesis-for-Efficient-ML/results/cpp/solution_fp32addition_fp32_full_sum.cpp:77]   --->   Operation 58 'bitconcatenate' 'norm24_21' <Predicate = (!icmp_ln49 & !tmp & !tmp_1 & !tmp_2 & !tmp_3 & !tmp_4 & !tmp_5 & !tmp_6 & !tmp_7 & !tmp_8 & !tmp_9 & !tmp_10 & !tmp_11 & !tmp_12 & !tmp_13 & !tmp_14 & !tmp_15 & !tmp_16 & !tmp_17 & !tmp_18 & !tmp_19 & !tmp_20 & !tmp_21 & !tmp_22 & tmp_23)> <Delay = 0.00>
ST_1 : Operation 59 [1/1] (1.91ns)   --->   "%exp_22 = add i8 %target_exponent_read, i8 234" [/home/joe/Desktop/Uni/Year_4/Dissertation/Program-Synthesis-for-Efficient-ML/results/cpp/solution_fp32addition_fp32_full_sum.cpp:77]   --->   Operation 59 'add' 'exp_22' <Predicate = (!icmp_ln49 & !tmp & !tmp_1 & !tmp_2 & !tmp_3 & !tmp_4 & !tmp_5 & !tmp_6 & !tmp_7 & !tmp_8 & !tmp_9 & !tmp_10 & !tmp_11 & !tmp_12 & !tmp_13 & !tmp_14 & !tmp_15 & !tmp_16 & !tmp_17 & !tmp_18 & !tmp_19 & !tmp_20 & !tmp_21 & !tmp_22 & tmp_23)> <Delay = 1.91> <CoreInst = "Adder">   --->   Core 1 'Adder' <Latency = 0> <II = 1> <Delay = 1.91> <FuncUnit> <Opcode : 'add' 'sub'> <InPorts = 2> <OutPorts = 1>
ST_1 : Operation 60 [1/1] (3.20ns)   --->   "%br_ln77 = br void %if.end219" [/home/joe/Desktop/Uni/Year_4/Dissertation/Program-Synthesis-for-Efficient-ML/results/cpp/solution_fp32addition_fp32_full_sum.cpp:77]   --->   Operation 60 'br' 'br_ln77' <Predicate = (!icmp_ln49 & !tmp & !tmp_1 & !tmp_2 & !tmp_3 & !tmp_4 & !tmp_5 & !tmp_6 & !tmp_7 & !tmp_8 & !tmp_9 & !tmp_10 & !tmp_11 & !tmp_12 & !tmp_13 & !tmp_14 & !tmp_15 & !tmp_16 & !tmp_17 & !tmp_18 & !tmp_19 & !tmp_20 & !tmp_21 & !tmp_22 & tmp_23)> <Delay = 3.20>
ST_1 : Operation 61 [1/1] (0.00ns)   --->   "%trunc_ln76 = trunc i25 %raw_sum_mantissa_read" [/home/joe/Desktop/Uni/Year_4/Dissertation/Program-Synthesis-for-Efficient-ML/results/cpp/solution_fp32addition_fp32_full_sum.cpp:76]   --->   Operation 61 'trunc' 'trunc_ln76' <Predicate = (!icmp_ln49 & !tmp & !tmp_1 & !tmp_2 & !tmp_3 & !tmp_4 & !tmp_5 & !tmp_6 & !tmp_7 & !tmp_8 & !tmp_9 & !tmp_10 & !tmp_11 & !tmp_12 & !tmp_13 & !tmp_14 & !tmp_15 & !tmp_16 & !tmp_17 & !tmp_18 & !tmp_19 & !tmp_20 & !tmp_21 & tmp_22)> <Delay = 0.00>
ST_1 : Operation 62 [1/1] (0.00ns)   --->   "%norm24_20 = bitconcatenate i23 @_ssdm_op_BitConcatenate.i23.i2.i21, i2 %trunc_ln76, i21 0" [/home/joe/Desktop/Uni/Year_4/Dissertation/Program-Synthesis-for-Efficient-ML/results/cpp/solution_fp32addition_fp32_full_sum.cpp:76]   --->   Operation 62 'bitconcatenate' 'norm24_20' <Predicate = (!icmp_ln49 & !tmp & !tmp_1 & !tmp_2 & !tmp_3 & !tmp_4 & !tmp_5 & !tmp_6 & !tmp_7 & !tmp_8 & !tmp_9 & !tmp_10 & !tmp_11 & !tmp_12 & !tmp_13 & !tmp_14 & !tmp_15 & !tmp_16 & !tmp_17 & !tmp_18 & !tmp_19 & !tmp_20 & !tmp_21 & tmp_22)> <Delay = 0.00>
ST_1 : Operation 63 [1/1] (1.91ns)   --->   "%exp_21 = add i8 %target_exponent_read, i8 235" [/home/joe/Desktop/Uni/Year_4/Dissertation/Program-Synthesis-for-Efficient-ML/results/cpp/solution_fp32addition_fp32_full_sum.cpp:76]   --->   Operation 63 'add' 'exp_21' <Predicate = (!icmp_ln49 & !tmp & !tmp_1 & !tmp_2 & !tmp_3 & !tmp_4 & !tmp_5 & !tmp_6 & !tmp_7 & !tmp_8 & !tmp_9 & !tmp_10 & !tmp_11 & !tmp_12 & !tmp_13 & !tmp_14 & !tmp_15 & !tmp_16 & !tmp_17 & !tmp_18 & !tmp_19 & !tmp_20 & !tmp_21 & tmp_22)> <Delay = 1.91> <CoreInst = "Adder">   --->   Core 1 'Adder' <Latency = 0> <II = 1> <Delay = 1.91> <FuncUnit> <Opcode : 'add' 'sub'> <InPorts = 2> <OutPorts = 1>
ST_1 : Operation 64 [1/1] (3.20ns)   --->   "%br_ln76 = br void %if.end219" [/home/joe/Desktop/Uni/Year_4/Dissertation/Program-Synthesis-for-Efficient-ML/results/cpp/solution_fp32addition_fp32_full_sum.cpp:76]   --->   Operation 64 'br' 'br_ln76' <Predicate = (!icmp_ln49 & !tmp & !tmp_1 & !tmp_2 & !tmp_3 & !tmp_4 & !tmp_5 & !tmp_6 & !tmp_7 & !tmp_8 & !tmp_9 & !tmp_10 & !tmp_11 & !tmp_12 & !tmp_13 & !tmp_14 & !tmp_15 & !tmp_16 & !tmp_17 & !tmp_18 & !tmp_19 & !tmp_20 & !tmp_21 & tmp_22)> <Delay = 3.20>
ST_1 : Operation 65 [1/1] (0.00ns)   --->   "%trunc_ln75 = trunc i25 %raw_sum_mantissa_read" [/home/joe/Desktop/Uni/Year_4/Dissertation/Program-Synthesis-for-Efficient-ML/results/cpp/solution_fp32addition_fp32_full_sum.cpp:75]   --->   Operation 65 'trunc' 'trunc_ln75' <Predicate = (!icmp_ln49 & !tmp & !tmp_1 & !tmp_2 & !tmp_3 & !tmp_4 & !tmp_5 & !tmp_6 & !tmp_7 & !tmp_8 & !tmp_9 & !tmp_10 & !tmp_11 & !tmp_12 & !tmp_13 & !tmp_14 & !tmp_15 & !tmp_16 & !tmp_17 & !tmp_18 & !tmp_19 & !tmp_20 & tmp_21)> <Delay = 0.00>
ST_1 : Operation 66 [1/1] (0.00ns)   --->   "%norm24_19 = bitconcatenate i23 @_ssdm_op_BitConcatenate.i23.i3.i20, i3 %trunc_ln75, i20 0" [/home/joe/Desktop/Uni/Year_4/Dissertation/Program-Synthesis-for-Efficient-ML/results/cpp/solution_fp32addition_fp32_full_sum.cpp:75]   --->   Operation 66 'bitconcatenate' 'norm24_19' <Predicate = (!icmp_ln49 & !tmp & !tmp_1 & !tmp_2 & !tmp_3 & !tmp_4 & !tmp_5 & !tmp_6 & !tmp_7 & !tmp_8 & !tmp_9 & !tmp_10 & !tmp_11 & !tmp_12 & !tmp_13 & !tmp_14 & !tmp_15 & !tmp_16 & !tmp_17 & !tmp_18 & !tmp_19 & !tmp_20 & tmp_21)> <Delay = 0.00>
ST_1 : Operation 67 [1/1] (1.91ns)   --->   "%exp_20 = add i8 %target_exponent_read, i8 236" [/home/joe/Desktop/Uni/Year_4/Dissertation/Program-Synthesis-for-Efficient-ML/results/cpp/solution_fp32addition_fp32_full_sum.cpp:75]   --->   Operation 67 'add' 'exp_20' <Predicate = (!icmp_ln49 & !tmp & !tmp_1 & !tmp_2 & !tmp_3 & !tmp_4 & !tmp_5 & !tmp_6 & !tmp_7 & !tmp_8 & !tmp_9 & !tmp_10 & !tmp_11 & !tmp_12 & !tmp_13 & !tmp_14 & !tmp_15 & !tmp_16 & !tmp_17 & !tmp_18 & !tmp_19 & !tmp_20 & tmp_21)> <Delay = 1.91> <CoreInst = "Adder">   --->   Core 1 'Adder' <Latency = 0> <II = 1> <Delay = 1.91> <FuncUnit> <Opcode : 'add' 'sub'> <InPorts = 2> <OutPorts = 1>
ST_1 : Operation 68 [1/1] (3.20ns)   --->   "%br_ln75 = br void %if.end219" [/home/joe/Desktop/Uni/Year_4/Dissertation/Program-Synthesis-for-Efficient-ML/results/cpp/solution_fp32addition_fp32_full_sum.cpp:75]   --->   Operation 68 'br' 'br_ln75' <Predicate = (!icmp_ln49 & !tmp & !tmp_1 & !tmp_2 & !tmp_3 & !tmp_4 & !tmp_5 & !tmp_6 & !tmp_7 & !tmp_8 & !tmp_9 & !tmp_10 & !tmp_11 & !tmp_12 & !tmp_13 & !tmp_14 & !tmp_15 & !tmp_16 & !tmp_17 & !tmp_18 & !tmp_19 & !tmp_20 & tmp_21)> <Delay = 3.20>
ST_1 : Operation 69 [1/1] (0.00ns)   --->   "%trunc_ln74 = trunc i25 %raw_sum_mantissa_read" [/home/joe/Desktop/Uni/Year_4/Dissertation/Program-Synthesis-for-Efficient-ML/results/cpp/solution_fp32addition_fp32_full_sum.cpp:74]   --->   Operation 69 'trunc' 'trunc_ln74' <Predicate = (!icmp_ln49 & !tmp & !tmp_1 & !tmp_2 & !tmp_3 & !tmp_4 & !tmp_5 & !tmp_6 & !tmp_7 & !tmp_8 & !tmp_9 & !tmp_10 & !tmp_11 & !tmp_12 & !tmp_13 & !tmp_14 & !tmp_15 & !tmp_16 & !tmp_17 & !tmp_18 & !tmp_19 & tmp_20)> <Delay = 0.00>
ST_1 : Operation 70 [1/1] (0.00ns)   --->   "%norm24_18 = bitconcatenate i23 @_ssdm_op_BitConcatenate.i23.i4.i19, i4 %trunc_ln74, i19 0" [/home/joe/Desktop/Uni/Year_4/Dissertation/Program-Synthesis-for-Efficient-ML/results/cpp/solution_fp32addition_fp32_full_sum.cpp:74]   --->   Operation 70 'bitconcatenate' 'norm24_18' <Predicate = (!icmp_ln49 & !tmp & !tmp_1 & !tmp_2 & !tmp_3 & !tmp_4 & !tmp_5 & !tmp_6 & !tmp_7 & !tmp_8 & !tmp_9 & !tmp_10 & !tmp_11 & !tmp_12 & !tmp_13 & !tmp_14 & !tmp_15 & !tmp_16 & !tmp_17 & !tmp_18 & !tmp_19 & tmp_20)> <Delay = 0.00>
ST_1 : Operation 71 [1/1] (1.91ns)   --->   "%exp_19 = add i8 %target_exponent_read, i8 237" [/home/joe/Desktop/Uni/Year_4/Dissertation/Program-Synthesis-for-Efficient-ML/results/cpp/solution_fp32addition_fp32_full_sum.cpp:74]   --->   Operation 71 'add' 'exp_19' <Predicate = (!icmp_ln49 & !tmp & !tmp_1 & !tmp_2 & !tmp_3 & !tmp_4 & !tmp_5 & !tmp_6 & !tmp_7 & !tmp_8 & !tmp_9 & !tmp_10 & !tmp_11 & !tmp_12 & !tmp_13 & !tmp_14 & !tmp_15 & !tmp_16 & !tmp_17 & !tmp_18 & !tmp_19 & tmp_20)> <Delay = 1.91> <CoreInst = "Adder">   --->   Core 1 'Adder' <Latency = 0> <II = 1> <Delay = 1.91> <FuncUnit> <Opcode : 'add' 'sub'> <InPorts = 2> <OutPorts = 1>
ST_1 : Operation 72 [1/1] (3.20ns)   --->   "%br_ln74 = br void %if.end219" [/home/joe/Desktop/Uni/Year_4/Dissertation/Program-Synthesis-for-Efficient-ML/results/cpp/solution_fp32addition_fp32_full_sum.cpp:74]   --->   Operation 72 'br' 'br_ln74' <Predicate = (!icmp_ln49 & !tmp & !tmp_1 & !tmp_2 & !tmp_3 & !tmp_4 & !tmp_5 & !tmp_6 & !tmp_7 & !tmp_8 & !tmp_9 & !tmp_10 & !tmp_11 & !tmp_12 & !tmp_13 & !tmp_14 & !tmp_15 & !tmp_16 & !tmp_17 & !tmp_18 & !tmp_19 & tmp_20)> <Delay = 3.20>
ST_1 : Operation 73 [1/1] (0.00ns)   --->   "%trunc_ln73 = trunc i25 %raw_sum_mantissa_read" [/home/joe/Desktop/Uni/Year_4/Dissertation/Program-Synthesis-for-Efficient-ML/results/cpp/solution_fp32addition_fp32_full_sum.cpp:73]   --->   Operation 73 'trunc' 'trunc_ln73' <Predicate = (!icmp_ln49 & !tmp & !tmp_1 & !tmp_2 & !tmp_3 & !tmp_4 & !tmp_5 & !tmp_6 & !tmp_7 & !tmp_8 & !tmp_9 & !tmp_10 & !tmp_11 & !tmp_12 & !tmp_13 & !tmp_14 & !tmp_15 & !tmp_16 & !tmp_17 & !tmp_18 & tmp_19)> <Delay = 0.00>
ST_1 : Operation 74 [1/1] (0.00ns)   --->   "%norm24_17 = bitconcatenate i23 @_ssdm_op_BitConcatenate.i23.i5.i18, i5 %trunc_ln73, i18 0" [/home/joe/Desktop/Uni/Year_4/Dissertation/Program-Synthesis-for-Efficient-ML/results/cpp/solution_fp32addition_fp32_full_sum.cpp:73]   --->   Operation 74 'bitconcatenate' 'norm24_17' <Predicate = (!icmp_ln49 & !tmp & !tmp_1 & !tmp_2 & !tmp_3 & !tmp_4 & !tmp_5 & !tmp_6 & !tmp_7 & !tmp_8 & !tmp_9 & !tmp_10 & !tmp_11 & !tmp_12 & !tmp_13 & !tmp_14 & !tmp_15 & !tmp_16 & !tmp_17 & !tmp_18 & tmp_19)> <Delay = 0.00>
ST_1 : Operation 75 [1/1] (1.91ns)   --->   "%exp_18 = add i8 %target_exponent_read, i8 238" [/home/joe/Desktop/Uni/Year_4/Dissertation/Program-Synthesis-for-Efficient-ML/results/cpp/solution_fp32addition_fp32_full_sum.cpp:73]   --->   Operation 75 'add' 'exp_18' <Predicate = (!icmp_ln49 & !tmp & !tmp_1 & !tmp_2 & !tmp_3 & !tmp_4 & !tmp_5 & !tmp_6 & !tmp_7 & !tmp_8 & !tmp_9 & !tmp_10 & !tmp_11 & !tmp_12 & !tmp_13 & !tmp_14 & !tmp_15 & !tmp_16 & !tmp_17 & !tmp_18 & tmp_19)> <Delay = 1.91> <CoreInst = "Adder">   --->   Core 1 'Adder' <Latency = 0> <II = 1> <Delay = 1.91> <FuncUnit> <Opcode : 'add' 'sub'> <InPorts = 2> <OutPorts = 1>
ST_1 : Operation 76 [1/1] (3.20ns)   --->   "%br_ln73 = br void %if.end219" [/home/joe/Desktop/Uni/Year_4/Dissertation/Program-Synthesis-for-Efficient-ML/results/cpp/solution_fp32addition_fp32_full_sum.cpp:73]   --->   Operation 76 'br' 'br_ln73' <Predicate = (!icmp_ln49 & !tmp & !tmp_1 & !tmp_2 & !tmp_3 & !tmp_4 & !tmp_5 & !tmp_6 & !tmp_7 & !tmp_8 & !tmp_9 & !tmp_10 & !tmp_11 & !tmp_12 & !tmp_13 & !tmp_14 & !tmp_15 & !tmp_16 & !tmp_17 & !tmp_18 & tmp_19)> <Delay = 3.20>
ST_1 : Operation 77 [1/1] (0.00ns)   --->   "%trunc_ln72 = trunc i25 %raw_sum_mantissa_read" [/home/joe/Desktop/Uni/Year_4/Dissertation/Program-Synthesis-for-Efficient-ML/results/cpp/solution_fp32addition_fp32_full_sum.cpp:72]   --->   Operation 77 'trunc' 'trunc_ln72' <Predicate = (!icmp_ln49 & !tmp & !tmp_1 & !tmp_2 & !tmp_3 & !tmp_4 & !tmp_5 & !tmp_6 & !tmp_7 & !tmp_8 & !tmp_9 & !tmp_10 & !tmp_11 & !tmp_12 & !tmp_13 & !tmp_14 & !tmp_15 & !tmp_16 & !tmp_17 & tmp_18)> <Delay = 0.00>
ST_1 : Operation 78 [1/1] (0.00ns)   --->   "%norm24_16 = bitconcatenate i23 @_ssdm_op_BitConcatenate.i23.i6.i17, i6 %trunc_ln72, i17 0" [/home/joe/Desktop/Uni/Year_4/Dissertation/Program-Synthesis-for-Efficient-ML/results/cpp/solution_fp32addition_fp32_full_sum.cpp:72]   --->   Operation 78 'bitconcatenate' 'norm24_16' <Predicate = (!icmp_ln49 & !tmp & !tmp_1 & !tmp_2 & !tmp_3 & !tmp_4 & !tmp_5 & !tmp_6 & !tmp_7 & !tmp_8 & !tmp_9 & !tmp_10 & !tmp_11 & !tmp_12 & !tmp_13 & !tmp_14 & !tmp_15 & !tmp_16 & !tmp_17 & tmp_18)> <Delay = 0.00>
ST_1 : Operation 79 [1/1] (1.91ns)   --->   "%exp_17 = add i8 %target_exponent_read, i8 239" [/home/joe/Desktop/Uni/Year_4/Dissertation/Program-Synthesis-for-Efficient-ML/results/cpp/solution_fp32addition_fp32_full_sum.cpp:72]   --->   Operation 79 'add' 'exp_17' <Predicate = (!icmp_ln49 & !tmp & !tmp_1 & !tmp_2 & !tmp_3 & !tmp_4 & !tmp_5 & !tmp_6 & !tmp_7 & !tmp_8 & !tmp_9 & !tmp_10 & !tmp_11 & !tmp_12 & !tmp_13 & !tmp_14 & !tmp_15 & !tmp_16 & !tmp_17 & tmp_18)> <Delay = 1.91> <CoreInst = "Adder">   --->   Core 1 'Adder' <Latency = 0> <II = 1> <Delay = 1.91> <FuncUnit> <Opcode : 'add' 'sub'> <InPorts = 2> <OutPorts = 1>
ST_1 : Operation 80 [1/1] (3.20ns)   --->   "%br_ln72 = br void %if.end219" [/home/joe/Desktop/Uni/Year_4/Dissertation/Program-Synthesis-for-Efficient-ML/results/cpp/solution_fp32addition_fp32_full_sum.cpp:72]   --->   Operation 80 'br' 'br_ln72' <Predicate = (!icmp_ln49 & !tmp & !tmp_1 & !tmp_2 & !tmp_3 & !tmp_4 & !tmp_5 & !tmp_6 & !tmp_7 & !tmp_8 & !tmp_9 & !tmp_10 & !tmp_11 & !tmp_12 & !tmp_13 & !tmp_14 & !tmp_15 & !tmp_16 & !tmp_17 & tmp_18)> <Delay = 3.20>
ST_1 : Operation 81 [1/1] (0.00ns)   --->   "%trunc_ln71 = trunc i25 %raw_sum_mantissa_read" [/home/joe/Desktop/Uni/Year_4/Dissertation/Program-Synthesis-for-Efficient-ML/results/cpp/solution_fp32addition_fp32_full_sum.cpp:71]   --->   Operation 81 'trunc' 'trunc_ln71' <Predicate = (!icmp_ln49 & !tmp & !tmp_1 & !tmp_2 & !tmp_3 & !tmp_4 & !tmp_5 & !tmp_6 & !tmp_7 & !tmp_8 & !tmp_9 & !tmp_10 & !tmp_11 & !tmp_12 & !tmp_13 & !tmp_14 & !tmp_15 & !tmp_16 & tmp_17)> <Delay = 0.00>
ST_1 : Operation 82 [1/1] (0.00ns)   --->   "%norm24_15 = bitconcatenate i23 @_ssdm_op_BitConcatenate.i23.i7.i16, i7 %trunc_ln71, i16 0" [/home/joe/Desktop/Uni/Year_4/Dissertation/Program-Synthesis-for-Efficient-ML/results/cpp/solution_fp32addition_fp32_full_sum.cpp:71]   --->   Operation 82 'bitconcatenate' 'norm24_15' <Predicate = (!icmp_ln49 & !tmp & !tmp_1 & !tmp_2 & !tmp_3 & !tmp_4 & !tmp_5 & !tmp_6 & !tmp_7 & !tmp_8 & !tmp_9 & !tmp_10 & !tmp_11 & !tmp_12 & !tmp_13 & !tmp_14 & !tmp_15 & !tmp_16 & tmp_17)> <Delay = 0.00>
ST_1 : Operation 83 [1/1] (1.91ns)   --->   "%exp_16 = add i8 %target_exponent_read, i8 240" [/home/joe/Desktop/Uni/Year_4/Dissertation/Program-Synthesis-for-Efficient-ML/results/cpp/solution_fp32addition_fp32_full_sum.cpp:71]   --->   Operation 83 'add' 'exp_16' <Predicate = (!icmp_ln49 & !tmp & !tmp_1 & !tmp_2 & !tmp_3 & !tmp_4 & !tmp_5 & !tmp_6 & !tmp_7 & !tmp_8 & !tmp_9 & !tmp_10 & !tmp_11 & !tmp_12 & !tmp_13 & !tmp_14 & !tmp_15 & !tmp_16 & tmp_17)> <Delay = 1.91> <CoreInst = "Adder">   --->   Core 1 'Adder' <Latency = 0> <II = 1> <Delay = 1.91> <FuncUnit> <Opcode : 'add' 'sub'> <InPorts = 2> <OutPorts = 1>
ST_1 : Operation 84 [1/1] (3.20ns)   --->   "%br_ln71 = br void %if.end219" [/home/joe/Desktop/Uni/Year_4/Dissertation/Program-Synthesis-for-Efficient-ML/results/cpp/solution_fp32addition_fp32_full_sum.cpp:71]   --->   Operation 84 'br' 'br_ln71' <Predicate = (!icmp_ln49 & !tmp & !tmp_1 & !tmp_2 & !tmp_3 & !tmp_4 & !tmp_5 & !tmp_6 & !tmp_7 & !tmp_8 & !tmp_9 & !tmp_10 & !tmp_11 & !tmp_12 & !tmp_13 & !tmp_14 & !tmp_15 & !tmp_16 & tmp_17)> <Delay = 3.20>
ST_1 : Operation 85 [1/1] (0.00ns)   --->   "%trunc_ln70 = trunc i25 %raw_sum_mantissa_read" [/home/joe/Desktop/Uni/Year_4/Dissertation/Program-Synthesis-for-Efficient-ML/results/cpp/solution_fp32addition_fp32_full_sum.cpp:70]   --->   Operation 85 'trunc' 'trunc_ln70' <Predicate = (!icmp_ln49 & !tmp & !tmp_1 & !tmp_2 & !tmp_3 & !tmp_4 & !tmp_5 & !tmp_6 & !tmp_7 & !tmp_8 & !tmp_9 & !tmp_10 & !tmp_11 & !tmp_12 & !tmp_13 & !tmp_14 & !tmp_15 & tmp_16)> <Delay = 0.00>
ST_1 : Operation 86 [1/1] (0.00ns)   --->   "%norm24_14 = bitconcatenate i23 @_ssdm_op_BitConcatenate.i23.i8.i15, i8 %trunc_ln70, i15 0" [/home/joe/Desktop/Uni/Year_4/Dissertation/Program-Synthesis-for-Efficient-ML/results/cpp/solution_fp32addition_fp32_full_sum.cpp:70]   --->   Operation 86 'bitconcatenate' 'norm24_14' <Predicate = (!icmp_ln49 & !tmp & !tmp_1 & !tmp_2 & !tmp_3 & !tmp_4 & !tmp_5 & !tmp_6 & !tmp_7 & !tmp_8 & !tmp_9 & !tmp_10 & !tmp_11 & !tmp_12 & !tmp_13 & !tmp_14 & !tmp_15 & tmp_16)> <Delay = 0.00>
ST_1 : Operation 87 [1/1] (1.91ns)   --->   "%exp_15 = add i8 %target_exponent_read, i8 241" [/home/joe/Desktop/Uni/Year_4/Dissertation/Program-Synthesis-for-Efficient-ML/results/cpp/solution_fp32addition_fp32_full_sum.cpp:70]   --->   Operation 87 'add' 'exp_15' <Predicate = (!icmp_ln49 & !tmp & !tmp_1 & !tmp_2 & !tmp_3 & !tmp_4 & !tmp_5 & !tmp_6 & !tmp_7 & !tmp_8 & !tmp_9 & !tmp_10 & !tmp_11 & !tmp_12 & !tmp_13 & !tmp_14 & !tmp_15 & tmp_16)> <Delay = 1.91> <CoreInst = "Adder">   --->   Core 1 'Adder' <Latency = 0> <II = 1> <Delay = 1.91> <FuncUnit> <Opcode : 'add' 'sub'> <InPorts = 2> <OutPorts = 1>
ST_1 : Operation 88 [1/1] (3.20ns)   --->   "%br_ln70 = br void %if.end219" [/home/joe/Desktop/Uni/Year_4/Dissertation/Program-Synthesis-for-Efficient-ML/results/cpp/solution_fp32addition_fp32_full_sum.cpp:70]   --->   Operation 88 'br' 'br_ln70' <Predicate = (!icmp_ln49 & !tmp & !tmp_1 & !tmp_2 & !tmp_3 & !tmp_4 & !tmp_5 & !tmp_6 & !tmp_7 & !tmp_8 & !tmp_9 & !tmp_10 & !tmp_11 & !tmp_12 & !tmp_13 & !tmp_14 & !tmp_15 & tmp_16)> <Delay = 3.20>
ST_1 : Operation 89 [1/1] (0.00ns)   --->   "%trunc_ln69 = trunc i25 %raw_sum_mantissa_read" [/home/joe/Desktop/Uni/Year_4/Dissertation/Program-Synthesis-for-Efficient-ML/results/cpp/solution_fp32addition_fp32_full_sum.cpp:69]   --->   Operation 89 'trunc' 'trunc_ln69' <Predicate = (!icmp_ln49 & !tmp & !tmp_1 & !tmp_2 & !tmp_3 & !tmp_4 & !tmp_5 & !tmp_6 & !tmp_7 & !tmp_8 & !tmp_9 & !tmp_10 & !tmp_11 & !tmp_12 & !tmp_13 & !tmp_14 & tmp_15)> <Delay = 0.00>
ST_1 : Operation 90 [1/1] (0.00ns)   --->   "%norm24_13 = bitconcatenate i23 @_ssdm_op_BitConcatenate.i23.i9.i14, i9 %trunc_ln69, i14 0" [/home/joe/Desktop/Uni/Year_4/Dissertation/Program-Synthesis-for-Efficient-ML/results/cpp/solution_fp32addition_fp32_full_sum.cpp:69]   --->   Operation 90 'bitconcatenate' 'norm24_13' <Predicate = (!icmp_ln49 & !tmp & !tmp_1 & !tmp_2 & !tmp_3 & !tmp_4 & !tmp_5 & !tmp_6 & !tmp_7 & !tmp_8 & !tmp_9 & !tmp_10 & !tmp_11 & !tmp_12 & !tmp_13 & !tmp_14 & tmp_15)> <Delay = 0.00>
ST_1 : Operation 91 [1/1] (1.91ns)   --->   "%exp_14 = add i8 %target_exponent_read, i8 242" [/home/joe/Desktop/Uni/Year_4/Dissertation/Program-Synthesis-for-Efficient-ML/results/cpp/solution_fp32addition_fp32_full_sum.cpp:69]   --->   Operation 91 'add' 'exp_14' <Predicate = (!icmp_ln49 & !tmp & !tmp_1 & !tmp_2 & !tmp_3 & !tmp_4 & !tmp_5 & !tmp_6 & !tmp_7 & !tmp_8 & !tmp_9 & !tmp_10 & !tmp_11 & !tmp_12 & !tmp_13 & !tmp_14 & tmp_15)> <Delay = 1.91> <CoreInst = "Adder">   --->   Core 1 'Adder' <Latency = 0> <II = 1> <Delay = 1.91> <FuncUnit> <Opcode : 'add' 'sub'> <InPorts = 2> <OutPorts = 1>
ST_1 : Operation 92 [1/1] (3.20ns)   --->   "%br_ln69 = br void %if.end219" [/home/joe/Desktop/Uni/Year_4/Dissertation/Program-Synthesis-for-Efficient-ML/results/cpp/solution_fp32addition_fp32_full_sum.cpp:69]   --->   Operation 92 'br' 'br_ln69' <Predicate = (!icmp_ln49 & !tmp & !tmp_1 & !tmp_2 & !tmp_3 & !tmp_4 & !tmp_5 & !tmp_6 & !tmp_7 & !tmp_8 & !tmp_9 & !tmp_10 & !tmp_11 & !tmp_12 & !tmp_13 & !tmp_14 & tmp_15)> <Delay = 3.20>
ST_1 : Operation 93 [1/1] (0.00ns)   --->   "%trunc_ln68 = trunc i25 %raw_sum_mantissa_read" [/home/joe/Desktop/Uni/Year_4/Dissertation/Program-Synthesis-for-Efficient-ML/results/cpp/solution_fp32addition_fp32_full_sum.cpp:68]   --->   Operation 93 'trunc' 'trunc_ln68' <Predicate = (!icmp_ln49 & !tmp & !tmp_1 & !tmp_2 & !tmp_3 & !tmp_4 & !tmp_5 & !tmp_6 & !tmp_7 & !tmp_8 & !tmp_9 & !tmp_10 & !tmp_11 & !tmp_12 & !tmp_13 & tmp_14)> <Delay = 0.00>
ST_1 : Operation 94 [1/1] (0.00ns)   --->   "%norm24_12 = bitconcatenate i23 @_ssdm_op_BitConcatenate.i23.i10.i13, i10 %trunc_ln68, i13 0" [/home/joe/Desktop/Uni/Year_4/Dissertation/Program-Synthesis-for-Efficient-ML/results/cpp/solution_fp32addition_fp32_full_sum.cpp:68]   --->   Operation 94 'bitconcatenate' 'norm24_12' <Predicate = (!icmp_ln49 & !tmp & !tmp_1 & !tmp_2 & !tmp_3 & !tmp_4 & !tmp_5 & !tmp_6 & !tmp_7 & !tmp_8 & !tmp_9 & !tmp_10 & !tmp_11 & !tmp_12 & !tmp_13 & tmp_14)> <Delay = 0.00>
ST_1 : Operation 95 [1/1] (1.91ns)   --->   "%exp_13 = add i8 %target_exponent_read, i8 243" [/home/joe/Desktop/Uni/Year_4/Dissertation/Program-Synthesis-for-Efficient-ML/results/cpp/solution_fp32addition_fp32_full_sum.cpp:68]   --->   Operation 95 'add' 'exp_13' <Predicate = (!icmp_ln49 & !tmp & !tmp_1 & !tmp_2 & !tmp_3 & !tmp_4 & !tmp_5 & !tmp_6 & !tmp_7 & !tmp_8 & !tmp_9 & !tmp_10 & !tmp_11 & !tmp_12 & !tmp_13 & tmp_14)> <Delay = 1.91> <CoreInst = "Adder">   --->   Core 1 'Adder' <Latency = 0> <II = 1> <Delay = 1.91> <FuncUnit> <Opcode : 'add' 'sub'> <InPorts = 2> <OutPorts = 1>
ST_1 : Operation 96 [1/1] (3.20ns)   --->   "%br_ln68 = br void %if.end219" [/home/joe/Desktop/Uni/Year_4/Dissertation/Program-Synthesis-for-Efficient-ML/results/cpp/solution_fp32addition_fp32_full_sum.cpp:68]   --->   Operation 96 'br' 'br_ln68' <Predicate = (!icmp_ln49 & !tmp & !tmp_1 & !tmp_2 & !tmp_3 & !tmp_4 & !tmp_5 & !tmp_6 & !tmp_7 & !tmp_8 & !tmp_9 & !tmp_10 & !tmp_11 & !tmp_12 & !tmp_13 & tmp_14)> <Delay = 3.20>
ST_1 : Operation 97 [1/1] (0.00ns)   --->   "%trunc_ln67 = trunc i25 %raw_sum_mantissa_read" [/home/joe/Desktop/Uni/Year_4/Dissertation/Program-Synthesis-for-Efficient-ML/results/cpp/solution_fp32addition_fp32_full_sum.cpp:67]   --->   Operation 97 'trunc' 'trunc_ln67' <Predicate = (!icmp_ln49 & !tmp & !tmp_1 & !tmp_2 & !tmp_3 & !tmp_4 & !tmp_5 & !tmp_6 & !tmp_7 & !tmp_8 & !tmp_9 & !tmp_10 & !tmp_11 & !tmp_12 & tmp_13)> <Delay = 0.00>
ST_1 : Operation 98 [1/1] (0.00ns)   --->   "%norm24_11 = bitconcatenate i23 @_ssdm_op_BitConcatenate.i23.i11.i12, i11 %trunc_ln67, i12 0" [/home/joe/Desktop/Uni/Year_4/Dissertation/Program-Synthesis-for-Efficient-ML/results/cpp/solution_fp32addition_fp32_full_sum.cpp:67]   --->   Operation 98 'bitconcatenate' 'norm24_11' <Predicate = (!icmp_ln49 & !tmp & !tmp_1 & !tmp_2 & !tmp_3 & !tmp_4 & !tmp_5 & !tmp_6 & !tmp_7 & !tmp_8 & !tmp_9 & !tmp_10 & !tmp_11 & !tmp_12 & tmp_13)> <Delay = 0.00>
ST_1 : Operation 99 [1/1] (1.91ns)   --->   "%exp_12 = add i8 %target_exponent_read, i8 244" [/home/joe/Desktop/Uni/Year_4/Dissertation/Program-Synthesis-for-Efficient-ML/results/cpp/solution_fp32addition_fp32_full_sum.cpp:67]   --->   Operation 99 'add' 'exp_12' <Predicate = (!icmp_ln49 & !tmp & !tmp_1 & !tmp_2 & !tmp_3 & !tmp_4 & !tmp_5 & !tmp_6 & !tmp_7 & !tmp_8 & !tmp_9 & !tmp_10 & !tmp_11 & !tmp_12 & tmp_13)> <Delay = 1.91> <CoreInst = "Adder">   --->   Core 1 'Adder' <Latency = 0> <II = 1> <Delay = 1.91> <FuncUnit> <Opcode : 'add' 'sub'> <InPorts = 2> <OutPorts = 1>
ST_1 : Operation 100 [1/1] (3.20ns)   --->   "%br_ln67 = br void %if.end219" [/home/joe/Desktop/Uni/Year_4/Dissertation/Program-Synthesis-for-Efficient-ML/results/cpp/solution_fp32addition_fp32_full_sum.cpp:67]   --->   Operation 100 'br' 'br_ln67' <Predicate = (!icmp_ln49 & !tmp & !tmp_1 & !tmp_2 & !tmp_3 & !tmp_4 & !tmp_5 & !tmp_6 & !tmp_7 & !tmp_8 & !tmp_9 & !tmp_10 & !tmp_11 & !tmp_12 & tmp_13)> <Delay = 3.20>
ST_1 : Operation 101 [1/1] (0.00ns)   --->   "%trunc_ln66 = trunc i25 %raw_sum_mantissa_read" [/home/joe/Desktop/Uni/Year_4/Dissertation/Program-Synthesis-for-Efficient-ML/results/cpp/solution_fp32addition_fp32_full_sum.cpp:66]   --->   Operation 101 'trunc' 'trunc_ln66' <Predicate = (!icmp_ln49 & !tmp & !tmp_1 & !tmp_2 & !tmp_3 & !tmp_4 & !tmp_5 & !tmp_6 & !tmp_7 & !tmp_8 & !tmp_9 & !tmp_10 & !tmp_11 & tmp_12)> <Delay = 0.00>
ST_1 : Operation 102 [1/1] (0.00ns)   --->   "%norm24_10 = bitconcatenate i23 @_ssdm_op_BitConcatenate.i23.i12.i11, i12 %trunc_ln66, i11 0" [/home/joe/Desktop/Uni/Year_4/Dissertation/Program-Synthesis-for-Efficient-ML/results/cpp/solution_fp32addition_fp32_full_sum.cpp:66]   --->   Operation 102 'bitconcatenate' 'norm24_10' <Predicate = (!icmp_ln49 & !tmp & !tmp_1 & !tmp_2 & !tmp_3 & !tmp_4 & !tmp_5 & !tmp_6 & !tmp_7 & !tmp_8 & !tmp_9 & !tmp_10 & !tmp_11 & tmp_12)> <Delay = 0.00>
ST_1 : Operation 103 [1/1] (1.91ns)   --->   "%exp_11 = add i8 %target_exponent_read, i8 245" [/home/joe/Desktop/Uni/Year_4/Dissertation/Program-Synthesis-for-Efficient-ML/results/cpp/solution_fp32addition_fp32_full_sum.cpp:66]   --->   Operation 103 'add' 'exp_11' <Predicate = (!icmp_ln49 & !tmp & !tmp_1 & !tmp_2 & !tmp_3 & !tmp_4 & !tmp_5 & !tmp_6 & !tmp_7 & !tmp_8 & !tmp_9 & !tmp_10 & !tmp_11 & tmp_12)> <Delay = 1.91> <CoreInst = "Adder">   --->   Core 1 'Adder' <Latency = 0> <II = 1> <Delay = 1.91> <FuncUnit> <Opcode : 'add' 'sub'> <InPorts = 2> <OutPorts = 1>
ST_1 : Operation 104 [1/1] (3.20ns)   --->   "%br_ln66 = br void %if.end219" [/home/joe/Desktop/Uni/Year_4/Dissertation/Program-Synthesis-for-Efficient-ML/results/cpp/solution_fp32addition_fp32_full_sum.cpp:66]   --->   Operation 104 'br' 'br_ln66' <Predicate = (!icmp_ln49 & !tmp & !tmp_1 & !tmp_2 & !tmp_3 & !tmp_4 & !tmp_5 & !tmp_6 & !tmp_7 & !tmp_8 & !tmp_9 & !tmp_10 & !tmp_11 & tmp_12)> <Delay = 3.20>
ST_1 : Operation 105 [1/1] (0.00ns)   --->   "%trunc_ln65 = trunc i25 %raw_sum_mantissa_read" [/home/joe/Desktop/Uni/Year_4/Dissertation/Program-Synthesis-for-Efficient-ML/results/cpp/solution_fp32addition_fp32_full_sum.cpp:65]   --->   Operation 105 'trunc' 'trunc_ln65' <Predicate = (!icmp_ln49 & !tmp & !tmp_1 & !tmp_2 & !tmp_3 & !tmp_4 & !tmp_5 & !tmp_6 & !tmp_7 & !tmp_8 & !tmp_9 & !tmp_10 & tmp_11)> <Delay = 0.00>
ST_1 : Operation 106 [1/1] (0.00ns)   --->   "%norm24_9 = bitconcatenate i23 @_ssdm_op_BitConcatenate.i23.i13.i10, i13 %trunc_ln65, i10 0" [/home/joe/Desktop/Uni/Year_4/Dissertation/Program-Synthesis-for-Efficient-ML/results/cpp/solution_fp32addition_fp32_full_sum.cpp:65]   --->   Operation 106 'bitconcatenate' 'norm24_9' <Predicate = (!icmp_ln49 & !tmp & !tmp_1 & !tmp_2 & !tmp_3 & !tmp_4 & !tmp_5 & !tmp_6 & !tmp_7 & !tmp_8 & !tmp_9 & !tmp_10 & tmp_11)> <Delay = 0.00>
ST_1 : Operation 107 [1/1] (1.91ns)   --->   "%exp_10 = add i8 %target_exponent_read, i8 246" [/home/joe/Desktop/Uni/Year_4/Dissertation/Program-Synthesis-for-Efficient-ML/results/cpp/solution_fp32addition_fp32_full_sum.cpp:65]   --->   Operation 107 'add' 'exp_10' <Predicate = (!icmp_ln49 & !tmp & !tmp_1 & !tmp_2 & !tmp_3 & !tmp_4 & !tmp_5 & !tmp_6 & !tmp_7 & !tmp_8 & !tmp_9 & !tmp_10 & tmp_11)> <Delay = 1.91> <CoreInst = "Adder">   --->   Core 1 'Adder' <Latency = 0> <II = 1> <Delay = 1.91> <FuncUnit> <Opcode : 'add' 'sub'> <InPorts = 2> <OutPorts = 1>
ST_1 : Operation 108 [1/1] (3.20ns)   --->   "%br_ln65 = br void %if.end219" [/home/joe/Desktop/Uni/Year_4/Dissertation/Program-Synthesis-for-Efficient-ML/results/cpp/solution_fp32addition_fp32_full_sum.cpp:65]   --->   Operation 108 'br' 'br_ln65' <Predicate = (!icmp_ln49 & !tmp & !tmp_1 & !tmp_2 & !tmp_3 & !tmp_4 & !tmp_5 & !tmp_6 & !tmp_7 & !tmp_8 & !tmp_9 & !tmp_10 & tmp_11)> <Delay = 3.20>
ST_1 : Operation 109 [1/1] (0.00ns)   --->   "%trunc_ln64 = trunc i25 %raw_sum_mantissa_read" [/home/joe/Desktop/Uni/Year_4/Dissertation/Program-Synthesis-for-Efficient-ML/results/cpp/solution_fp32addition_fp32_full_sum.cpp:64]   --->   Operation 109 'trunc' 'trunc_ln64' <Predicate = (!icmp_ln49 & !tmp & !tmp_1 & !tmp_2 & !tmp_3 & !tmp_4 & !tmp_5 & !tmp_6 & !tmp_7 & !tmp_8 & !tmp_9 & tmp_10)> <Delay = 0.00>
ST_1 : Operation 110 [1/1] (0.00ns)   --->   "%norm24_8 = bitconcatenate i23 @_ssdm_op_BitConcatenate.i23.i14.i9, i14 %trunc_ln64, i9 0" [/home/joe/Desktop/Uni/Year_4/Dissertation/Program-Synthesis-for-Efficient-ML/results/cpp/solution_fp32addition_fp32_full_sum.cpp:64]   --->   Operation 110 'bitconcatenate' 'norm24_8' <Predicate = (!icmp_ln49 & !tmp & !tmp_1 & !tmp_2 & !tmp_3 & !tmp_4 & !tmp_5 & !tmp_6 & !tmp_7 & !tmp_8 & !tmp_9 & tmp_10)> <Delay = 0.00>
ST_1 : Operation 111 [1/1] (1.91ns)   --->   "%exp_9 = add i8 %target_exponent_read, i8 247" [/home/joe/Desktop/Uni/Year_4/Dissertation/Program-Synthesis-for-Efficient-ML/results/cpp/solution_fp32addition_fp32_full_sum.cpp:64]   --->   Operation 111 'add' 'exp_9' <Predicate = (!icmp_ln49 & !tmp & !tmp_1 & !tmp_2 & !tmp_3 & !tmp_4 & !tmp_5 & !tmp_6 & !tmp_7 & !tmp_8 & !tmp_9 & tmp_10)> <Delay = 1.91> <CoreInst = "Adder">   --->   Core 1 'Adder' <Latency = 0> <II = 1> <Delay = 1.91> <FuncUnit> <Opcode : 'add' 'sub'> <InPorts = 2> <OutPorts = 1>
ST_1 : Operation 112 [1/1] (3.20ns)   --->   "%br_ln64 = br void %if.end219" [/home/joe/Desktop/Uni/Year_4/Dissertation/Program-Synthesis-for-Efficient-ML/results/cpp/solution_fp32addition_fp32_full_sum.cpp:64]   --->   Operation 112 'br' 'br_ln64' <Predicate = (!icmp_ln49 & !tmp & !tmp_1 & !tmp_2 & !tmp_3 & !tmp_4 & !tmp_5 & !tmp_6 & !tmp_7 & !tmp_8 & !tmp_9 & tmp_10)> <Delay = 3.20>
ST_1 : Operation 113 [1/1] (0.00ns)   --->   "%trunc_ln63 = trunc i25 %raw_sum_mantissa_read" [/home/joe/Desktop/Uni/Year_4/Dissertation/Program-Synthesis-for-Efficient-ML/results/cpp/solution_fp32addition_fp32_full_sum.cpp:63]   --->   Operation 113 'trunc' 'trunc_ln63' <Predicate = (!icmp_ln49 & !tmp & !tmp_1 & !tmp_2 & !tmp_3 & !tmp_4 & !tmp_5 & !tmp_6 & !tmp_7 & !tmp_8 & tmp_9)> <Delay = 0.00>
ST_1 : Operation 114 [1/1] (0.00ns)   --->   "%norm24_7 = bitconcatenate i23 @_ssdm_op_BitConcatenate.i23.i15.i8, i15 %trunc_ln63, i8 0" [/home/joe/Desktop/Uni/Year_4/Dissertation/Program-Synthesis-for-Efficient-ML/results/cpp/solution_fp32addition_fp32_full_sum.cpp:63]   --->   Operation 114 'bitconcatenate' 'norm24_7' <Predicate = (!icmp_ln49 & !tmp & !tmp_1 & !tmp_2 & !tmp_3 & !tmp_4 & !tmp_5 & !tmp_6 & !tmp_7 & !tmp_8 & tmp_9)> <Delay = 0.00>
ST_1 : Operation 115 [1/1] (1.91ns)   --->   "%exp_8 = add i8 %target_exponent_read, i8 248" [/home/joe/Desktop/Uni/Year_4/Dissertation/Program-Synthesis-for-Efficient-ML/results/cpp/solution_fp32addition_fp32_full_sum.cpp:63]   --->   Operation 115 'add' 'exp_8' <Predicate = (!icmp_ln49 & !tmp & !tmp_1 & !tmp_2 & !tmp_3 & !tmp_4 & !tmp_5 & !tmp_6 & !tmp_7 & !tmp_8 & tmp_9)> <Delay = 1.91> <CoreInst = "Adder">   --->   Core 1 'Adder' <Latency = 0> <II = 1> <Delay = 1.91> <FuncUnit> <Opcode : 'add' 'sub'> <InPorts = 2> <OutPorts = 1>
ST_1 : Operation 116 [1/1] (3.20ns)   --->   "%br_ln63 = br void %if.end219" [/home/joe/Desktop/Uni/Year_4/Dissertation/Program-Synthesis-for-Efficient-ML/results/cpp/solution_fp32addition_fp32_full_sum.cpp:63]   --->   Operation 116 'br' 'br_ln63' <Predicate = (!icmp_ln49 & !tmp & !tmp_1 & !tmp_2 & !tmp_3 & !tmp_4 & !tmp_5 & !tmp_6 & !tmp_7 & !tmp_8 & tmp_9)> <Delay = 3.20>
ST_1 : Operation 117 [1/1] (0.00ns)   --->   "%trunc_ln62 = trunc i25 %raw_sum_mantissa_read" [/home/joe/Desktop/Uni/Year_4/Dissertation/Program-Synthesis-for-Efficient-ML/results/cpp/solution_fp32addition_fp32_full_sum.cpp:62]   --->   Operation 117 'trunc' 'trunc_ln62' <Predicate = (!icmp_ln49 & !tmp & !tmp_1 & !tmp_2 & !tmp_3 & !tmp_4 & !tmp_5 & !tmp_6 & !tmp_7 & tmp_8)> <Delay = 0.00>
ST_1 : Operation 118 [1/1] (0.00ns)   --->   "%norm24_6 = bitconcatenate i23 @_ssdm_op_BitConcatenate.i23.i16.i7, i16 %trunc_ln62, i7 0" [/home/joe/Desktop/Uni/Year_4/Dissertation/Program-Synthesis-for-Efficient-ML/results/cpp/solution_fp32addition_fp32_full_sum.cpp:62]   --->   Operation 118 'bitconcatenate' 'norm24_6' <Predicate = (!icmp_ln49 & !tmp & !tmp_1 & !tmp_2 & !tmp_3 & !tmp_4 & !tmp_5 & !tmp_6 & !tmp_7 & tmp_8)> <Delay = 0.00>
ST_1 : Operation 119 [1/1] (1.91ns)   --->   "%exp_7 = add i8 %target_exponent_read, i8 249" [/home/joe/Desktop/Uni/Year_4/Dissertation/Program-Synthesis-for-Efficient-ML/results/cpp/solution_fp32addition_fp32_full_sum.cpp:62]   --->   Operation 119 'add' 'exp_7' <Predicate = (!icmp_ln49 & !tmp & !tmp_1 & !tmp_2 & !tmp_3 & !tmp_4 & !tmp_5 & !tmp_6 & !tmp_7 & tmp_8)> <Delay = 1.91> <CoreInst = "Adder">   --->   Core 1 'Adder' <Latency = 0> <II = 1> <Delay = 1.91> <FuncUnit> <Opcode : 'add' 'sub'> <InPorts = 2> <OutPorts = 1>
ST_1 : Operation 120 [1/1] (3.20ns)   --->   "%br_ln62 = br void %if.end219" [/home/joe/Desktop/Uni/Year_4/Dissertation/Program-Synthesis-for-Efficient-ML/results/cpp/solution_fp32addition_fp32_full_sum.cpp:62]   --->   Operation 120 'br' 'br_ln62' <Predicate = (!icmp_ln49 & !tmp & !tmp_1 & !tmp_2 & !tmp_3 & !tmp_4 & !tmp_5 & !tmp_6 & !tmp_7 & tmp_8)> <Delay = 3.20>
ST_1 : Operation 121 [1/1] (0.00ns)   --->   "%trunc_ln61 = trunc i25 %raw_sum_mantissa_read" [/home/joe/Desktop/Uni/Year_4/Dissertation/Program-Synthesis-for-Efficient-ML/results/cpp/solution_fp32addition_fp32_full_sum.cpp:61]   --->   Operation 121 'trunc' 'trunc_ln61' <Predicate = (!icmp_ln49 & !tmp & !tmp_1 & !tmp_2 & !tmp_3 & !tmp_4 & !tmp_5 & !tmp_6 & tmp_7)> <Delay = 0.00>
ST_1 : Operation 122 [1/1] (0.00ns)   --->   "%norm24_5 = bitconcatenate i23 @_ssdm_op_BitConcatenate.i23.i17.i6, i17 %trunc_ln61, i6 0" [/home/joe/Desktop/Uni/Year_4/Dissertation/Program-Synthesis-for-Efficient-ML/results/cpp/solution_fp32addition_fp32_full_sum.cpp:61]   --->   Operation 122 'bitconcatenate' 'norm24_5' <Predicate = (!icmp_ln49 & !tmp & !tmp_1 & !tmp_2 & !tmp_3 & !tmp_4 & !tmp_5 & !tmp_6 & tmp_7)> <Delay = 0.00>
ST_1 : Operation 123 [1/1] (1.91ns)   --->   "%exp_6 = add i8 %target_exponent_read, i8 250" [/home/joe/Desktop/Uni/Year_4/Dissertation/Program-Synthesis-for-Efficient-ML/results/cpp/solution_fp32addition_fp32_full_sum.cpp:61]   --->   Operation 123 'add' 'exp_6' <Predicate = (!icmp_ln49 & !tmp & !tmp_1 & !tmp_2 & !tmp_3 & !tmp_4 & !tmp_5 & !tmp_6 & tmp_7)> <Delay = 1.91> <CoreInst = "Adder">   --->   Core 1 'Adder' <Latency = 0> <II = 1> <Delay = 1.91> <FuncUnit> <Opcode : 'add' 'sub'> <InPorts = 2> <OutPorts = 1>
ST_1 : Operation 124 [1/1] (3.20ns)   --->   "%br_ln61 = br void %if.end219" [/home/joe/Desktop/Uni/Year_4/Dissertation/Program-Synthesis-for-Efficient-ML/results/cpp/solution_fp32addition_fp32_full_sum.cpp:61]   --->   Operation 124 'br' 'br_ln61' <Predicate = (!icmp_ln49 & !tmp & !tmp_1 & !tmp_2 & !tmp_3 & !tmp_4 & !tmp_5 & !tmp_6 & tmp_7)> <Delay = 3.20>
ST_1 : Operation 125 [1/1] (0.00ns)   --->   "%trunc_ln60 = trunc i25 %raw_sum_mantissa_read" [/home/joe/Desktop/Uni/Year_4/Dissertation/Program-Synthesis-for-Efficient-ML/results/cpp/solution_fp32addition_fp32_full_sum.cpp:60]   --->   Operation 125 'trunc' 'trunc_ln60' <Predicate = (!icmp_ln49 & !tmp & !tmp_1 & !tmp_2 & !tmp_3 & !tmp_4 & !tmp_5 & tmp_6)> <Delay = 0.00>
ST_1 : Operation 126 [1/1] (0.00ns)   --->   "%norm24_4 = bitconcatenate i23 @_ssdm_op_BitConcatenate.i23.i18.i5, i18 %trunc_ln60, i5 0" [/home/joe/Desktop/Uni/Year_4/Dissertation/Program-Synthesis-for-Efficient-ML/results/cpp/solution_fp32addition_fp32_full_sum.cpp:60]   --->   Operation 126 'bitconcatenate' 'norm24_4' <Predicate = (!icmp_ln49 & !tmp & !tmp_1 & !tmp_2 & !tmp_3 & !tmp_4 & !tmp_5 & tmp_6)> <Delay = 0.00>
ST_1 : Operation 127 [1/1] (1.91ns)   --->   "%exp_5 = add i8 %target_exponent_read, i8 251" [/home/joe/Desktop/Uni/Year_4/Dissertation/Program-Synthesis-for-Efficient-ML/results/cpp/solution_fp32addition_fp32_full_sum.cpp:60]   --->   Operation 127 'add' 'exp_5' <Predicate = (!icmp_ln49 & !tmp & !tmp_1 & !tmp_2 & !tmp_3 & !tmp_4 & !tmp_5 & tmp_6)> <Delay = 1.91> <CoreInst = "Adder">   --->   Core 1 'Adder' <Latency = 0> <II = 1> <Delay = 1.91> <FuncUnit> <Opcode : 'add' 'sub'> <InPorts = 2> <OutPorts = 1>
ST_1 : Operation 128 [1/1] (3.20ns)   --->   "%br_ln60 = br void %if.end219" [/home/joe/Desktop/Uni/Year_4/Dissertation/Program-Synthesis-for-Efficient-ML/results/cpp/solution_fp32addition_fp32_full_sum.cpp:60]   --->   Operation 128 'br' 'br_ln60' <Predicate = (!icmp_ln49 & !tmp & !tmp_1 & !tmp_2 & !tmp_3 & !tmp_4 & !tmp_5 & tmp_6)> <Delay = 3.20>
ST_1 : Operation 129 [1/1] (0.00ns)   --->   "%trunc_ln59 = trunc i25 %raw_sum_mantissa_read" [/home/joe/Desktop/Uni/Year_4/Dissertation/Program-Synthesis-for-Efficient-ML/results/cpp/solution_fp32addition_fp32_full_sum.cpp:59]   --->   Operation 129 'trunc' 'trunc_ln59' <Predicate = (!icmp_ln49 & !tmp & !tmp_1 & !tmp_2 & !tmp_3 & !tmp_4 & tmp_5)> <Delay = 0.00>
ST_1 : Operation 130 [1/1] (0.00ns)   --->   "%norm24_3 = bitconcatenate i23 @_ssdm_op_BitConcatenate.i23.i19.i4, i19 %trunc_ln59, i4 0" [/home/joe/Desktop/Uni/Year_4/Dissertation/Program-Synthesis-for-Efficient-ML/results/cpp/solution_fp32addition_fp32_full_sum.cpp:59]   --->   Operation 130 'bitconcatenate' 'norm24_3' <Predicate = (!icmp_ln49 & !tmp & !tmp_1 & !tmp_2 & !tmp_3 & !tmp_4 & tmp_5)> <Delay = 0.00>
ST_1 : Operation 131 [1/1] (1.91ns)   --->   "%exp_4 = add i8 %target_exponent_read, i8 252" [/home/joe/Desktop/Uni/Year_4/Dissertation/Program-Synthesis-for-Efficient-ML/results/cpp/solution_fp32addition_fp32_full_sum.cpp:59]   --->   Operation 131 'add' 'exp_4' <Predicate = (!icmp_ln49 & !tmp & !tmp_1 & !tmp_2 & !tmp_3 & !tmp_4 & tmp_5)> <Delay = 1.91> <CoreInst = "Adder">   --->   Core 1 'Adder' <Latency = 0> <II = 1> <Delay = 1.91> <FuncUnit> <Opcode : 'add' 'sub'> <InPorts = 2> <OutPorts = 1>
ST_1 : Operation 132 [1/1] (3.20ns)   --->   "%br_ln59 = br void %if.end219" [/home/joe/Desktop/Uni/Year_4/Dissertation/Program-Synthesis-for-Efficient-ML/results/cpp/solution_fp32addition_fp32_full_sum.cpp:59]   --->   Operation 132 'br' 'br_ln59' <Predicate = (!icmp_ln49 & !tmp & !tmp_1 & !tmp_2 & !tmp_3 & !tmp_4 & tmp_5)> <Delay = 3.20>
ST_1 : Operation 133 [1/1] (0.00ns)   --->   "%trunc_ln58 = trunc i25 %raw_sum_mantissa_read" [/home/joe/Desktop/Uni/Year_4/Dissertation/Program-Synthesis-for-Efficient-ML/results/cpp/solution_fp32addition_fp32_full_sum.cpp:58]   --->   Operation 133 'trunc' 'trunc_ln58' <Predicate = (!icmp_ln49 & !tmp & !tmp_1 & !tmp_2 & !tmp_3 & tmp_4)> <Delay = 0.00>
ST_1 : Operation 134 [1/1] (0.00ns)   --->   "%norm24_2 = bitconcatenate i23 @_ssdm_op_BitConcatenate.i23.i20.i3, i20 %trunc_ln58, i3 0" [/home/joe/Desktop/Uni/Year_4/Dissertation/Program-Synthesis-for-Efficient-ML/results/cpp/solution_fp32addition_fp32_full_sum.cpp:58]   --->   Operation 134 'bitconcatenate' 'norm24_2' <Predicate = (!icmp_ln49 & !tmp & !tmp_1 & !tmp_2 & !tmp_3 & tmp_4)> <Delay = 0.00>
ST_1 : Operation 135 [1/1] (1.91ns)   --->   "%exp_3 = add i8 %target_exponent_read, i8 253" [/home/joe/Desktop/Uni/Year_4/Dissertation/Program-Synthesis-for-Efficient-ML/results/cpp/solution_fp32addition_fp32_full_sum.cpp:58]   --->   Operation 135 'add' 'exp_3' <Predicate = (!icmp_ln49 & !tmp & !tmp_1 & !tmp_2 & !tmp_3 & tmp_4)> <Delay = 1.91> <CoreInst = "Adder">   --->   Core 1 'Adder' <Latency = 0> <II = 1> <Delay = 1.91> <FuncUnit> <Opcode : 'add' 'sub'> <InPorts = 2> <OutPorts = 1>
ST_1 : Operation 136 [1/1] (3.20ns)   --->   "%br_ln58 = br void %if.end219" [/home/joe/Desktop/Uni/Year_4/Dissertation/Program-Synthesis-for-Efficient-ML/results/cpp/solution_fp32addition_fp32_full_sum.cpp:58]   --->   Operation 136 'br' 'br_ln58' <Predicate = (!icmp_ln49 & !tmp & !tmp_1 & !tmp_2 & !tmp_3 & tmp_4)> <Delay = 3.20>
ST_1 : Operation 137 [1/1] (0.00ns)   --->   "%trunc_ln57 = trunc i25 %raw_sum_mantissa_read" [/home/joe/Desktop/Uni/Year_4/Dissertation/Program-Synthesis-for-Efficient-ML/results/cpp/solution_fp32addition_fp32_full_sum.cpp:57]   --->   Operation 137 'trunc' 'trunc_ln57' <Predicate = (!icmp_ln49 & !tmp & !tmp_1 & !tmp_2 & tmp_3)> <Delay = 0.00>
ST_1 : Operation 138 [1/1] (0.00ns)   --->   "%norm24_1 = bitconcatenate i23 @_ssdm_op_BitConcatenate.i23.i21.i2, i21 %trunc_ln57, i2 0" [/home/joe/Desktop/Uni/Year_4/Dissertation/Program-Synthesis-for-Efficient-ML/results/cpp/solution_fp32addition_fp32_full_sum.cpp:57]   --->   Operation 138 'bitconcatenate' 'norm24_1' <Predicate = (!icmp_ln49 & !tmp & !tmp_1 & !tmp_2 & tmp_3)> <Delay = 0.00>
ST_1 : Operation 139 [1/1] (1.91ns)   --->   "%exp_2 = add i8 %target_exponent_read, i8 254" [/home/joe/Desktop/Uni/Year_4/Dissertation/Program-Synthesis-for-Efficient-ML/results/cpp/solution_fp32addition_fp32_full_sum.cpp:57]   --->   Operation 139 'add' 'exp_2' <Predicate = (!icmp_ln49 & !tmp & !tmp_1 & !tmp_2 & tmp_3)> <Delay = 1.91> <CoreInst = "Adder">   --->   Core 1 'Adder' <Latency = 0> <II = 1> <Delay = 1.91> <FuncUnit> <Opcode : 'add' 'sub'> <InPorts = 2> <OutPorts = 1>
ST_1 : Operation 140 [1/1] (3.20ns)   --->   "%br_ln57 = br void %if.end219" [/home/joe/Desktop/Uni/Year_4/Dissertation/Program-Synthesis-for-Efficient-ML/results/cpp/solution_fp32addition_fp32_full_sum.cpp:57]   --->   Operation 140 'br' 'br_ln57' <Predicate = (!icmp_ln49 & !tmp & !tmp_1 & !tmp_2 & tmp_3)> <Delay = 3.20>
ST_1 : Operation 141 [1/1] (0.00ns)   --->   "%trunc_ln56 = trunc i25 %raw_sum_mantissa_read" [/home/joe/Desktop/Uni/Year_4/Dissertation/Program-Synthesis-for-Efficient-ML/results/cpp/solution_fp32addition_fp32_full_sum.cpp:56]   --->   Operation 141 'trunc' 'trunc_ln56' <Predicate = (!icmp_ln49 & !tmp & !tmp_1 & tmp_2)> <Delay = 0.00>
ST_1 : Operation 142 [1/1] (0.00ns)   --->   "%norm24 = bitconcatenate i23 @_ssdm_op_BitConcatenate.i23.i22.i1, i22 %trunc_ln56, i1 0" [/home/joe/Desktop/Uni/Year_4/Dissertation/Program-Synthesis-for-Efficient-ML/results/cpp/solution_fp32addition_fp32_full_sum.cpp:56]   --->   Operation 142 'bitconcatenate' 'norm24' <Predicate = (!icmp_ln49 & !tmp & !tmp_1 & tmp_2)> <Delay = 0.00>
ST_1 : Operation 143 [1/1] (1.91ns)   --->   "%exp_1 = add i8 %target_exponent_read, i8 255" [/home/joe/Desktop/Uni/Year_4/Dissertation/Program-Synthesis-for-Efficient-ML/results/cpp/solution_fp32addition_fp32_full_sum.cpp:56]   --->   Operation 143 'add' 'exp_1' <Predicate = (!icmp_ln49 & !tmp & !tmp_1 & tmp_2)> <Delay = 1.91> <CoreInst = "Adder">   --->   Core 1 'Adder' <Latency = 0> <II = 1> <Delay = 1.91> <FuncUnit> <Opcode : 'add' 'sub'> <InPorts = 2> <OutPorts = 1>
ST_1 : Operation 144 [1/1] (3.20ns)   --->   "%br_ln56 = br void %if.end219" [/home/joe/Desktop/Uni/Year_4/Dissertation/Program-Synthesis-for-Efficient-ML/results/cpp/solution_fp32addition_fp32_full_sum.cpp:56]   --->   Operation 144 'br' 'br_ln56' <Predicate = (!icmp_ln49 & !tmp & !tmp_1 & tmp_2)> <Delay = 3.20>
ST_1 : Operation 145 [1/1] (0.00ns)   --->   "%trunc_ln53 = trunc i25 %raw_sum_mantissa_read" [/home/joe/Desktop/Uni/Year_4/Dissertation/Program-Synthesis-for-Efficient-ML/results/cpp/solution_fp32addition_fp32_full_sum.cpp:53]   --->   Operation 145 'trunc' 'trunc_ln53' <Predicate = (!icmp_ln49 & !tmp & tmp_1)> <Delay = 0.00>
ST_1 : Operation 146 [1/1] (3.20ns)   --->   "%br_ln55 = br void %if.end219" [/home/joe/Desktop/Uni/Year_4/Dissertation/Program-Synthesis-for-Efficient-ML/results/cpp/solution_fp32addition_fp32_full_sum.cpp:55]   --->   Operation 146 'br' 'br_ln55' <Predicate = (!icmp_ln49 & !tmp & tmp_1)> <Delay = 3.20>
ST_1 : Operation 147 [1/1] (0.00ns)   --->   "%norm24_cast = partselect i23 @_ssdm_op_PartSelect.i23.i25.i32.i32, i25 %raw_sum_mantissa_read, i32 1, i32 23" [/home/joe/Desktop/Uni/Year_4/Dissertation/Program-Synthesis-for-Efficient-ML/results/cpp/solution_fp32addition_fp32_full_sum.cpp:53]   --->   Operation 147 'partselect' 'norm24_cast' <Predicate = (!icmp_ln49 & tmp)> <Delay = 0.00>
ST_1 : Operation 148 [1/1] (1.91ns)   --->   "%exp = add i8 %target_exponent_read, i8 1" [/home/joe/Desktop/Uni/Year_4/Dissertation/Program-Synthesis-for-Efficient-ML/results/cpp/solution_fp32addition_fp32_full_sum.cpp:54]   --->   Operation 148 'add' 'exp' <Predicate = (!icmp_ln49 & tmp)> <Delay = 1.91> <CoreInst = "Adder">   --->   Core 1 'Adder' <Latency = 0> <II = 1> <Delay = 1.91> <FuncUnit> <Opcode : 'add' 'sub'> <InPorts = 2> <OutPorts = 1>
ST_1 : Operation 149 [1/1] (3.20ns)   --->   "%br_ln54 = br void %if.end219" [/home/joe/Desktop/Uni/Year_4/Dissertation/Program-Synthesis-for-Efficient-ML/results/cpp/solution_fp32addition_fp32_full_sum.cpp:54]   --->   Operation 149 'br' 'br_ln54' <Predicate = (!icmp_ln49 & tmp)> <Delay = 3.20>
ST_1 : Operation 150 [1/1] (0.00ns)   --->   "%exp_23 = phi i8 %exp, void %if.then6, i8 %target_exponent_read, void %if.then12, i8 %exp_1, void %if.then18, i8 %exp_2, void %if.then26, i8 %exp_3, void %if.then34, i8 %exp_4, void %if.then42, i8 %exp_5, void %if.then50, i8 %exp_6, void %if.then58, i8 %exp_7, void %if.then66, i8 %exp_8, void %if.then74, i8 %exp_9, void %if.then82, i8 %exp_10, void %if.then90, i8 %exp_11, void %if.then98, i8 %exp_12, void %if.then106, i8 %exp_13, void %if.then114, i8 %exp_14, void %if.then122, i8 %exp_15, void %if.then130, i8 %exp_16, void %if.then138, i8 %exp_17, void %if.then146, i8 %exp_18, void %if.then154, i8 %exp_19, void %if.then162, i8 %exp_20, void %if.then170, i8 %exp_21, void %if.then178, i8 %exp_22, void %if.then186, i8 %exp_24, void %if.else191"   --->   Operation 150 'phi' 'exp_23' <Predicate = (!icmp_ln49)> <Delay = 0.00>
ST_1 : Operation 151 [1/1] (0.00ns)   --->   "%norm24_22 = phi i23 %norm24_cast, void %if.then6, i23 %trunc_ln53, void %if.then12, i23 %norm24, void %if.then18, i23 %norm24_1, void %if.then26, i23 %norm24_2, void %if.then34, i23 %norm24_3, void %if.then42, i23 %norm24_4, void %if.then50, i23 %norm24_5, void %if.then58, i23 %norm24_6, void %if.then66, i23 %norm24_7, void %if.then74, i23 %norm24_8, void %if.then82, i23 %norm24_9, void %if.then90, i23 %norm24_10, void %if.then98, i23 %norm24_11, void %if.then106, i23 %norm24_12, void %if.then114, i23 %norm24_13, void %if.then122, i23 %norm24_14, void %if.then130, i23 %norm24_15, void %if.then138, i23 %norm24_16, void %if.then146, i23 %norm24_17, void %if.then154, i23 %norm24_18, void %if.then162, i23 %norm24_19, void %if.then170, i23 %norm24_20, void %if.then178, i23 %norm24_21, void %if.then186, i23 0, void %if.else191"   --->   Operation 151 'phi' 'norm24_22' <Predicate = (!icmp_ln49)> <Delay = 0.00>
ST_1 : Operation 152 [1/1] (0.00ns)   --->   "%tmp_s = bitconcatenate i32 @_ssdm_op_BitConcatenate.i32.i1.i8.i23, i1 %raw_sign_read, i8 %exp_23, i23 %norm24_22" [/home/joe/Desktop/Uni/Year_4/Dissertation/Program-Synthesis-for-Efficient-ML/results/cpp/solution_fp32addition_fp32_full_sum.cpp:80]   --->   Operation 152 'bitconcatenate' 'tmp_s' <Predicate = (!icmp_ln49)> <Delay = 0.00>
ST_1 : Operation 153 [1/1] (1.58ns)   --->   "%br_ln0 = br void %return"   --->   Operation 153 'br' 'br_ln0' <Predicate = (!icmp_ln49)> <Delay = 1.58>
ST_1 : Operation 154 [1/1] (0.00ns)   --->   "%agg_result_0 = phi i32 %tmp_s, void %if.end219, i32 0, void %entry" [/home/joe/Desktop/Uni/Year_4/Dissertation/Program-Synthesis-for-Efficient-ML/results/cpp/solution_fp32addition_fp32_full_sum.cpp:80]   --->   Operation 154 'phi' 'agg_result_0' <Predicate = true> <Delay = 0.00>
ST_1 : Operation 155 [1/1] (0.00ns)   --->   "%ret_ln81 = ret i32 %agg_result_0" [/home/joe/Desktop/Uni/Year_4/Dissertation/Program-Synthesis-for-Efficient-ML/results/cpp/solution_fp32addition_fp32_full_sum.cpp:81]   --->   Operation 155 'ret' 'ret_ln81' <Predicate = true> <Delay = 0.00>


============================================================
+ Verbose Summary: Binding
============================================================
STG Binding: 
---------------- STG Properties BEGIN ----------------
- Is combinational: 1
- Is one-state seq: 0
- Is datapath-only: 0
- Is pipelined: 0
- Is top level: 0
Port [ Return ] is wired: 1; IO mode=ap_ctrl_hs:ce=0
Port [ raw_sum_mantissa]:  wired=1; compound=0; hidden=0; nouse=0; global=0; static=0; extern=0; dir=0; type=0; pingpong=0; private_global=0; IO mode=ap_none:ce=0
Port [ raw_sign]:  wired=1; compound=0; hidden=0; nouse=0; global=0; static=0; extern=0; dir=0; type=0; pingpong=0; private_global=0; IO mode=ap_none:ce=0
Port [ target_exponent]:  wired=1; compound=0; hidden=0; nouse=0; global=0; static=0; extern=0; dir=0; type=0; pingpong=0; private_global=0; IO mode=ap_none:ce=0
---------------- STG Properties END ------------------

---------------- Datapath Model BEGIN ----------------

<LifeTime>
<method=bitvector/>
target_exponent_read  (read          ) [ 00]
raw_sign_read         (read          ) [ 00]
raw_sum_mantissa_read (read          ) [ 00]
icmp_ln49             (icmp          ) [ 01]
br_ln49               (br            ) [ 00]
tmp                   (bitselect     ) [ 01]
br_ln54               (br            ) [ 00]
tmp_1                 (bitselect     ) [ 01]
br_ln55               (br            ) [ 00]
tmp_2                 (bitselect     ) [ 01]
br_ln56               (br            ) [ 00]
tmp_3                 (bitselect     ) [ 01]
br_ln57               (br            ) [ 00]
tmp_4                 (bitselect     ) [ 01]
br_ln58               (br            ) [ 00]
tmp_5                 (bitselect     ) [ 01]
br_ln59               (br            ) [ 00]
tmp_6                 (bitselect     ) [ 01]
br_ln60               (br            ) [ 00]
tmp_7                 (bitselect     ) [ 01]
br_ln61               (br            ) [ 00]
tmp_8                 (bitselect     ) [ 01]
br_ln62               (br            ) [ 00]
tmp_9                 (bitselect     ) [ 01]
br_ln63               (br            ) [ 00]
tmp_10                (bitselect     ) [ 01]
br_ln64               (br            ) [ 00]
tmp_11                (bitselect     ) [ 01]
br_ln65               (br            ) [ 00]
tmp_12                (bitselect     ) [ 01]
br_ln66               (br            ) [ 00]
tmp_13                (bitselect     ) [ 01]
br_ln67               (br            ) [ 00]
tmp_14                (bitselect     ) [ 01]
br_ln68               (br            ) [ 00]
tmp_15                (bitselect     ) [ 01]
br_ln69               (br            ) [ 00]
tmp_16                (bitselect     ) [ 01]
br_ln70               (br            ) [ 00]
tmp_17                (bitselect     ) [ 01]
br_ln71               (br            ) [ 00]
tmp_18                (bitselect     ) [ 01]
br_ln72               (br            ) [ 00]
tmp_19                (bitselect     ) [ 01]
br_ln73               (br            ) [ 00]
tmp_20                (bitselect     ) [ 01]
br_ln74               (br            ) [ 00]
tmp_21                (bitselect     ) [ 01]
br_ln75               (br            ) [ 00]
tmp_22                (bitselect     ) [ 01]
br_ln76               (br            ) [ 00]
tmp_23                (bitselect     ) [ 01]
br_ln77               (br            ) [ 00]
exp_24                (add           ) [ 00]
br_ln0                (br            ) [ 00]
trunc_ln77            (trunc         ) [ 00]
norm24_21             (bitconcatenate) [ 00]
exp_22                (add           ) [ 00]
br_ln77               (br            ) [ 00]
trunc_ln76            (trunc         ) [ 00]
norm24_20             (bitconcatenate) [ 00]
exp_21                (add           ) [ 00]
br_ln76               (br            ) [ 00]
trunc_ln75            (trunc         ) [ 00]
norm24_19             (bitconcatenate) [ 00]
exp_20                (add           ) [ 00]
br_ln75               (br            ) [ 00]
trunc_ln74            (trunc         ) [ 00]
norm24_18             (bitconcatenate) [ 00]
exp_19                (add           ) [ 00]
br_ln74               (br            ) [ 00]
trunc_ln73            (trunc         ) [ 00]
norm24_17             (bitconcatenate) [ 00]
exp_18                (add           ) [ 00]
br_ln73               (br            ) [ 00]
trunc_ln72            (trunc         ) [ 00]
norm24_16             (bitconcatenate) [ 00]
exp_17                (add           ) [ 00]
br_ln72               (br            ) [ 00]
trunc_ln71            (trunc         ) [ 00]
norm24_15             (bitconcatenate) [ 00]
exp_16                (add           ) [ 00]
br_ln71               (br            ) [ 00]
trunc_ln70            (trunc         ) [ 00]
norm24_14             (bitconcatenate) [ 00]
exp_15                (add           ) [ 00]
br_ln70               (br            ) [ 00]
trunc_ln69            (trunc         ) [ 00]
norm24_13             (bitconcatenate) [ 00]
exp_14                (add           ) [ 00]
br_ln69               (br            ) [ 00]
trunc_ln68            (trunc         ) [ 00]
norm24_12             (bitconcatenate) [ 00]
exp_13                (add           ) [ 00]
br_ln68               (br            ) [ 00]
trunc_ln67            (trunc         ) [ 00]
norm24_11             (bitconcatenate) [ 00]
exp_12                (add           ) [ 00]
br_ln67               (br            ) [ 00]
trunc_ln66            (trunc         ) [ 00]
norm24_10             (bitconcatenate) [ 00]
exp_11                (add           ) [ 00]
br_ln66               (br            ) [ 00]
trunc_ln65            (trunc         ) [ 00]
norm24_9              (bitconcatenate) [ 00]
exp_10                (add           ) [ 00]
br_ln65               (br            ) [ 00]
trunc_ln64            (trunc         ) [ 00]
norm24_8              (bitconcatenate) [ 00]
exp_9                 (add           ) [ 00]
br_ln64               (br            ) [ 00]
trunc_ln63            (trunc         ) [ 00]
norm24_7              (bitconcatenate) [ 00]
exp_8                 (add           ) [ 00]
br_ln63               (br            ) [ 00]
trunc_ln62            (trunc         ) [ 00]
norm24_6              (bitconcatenate) [ 00]
exp_7                 (add           ) [ 00]
br_ln62               (br            ) [ 00]
trunc_ln61            (trunc         ) [ 00]
norm24_5              (bitconcatenate) [ 00]
exp_6                 (add           ) [ 00]
br_ln61               (br            ) [ 00]
trunc_ln60            (trunc         ) [ 00]
norm24_4              (bitconcatenate) [ 00]
exp_5                 (add           ) [ 00]
br_ln60               (br            ) [ 00]
trunc_ln59            (trunc         ) [ 00]
norm24_3              (bitconcatenate) [ 00]
exp_4                 (add           ) [ 00]
br_ln59               (br            ) [ 00]
trunc_ln58            (trunc         ) [ 00]
norm24_2              (bitconcatenate) [ 00]
exp_3                 (add           ) [ 00]
br_ln58               (br            ) [ 00]
trunc_ln57            (trunc         ) [ 00]
norm24_1              (bitconcatenate) [ 00]
exp_2                 (add           ) [ 00]
br_ln57               (br            ) [ 00]
trunc_ln56            (trunc         ) [ 00]
norm24                (bitconcatenate) [ 00]
exp_1                 (add           ) [ 00]
br_ln56               (br            ) [ 00]
trunc_ln53            (trunc         ) [ 00]
br_ln55               (br            ) [ 00]
norm24_cast           (partselect    ) [ 00]
exp                   (add           ) [ 00]
br_ln54               (br            ) [ 00]
exp_23                (phi           ) [ 00]
norm24_22             (phi           ) [ 00]
tmp_s                 (bitconcatenate) [ 00]
br_ln0                (br            ) [ 00]
agg_result_0          (phi           ) [ 00]
ret_ln81              (ret           ) [ 00]
</LifeTime>

<model>

<comp_list>
<comp id="0" class="1000" name="raw_sum_mantissa">
<pin_list>
<pin id="1" dir="1" index="0" bw="1" slack="0"/>
</pin_list>
<bind>
<StgValue><ssdm name="raw_sum_mantissa"/></StgValue>
</bind>
</comp>

<comp id="2" class="1000" name="raw_sign">
<pin_list>
<pin id="3" dir="1" index="0" bw="1" slack="0"/>
</pin_list>
<bind>
<StgValue><ssdm name="raw_sign"/></StgValue>
</bind>
</comp>

<comp id="4" class="1000" name="target_exponent">
<pin_list>
<pin id="5" dir="1" index="0" bw="1" slack="0"/>
</pin_list>
<bind>
<StgValue><ssdm name="target_exponent"/></StgValue>
</bind>
</comp>

<comp id="6" class="1001" name="const_6">
<pin_list>
<pin id="7" dir="1" index="0" bw="1" slack="0"/>
</pin_list>
<bind>
<StgValue><ssdm name="_ssdm_op_Read.ap_auto.i8"/></StgValue>
</bind>
</comp>

<comp id="8" class="1001" name="const_8">
<pin_list>
<pin id="9" dir="1" index="0" bw="1" slack="0"/>
</pin_list>
<bind>
<StgValue><ssdm name="_ssdm_op_Read.ap_auto.i1"/></StgValue>
</bind>
</comp>

<comp id="10" class="1001" name="const_10">
<pin_list>
<pin id="11" dir="1" index="0" bw="1" slack="0"/>
</pin_list>
<bind>
<StgValue><ssdm name="_ssdm_op_Read.ap_auto.i25"/></StgValue>
</bind>
</comp>

<comp id="12" class="1001" name="const_12">
<pin_list>
<pin id="13" dir="1" index="0" bw="1" slack="0"/>
</pin_list>
<bind>
<StgValue><ssdm name=""/></StgValue>
</bind>
</comp>

<comp id="14" class="1001" name="const_14">
<pin_list>
<pin id="15" dir="1" index="0" bw="1" slack="0"/>
</pin_list>
<bind>
<StgValue><ssdm name="_ssdm_op_BitSelect.i1.i25.i32"/></StgValue>
</bind>
</comp>

<comp id="16" class="1001" name="const_16">
<pin_list>
<pin id="17" dir="1" index="0" bw="1" slack="0"/>
</pin_list>
<bind>
<StgValue><ssdm name=""/></StgValue>
</bind>
</comp>

<comp id="18" class="1001" name="const_18">
<pin_list>
<pin id="19" dir="1" index="0" bw="1" slack="0"/>
</pin_list>
<bind>
<StgValue><ssdm name=""/></StgValue>
</bind>
</comp>

<comp id="20" class="1001" name="const_20">
<pin_list>
<pin id="21" dir="1" index="0" bw="1" slack="0"/>
</pin_list>
<bind>
<StgValue><ssdm name=""/></StgValue>
</bind>
</comp>

<comp id="22" class="1001" name="const_22">
<pin_list>
<pin id="23" dir="1" index="0" bw="1" slack="0"/>
</pin_list>
<bind>
<StgValue><ssdm name=""/></StgValue>
</bind>
</comp>

<comp id="24" class="1001" name="const_24">
<pin_list>
<pin id="25" dir="1" index="0" bw="1" slack="0"/>
</pin_list>
<bind>
<StgValue><ssdm name=""/></StgValue>
</bind>
</comp>

<comp id="26" class="1001" name="const_26">
<pin_list>
<pin id="27" dir="1" index="0" bw="1" slack="0"/>
</pin_list>
<bind>
<StgValue><ssdm name=""/></StgValue>
</bind>
</comp>

<comp id="28" class="1001" name="const_28">
<pin_list>
<pin id="29" dir="1" index="0" bw="1" slack="0"/>
</pin_list>
<bind>
<StgValue><ssdm name=""/></StgValue>
</bind>
</comp>

<comp id="30" class="1001" name="const_30">
<pin_list>
<pin id="31" dir="1" index="0" bw="1" slack="0"/>
</pin_list>
<bind>
<StgValue><ssdm name=""/></StgValue>
</bind>
</comp>

<comp id="32" class="1001" name="const_32">
<pin_list>
<pin id="33" dir="1" index="0" bw="1" slack="0"/>
</pin_list>
<bind>
<StgValue><ssdm name=""/></StgValue>
</bind>
</comp>

<comp id="34" class="1001" name="const_34">
<pin_list>
<pin id="35" dir="1" index="0" bw="1" slack="0"/>
</pin_list>
<bind>
<StgValue><ssdm name=""/></StgValue>
</bind>
</comp>

<comp id="36" class="1001" name="const_36">
<pin_list>
<pin id="37" dir="1" index="0" bw="1" slack="0"/>
</pin_list>
<bind>
<StgValue><ssdm name=""/></StgValue>
</bind>
</comp>

<comp id="38" class="1001" name="const_38">
<pin_list>
<pin id="39" dir="1" index="0" bw="1" slack="0"/>
</pin_list>
<bind>
<StgValue><ssdm name=""/></StgValue>
</bind>
</comp>

<comp id="40" class="1001" name="const_40">
<pin_list>
<pin id="41" dir="1" index="0" bw="1" slack="0"/>
</pin_list>
<bind>
<StgValue><ssdm name=""/></StgValue>
</bind>
</comp>

<comp id="42" class="1001" name="const_42">
<pin_list>
<pin id="43" dir="1" index="0" bw="1" slack="0"/>
</pin_list>
<bind>
<StgValue><ssdm name=""/></StgValue>
</bind>
</comp>

<comp id="44" class="1001" name="const_44">
<pin_list>
<pin id="45" dir="1" index="0" bw="1" slack="0"/>
</pin_list>
<bind>
<StgValue><ssdm name=""/></StgValue>
</bind>
</comp>

<comp id="46" class="1001" name="const_46">
<pin_list>
<pin id="47" dir="1" index="0" bw="1" slack="0"/>
</pin_list>
<bind>
<StgValue><ssdm name=""/></StgValue>
</bind>
</comp>

<comp id="48" class="1001" name="const_48">
<pin_list>
<pin id="49" dir="1" index="0" bw="1" slack="0"/>
</pin_list>
<bind>
<StgValue><ssdm name=""/></StgValue>
</bind>
</comp>

<comp id="50" class="1001" name="const_50">
<pin_list>
<pin id="51" dir="1" index="0" bw="1" slack="0"/>
</pin_list>
<bind>
<StgValue><ssdm name=""/></StgValue>
</bind>
</comp>

<comp id="52" class="1001" name="const_52">
<pin_list>
<pin id="53" dir="1" index="0" bw="1" slack="0"/>
</pin_list>
<bind>
<StgValue><ssdm name=""/></StgValue>
</bind>
</comp>

<comp id="54" class="1001" name="const_54">
<pin_list>
<pin id="55" dir="1" index="0" bw="1" slack="0"/>
</pin_list>
<bind>
<StgValue><ssdm name=""/></StgValue>
</bind>
</comp>

<comp id="56" class="1001" name="const_56">
<pin_list>
<pin id="57" dir="1" index="0" bw="1" slack="0"/>
</pin_list>
<bind>
<StgValue><ssdm name=""/></StgValue>
</bind>
</comp>

<comp id="58" class="1001" name="const_58">
<pin_list>
<pin id="59" dir="1" index="0" bw="1" slack="0"/>
</pin_list>
<bind>
<StgValue><ssdm name=""/></StgValue>
</bind>
</comp>

<comp id="60" class="1001" name="const_60">
<pin_list>
<pin id="61" dir="1" index="0" bw="1" slack="0"/>
</pin_list>
<bind>
<StgValue><ssdm name=""/></StgValue>
</bind>
</comp>

<comp id="62" class="1001" name="const_62">
<pin_list>
<pin id="63" dir="1" index="0" bw="1" slack="0"/>
</pin_list>
<bind>
<StgValue><ssdm name=""/></StgValue>
</bind>
</comp>

<comp id="64" class="1001" name="const_64">
<pin_list>
<pin id="65" dir="1" index="0" bw="1" slack="0"/>
</pin_list>
<bind>
<StgValue><ssdm name=""/></StgValue>
</bind>
</comp>

<comp id="66" class="1001" name="const_66">
<pin_list>
<pin id="67" dir="1" index="0" bw="1" slack="0"/>
</pin_list>
<bind>
<StgValue><ssdm name="_ssdm_op_BitConcatenate.i23.i1.i22"/></StgValue>
</bind>
</comp>

<comp id="68" class="1001" name="const_68">
<pin_list>
<pin id="69" dir="1" index="0" bw="1" slack="0"/>
</pin_list>
<bind>
<StgValue><ssdm name=""/></StgValue>
</bind>
</comp>

<comp id="70" class="1001" name="const_70">
<pin_list>
<pin id="71" dir="1" index="0" bw="1" slack="0"/>
</pin_list>
<bind>
<StgValue><ssdm name=""/></StgValue>
</bind>
</comp>

<comp id="72" class="1001" name="const_72">
<pin_list>
<pin id="73" dir="1" index="0" bw="1" slack="0"/>
</pin_list>
<bind>
<StgValue><ssdm name="_ssdm_op_BitConcatenate.i23.i2.i21"/></StgValue>
</bind>
</comp>

<comp id="74" class="1001" name="const_74">
<pin_list>
<pin id="75" dir="1" index="0" bw="1" slack="0"/>
</pin_list>
<bind>
<StgValue><ssdm name=""/></StgValue>
</bind>
</comp>

<comp id="76" class="1001" name="const_76">
<pin_list>
<pin id="77" dir="1" index="0" bw="1" slack="0"/>
</pin_list>
<bind>
<StgValue><ssdm name=""/></StgValue>
</bind>
</comp>

<comp id="78" class="1001" name="const_78">
<pin_list>
<pin id="79" dir="1" index="0" bw="1" slack="0"/>
</pin_list>
<bind>
<StgValue><ssdm name="_ssdm_op_BitConcatenate.i23.i3.i20"/></StgValue>
</bind>
</comp>

<comp id="80" class="1001" name="const_80">
<pin_list>
<pin id="81" dir="1" index="0" bw="1" slack="0"/>
</pin_list>
<bind>
<StgValue><ssdm name=""/></StgValue>
</bind>
</comp>

<comp id="82" class="1001" name="const_82">
<pin_list>
<pin id="83" dir="1" index="0" bw="1" slack="0"/>
</pin_list>
<bind>
<StgValue><ssdm name=""/></StgValue>
</bind>
</comp>

<comp id="84" class="1001" name="const_84">
<pin_list>
<pin id="85" dir="1" index="0" bw="1" slack="0"/>
</pin_list>
<bind>
<StgValue><ssdm name="_ssdm_op_BitConcatenate.i23.i4.i19"/></StgValue>
</bind>
</comp>

<comp id="86" class="1001" name="const_86">
<pin_list>
<pin id="87" dir="1" index="0" bw="1" slack="0"/>
</pin_list>
<bind>
<StgValue><ssdm name=""/></StgValue>
</bind>
</comp>

<comp id="88" class="1001" name="const_88">
<pin_list>
<pin id="89" dir="1" index="0" bw="1" slack="0"/>
</pin_list>
<bind>
<StgValue><ssdm name=""/></StgValue>
</bind>
</comp>

<comp id="90" class="1001" name="const_90">
<pin_list>
<pin id="91" dir="1" index="0" bw="1" slack="0"/>
</pin_list>
<bind>
<StgValue><ssdm name="_ssdm_op_BitConcatenate.i23.i5.i18"/></StgValue>
</bind>
</comp>

<comp id="92" class="1001" name="const_92">
<pin_list>
<pin id="93" dir="1" index="0" bw="1" slack="0"/>
</pin_list>
<bind>
<StgValue><ssdm name=""/></StgValue>
</bind>
</comp>

<comp id="94" class="1001" name="const_94">
<pin_list>
<pin id="95" dir="1" index="0" bw="1" slack="0"/>
</pin_list>
<bind>
<StgValue><ssdm name=""/></StgValue>
</bind>
</comp>

<comp id="96" class="1001" name="const_96">
<pin_list>
<pin id="97" dir="1" index="0" bw="1" slack="0"/>
</pin_list>
<bind>
<StgValue><ssdm name="_ssdm_op_BitConcatenate.i23.i6.i17"/></StgValue>
</bind>
</comp>

<comp id="98" class="1001" name="const_98">
<pin_list>
<pin id="99" dir="1" index="0" bw="1" slack="0"/>
</pin_list>
<bind>
<StgValue><ssdm name=""/></StgValue>
</bind>
</comp>

<comp id="100" class="1001" name="const_100">
<pin_list>
<pin id="101" dir="1" index="0" bw="1" slack="0"/>
</pin_list>
<bind>
<StgValue><ssdm name=""/></StgValue>
</bind>
</comp>

<comp id="102" class="1001" name="const_102">
<pin_list>
<pin id="103" dir="1" index="0" bw="1" slack="0"/>
</pin_list>
<bind>
<StgValue><ssdm name="_ssdm_op_BitConcatenate.i23.i7.i16"/></StgValue>
</bind>
</comp>

<comp id="104" class="1001" name="const_104">
<pin_list>
<pin id="105" dir="1" index="0" bw="1" slack="0"/>
</pin_list>
<bind>
<StgValue><ssdm name=""/></StgValue>
</bind>
</comp>

<comp id="106" class="1001" name="const_106">
<pin_list>
<pin id="107" dir="1" index="0" bw="1" slack="0"/>
</pin_list>
<bind>
<StgValue><ssdm name=""/></StgValue>
</bind>
</comp>

<comp id="108" class="1001" name="const_108">
<pin_list>
<pin id="109" dir="1" index="0" bw="1" slack="0"/>
</pin_list>
<bind>
<StgValue><ssdm name="_ssdm_op_BitConcatenate.i23.i8.i15"/></StgValue>
</bind>
</comp>

<comp id="110" class="1001" name="const_110">
<pin_list>
<pin id="111" dir="1" index="0" bw="1" slack="0"/>
</pin_list>
<bind>
<StgValue><ssdm name=""/></StgValue>
</bind>
</comp>

<comp id="112" class="1001" name="const_112">
<pin_list>
<pin id="113" dir="1" index="0" bw="1" slack="0"/>
</pin_list>
<bind>
<StgValue><ssdm name=""/></StgValue>
</bind>
</comp>

<comp id="114" class="1001" name="const_114">
<pin_list>
<pin id="115" dir="1" index="0" bw="1" slack="0"/>
</pin_list>
<bind>
<StgValue><ssdm name="_ssdm_op_BitConcatenate.i23.i9.i14"/></StgValue>
</bind>
</comp>

<comp id="116" class="1001" name="const_116">
<pin_list>
<pin id="117" dir="1" index="0" bw="1" slack="0"/>
</pin_list>
<bind>
<StgValue><ssdm name=""/></StgValue>
</bind>
</comp>

<comp id="118" class="1001" name="const_118">
<pin_list>
<pin id="119" dir="1" index="0" bw="1" slack="0"/>
</pin_list>
<bind>
<StgValue><ssdm name=""/></StgValue>
</bind>
</comp>

<comp id="120" class="1001" name="const_120">
<pin_list>
<pin id="121" dir="1" index="0" bw="1" slack="0"/>
</pin_list>
<bind>
<StgValue><ssdm name="_ssdm_op_BitConcatenate.i23.i10.i13"/></StgValue>
</bind>
</comp>

<comp id="122" class="1001" name="const_122">
<pin_list>
<pin id="123" dir="1" index="0" bw="1" slack="0"/>
</pin_list>
<bind>
<StgValue><ssdm name=""/></StgValue>
</bind>
</comp>

<comp id="124" class="1001" name="const_124">
<pin_list>
<pin id="125" dir="1" index="0" bw="1" slack="0"/>
</pin_list>
<bind>
<StgValue><ssdm name=""/></StgValue>
</bind>
</comp>

<comp id="126" class="1001" name="const_126">
<pin_list>
<pin id="127" dir="1" index="0" bw="1" slack="0"/>
</pin_list>
<bind>
<StgValue><ssdm name="_ssdm_op_BitConcatenate.i23.i11.i12"/></StgValue>
</bind>
</comp>

<comp id="128" class="1001" name="const_128">
<pin_list>
<pin id="129" dir="1" index="0" bw="1" slack="0"/>
</pin_list>
<bind>
<StgValue><ssdm name=""/></StgValue>
</bind>
</comp>

<comp id="130" class="1001" name="const_130">
<pin_list>
<pin id="131" dir="1" index="0" bw="1" slack="0"/>
</pin_list>
<bind>
<StgValue><ssdm name=""/></StgValue>
</bind>
</comp>

<comp id="132" class="1001" name="const_132">
<pin_list>
<pin id="133" dir="1" index="0" bw="1" slack="0"/>
</pin_list>
<bind>
<StgValue><ssdm name="_ssdm_op_BitConcatenate.i23.i12.i11"/></StgValue>
</bind>
</comp>

<comp id="134" class="1001" name="const_134">
<pin_list>
<pin id="135" dir="1" index="0" bw="1" slack="0"/>
</pin_list>
<bind>
<StgValue><ssdm name=""/></StgValue>
</bind>
</comp>

<comp id="136" class="1001" name="const_136">
<pin_list>
<pin id="137" dir="1" index="0" bw="1" slack="0"/>
</pin_list>
<bind>
<StgValue><ssdm name=""/></StgValue>
</bind>
</comp>

<comp id="138" class="1001" name="const_138">
<pin_list>
<pin id="139" dir="1" index="0" bw="1" slack="0"/>
</pin_list>
<bind>
<StgValue><ssdm name="_ssdm_op_BitConcatenate.i23.i13.i10"/></StgValue>
</bind>
</comp>

<comp id="140" class="1001" name="const_140">
<pin_list>
<pin id="141" dir="1" index="0" bw="1" slack="0"/>
</pin_list>
<bind>
<StgValue><ssdm name=""/></StgValue>
</bind>
</comp>

<comp id="142" class="1001" name="const_142">
<pin_list>
<pin id="143" dir="1" index="0" bw="1" slack="0"/>
</pin_list>
<bind>
<StgValue><ssdm name=""/></StgValue>
</bind>
</comp>

<comp id="144" class="1001" name="const_144">
<pin_list>
<pin id="145" dir="1" index="0" bw="1" slack="0"/>
</pin_list>
<bind>
<StgValue><ssdm name="_ssdm_op_BitConcatenate.i23.i14.i9"/></StgValue>
</bind>
</comp>

<comp id="146" class="1001" name="const_146">
<pin_list>
<pin id="147" dir="1" index="0" bw="1" slack="0"/>
</pin_list>
<bind>
<StgValue><ssdm name=""/></StgValue>
</bind>
</comp>

<comp id="148" class="1001" name="const_148">
<pin_list>
<pin id="149" dir="1" index="0" bw="1" slack="0"/>
</pin_list>
<bind>
<StgValue><ssdm name=""/></StgValue>
</bind>
</comp>

<comp id="150" class="1001" name="const_150">
<pin_list>
<pin id="151" dir="1" index="0" bw="1" slack="0"/>
</pin_list>
<bind>
<StgValue><ssdm name="_ssdm_op_BitConcatenate.i23.i15.i8"/></StgValue>
</bind>
</comp>

<comp id="152" class="1001" name="const_152">
<pin_list>
<pin id="153" dir="1" index="0" bw="1" slack="0"/>
</pin_list>
<bind>
<StgValue><ssdm name=""/></StgValue>
</bind>
</comp>

<comp id="154" class="1001" name="const_154">
<pin_list>
<pin id="155" dir="1" index="0" bw="1" slack="0"/>
</pin_list>
<bind>
<StgValue><ssdm name=""/></StgValue>
</bind>
</comp>

<comp id="156" class="1001" name="const_156">
<pin_list>
<pin id="157" dir="1" index="0" bw="1" slack="0"/>
</pin_list>
<bind>
<StgValue><ssdm name="_ssdm_op_BitConcatenate.i23.i16.i7"/></StgValue>
</bind>
</comp>

<comp id="158" class="1001" name="const_158">
<pin_list>
<pin id="159" dir="1" index="0" bw="1" slack="0"/>
</pin_list>
<bind>
<StgValue><ssdm name=""/></StgValue>
</bind>
</comp>

<comp id="160" class="1001" name="const_160">
<pin_list>
<pin id="161" dir="1" index="0" bw="1" slack="0"/>
</pin_list>
<bind>
<StgValue><ssdm name=""/></StgValue>
</bind>
</comp>

<comp id="162" class="1001" name="const_162">
<pin_list>
<pin id="163" dir="1" index="0" bw="1" slack="0"/>
</pin_list>
<bind>
<StgValue><ssdm name="_ssdm_op_BitConcatenate.i23.i17.i6"/></StgValue>
</bind>
</comp>

<comp id="164" class="1001" name="const_164">
<pin_list>
<pin id="165" dir="1" index="0" bw="1" slack="0"/>
</pin_list>
<bind>
<StgValue><ssdm name=""/></StgValue>
</bind>
</comp>

<comp id="166" class="1001" name="const_166">
<pin_list>
<pin id="167" dir="1" index="0" bw="1" slack="0"/>
</pin_list>
<bind>
<StgValue><ssdm name=""/></StgValue>
</bind>
</comp>

<comp id="168" class="1001" name="const_168">
<pin_list>
<pin id="169" dir="1" index="0" bw="1" slack="0"/>
</pin_list>
<bind>
<StgValue><ssdm name="_ssdm_op_BitConcatenate.i23.i18.i5"/></StgValue>
</bind>
</comp>

<comp id="170" class="1001" name="const_170">
<pin_list>
<pin id="171" dir="1" index="0" bw="1" slack="0"/>
</pin_list>
<bind>
<StgValue><ssdm name=""/></StgValue>
</bind>
</comp>

<comp id="172" class="1001" name="const_172">
<pin_list>
<pin id="173" dir="1" index="0" bw="1" slack="0"/>
</pin_list>
<bind>
<StgValue><ssdm name=""/></StgValue>
</bind>
</comp>

<comp id="174" class="1001" name="const_174">
<pin_list>
<pin id="175" dir="1" index="0" bw="1" slack="0"/>
</pin_list>
<bind>
<StgValue><ssdm name="_ssdm_op_BitConcatenate.i23.i19.i4"/></StgValue>
</bind>
</comp>

<comp id="176" class="1001" name="const_176">
<pin_list>
<pin id="177" dir="1" index="0" bw="1" slack="0"/>
</pin_list>
<bind>
<StgValue><ssdm name=""/></StgValue>
</bind>
</comp>

<comp id="178" class="1001" name="const_178">
<pin_list>
<pin id="179" dir="1" index="0" bw="1" slack="0"/>
</pin_list>
<bind>
<StgValue><ssdm name=""/></StgValue>
</bind>
</comp>

<comp id="180" class="1001" name="const_180">
<pin_list>
<pin id="181" dir="1" index="0" bw="1" slack="0"/>
</pin_list>
<bind>
<StgValue><ssdm name="_ssdm_op_BitConcatenate.i23.i20.i3"/></StgValue>
</bind>
</comp>

<comp id="182" class="1001" name="const_182">
<pin_list>
<pin id="183" dir="1" index="0" bw="1" slack="0"/>
</pin_list>
<bind>
<StgValue><ssdm name=""/></StgValue>
</bind>
</comp>

<comp id="184" class="1001" name="const_184">
<pin_list>
<pin id="185" dir="1" index="0" bw="1" slack="0"/>
</pin_list>
<bind>
<StgValue><ssdm name=""/></StgValue>
</bind>
</comp>

<comp id="186" class="1001" name="const_186">
<pin_list>
<pin id="187" dir="1" index="0" bw="1" slack="0"/>
</pin_list>
<bind>
<StgValue><ssdm name="_ssdm_op_BitConcatenate.i23.i21.i2"/></StgValue>
</bind>
</comp>

<comp id="188" class="1001" name="const_188">
<pin_list>
<pin id="189" dir="1" index="0" bw="1" slack="0"/>
</pin_list>
<bind>
<StgValue><ssdm name=""/></StgValue>
</bind>
</comp>

<comp id="190" class="1001" name="const_190">
<pin_list>
<pin id="191" dir="1" index="0" bw="1" slack="0"/>
</pin_list>
<bind>
<StgValue><ssdm name=""/></StgValue>
</bind>
</comp>

<comp id="192" class="1001" name="const_192">
<pin_list>
<pin id="193" dir="1" index="0" bw="1" slack="0"/>
</pin_list>
<bind>
<StgValue><ssdm name="_ssdm_op_BitConcatenate.i23.i22.i1"/></StgValue>
</bind>
</comp>

<comp id="194" class="1001" name="const_194">
<pin_list>
<pin id="195" dir="1" index="0" bw="1" slack="0"/>
</pin_list>
<bind>
<StgValue><ssdm name=""/></StgValue>
</bind>
</comp>

<comp id="196" class="1001" name="const_196">
<pin_list>
<pin id="197" dir="1" index="0" bw="1" slack="0"/>
</pin_list>
<bind>
<StgValue><ssdm name=""/></StgValue>
</bind>
</comp>

<comp id="198" class="1001" name="const_198">
<pin_list>
<pin id="199" dir="1" index="0" bw="1" slack="0"/>
</pin_list>
<bind>
<StgValue><ssdm name="_ssdm_op_PartSelect.i23.i25.i32.i32"/></StgValue>
</bind>
</comp>

<comp id="200" class="1001" name="const_200">
<pin_list>
<pin id="201" dir="1" index="0" bw="1" slack="0"/>
</pin_list>
<bind>
<StgValue><ssdm name=""/></StgValue>
</bind>
</comp>

<comp id="202" class="1001" name="const_202">
<pin_list>
<pin id="203" dir="1" index="0" bw="1" slack="0"/>
</pin_list>
<bind>
<StgValue><ssdm name=""/></StgValue>
</bind>
</comp>

<comp id="204" class="1001" name="const_204">
<pin_list>
<pin id="205" dir="1" index="0" bw="1" slack="0"/>
</pin_list>
<bind>
<StgValue><ssdm name="_ssdm_op_BitConcatenate.i32.i1.i8.i23"/></StgValue>
</bind>
</comp>

<comp id="206" class="1001" name="const_206">
<pin_list>
<pin id="207" dir="1" index="0" bw="1" slack="0"/>
</pin_list>
<bind>
<StgValue><ssdm name=""/></StgValue>
</bind>
</comp>

<comp id="208" class="1004" name="target_exponent_read_read_fu_208">
<pin_list>
<pin id="209" dir="0" index="0" bw="8" slack="0"/>
<pin id="210" dir="0" index="1" bw="8" slack="0"/>
<pin id="211" dir="1" index="2" bw="8" slack="0"/>
</pin_list>
<bind>
<opcode="read(1150) " fcode="read"/>
<opset="target_exponent_read/1 "/>
</bind>
</comp>

<comp id="214" class="1004" name="raw_sign_read_read_fu_214">
<pin_list>
<pin id="215" dir="0" index="0" bw="1" slack="0"/>
<pin id="216" dir="0" index="1" bw="1" slack="0"/>
<pin id="217" dir="1" index="2" bw="1" slack="0"/>
</pin_list>
<bind>
<opcode="read(1150) " fcode="read"/>
<opset="raw_sign_read/1 "/>
</bind>
</comp>

<comp id="220" class="1004" name="raw_sum_mantissa_read_read_fu_220">
<pin_list>
<pin id="221" dir="0" index="0" bw="25" slack="0"/>
<pin id="222" dir="0" index="1" bw="25" slack="0"/>
<pin id="223" dir="1" index="2" bw="25" slack="0"/>
</pin_list>
<bind>
<opcode="read(1150) " fcode="read"/>
<opset="raw_sum_mantissa_read/1 "/>
</bind>
</comp>

<comp id="226" class="1005" name="exp_23_reg_226">
<pin_list>
<pin id="227" dir="0" index="0" bw="8" slack="2147483647"/>
<pin id="228" dir="1" index="1" bw="8" slack="2147483647"/>
</pin_list>
<bind>
<opset="exp_23 (phireg) "/>
</bind>
</comp>

<comp id="229" class="1004" name="exp_23_phi_fu_229">
<pin_list>
<pin id="230" dir="0" index="0" bw="8" slack="0"/>
<pin id="231" dir="0" index="1" bw="0" slack="2147483647"/>
<pin id="232" dir="0" index="2" bw="8" slack="0"/>
<pin id="233" dir="0" index="3" bw="0" slack="2147483647"/>
<pin id="234" dir="0" index="4" bw="8" slack="0"/>
<pin id="235" dir="0" index="5" bw="0" slack="2147483647"/>
<pin id="236" dir="0" index="6" bw="8" slack="0"/>
<pin id="237" dir="0" index="7" bw="0" slack="2147483647"/>
<pin id="238" dir="0" index="8" bw="8" slack="0"/>
<pin id="239" dir="0" index="9" bw="0" slack="2147483647"/>
<pin id="240" dir="0" index="10" bw="8" slack="0"/>
<pin id="241" dir="0" index="11" bw="0" slack="2147483647"/>
<pin id="242" dir="0" index="12" bw="8" slack="0"/>
<pin id="243" dir="0" index="13" bw="0" slack="2147483647"/>
<pin id="244" dir="0" index="14" bw="8" slack="0"/>
<pin id="245" dir="0" index="15" bw="0" slack="2147483647"/>
<pin id="246" dir="0" index="16" bw="8" slack="0"/>
<pin id="247" dir="0" index="17" bw="0" slack="2147483647"/>
<pin id="248" dir="0" index="18" bw="8" slack="0"/>
<pin id="249" dir="0" index="19" bw="0" slack="2147483647"/>
<pin id="250" dir="0" index="20" bw="8" slack="0"/>
<pin id="251" dir="0" index="21" bw="0" slack="2147483647"/>
<pin id="252" dir="0" index="22" bw="8" slack="0"/>
<pin id="253" dir="0" index="23" bw="0" slack="2147483647"/>
<pin id="254" dir="0" index="24" bw="8" slack="0"/>
<pin id="255" dir="0" index="25" bw="0" slack="2147483647"/>
<pin id="256" dir="0" index="26" bw="8" slack="0"/>
<pin id="257" dir="0" index="27" bw="0" slack="2147483647"/>
<pin id="258" dir="0" index="28" bw="8" slack="0"/>
<pin id="259" dir="0" index="29" bw="0" slack="2147483647"/>
<pin id="260" dir="0" index="30" bw="8" slack="0"/>
<pin id="261" dir="0" index="31" bw="0" slack="2147483647"/>
<pin id="262" dir="0" index="32" bw="8" slack="0"/>
<pin id="263" dir="0" index="33" bw="0" slack="2147483647"/>
<pin id="264" dir="0" index="34" bw="8" slack="0"/>
<pin id="265" dir="0" index="35" bw="0" slack="2147483647"/>
<pin id="266" dir="0" index="36" bw="8" slack="0"/>
<pin id="267" dir="0" index="37" bw="0" slack="2147483647"/>
<pin id="268" dir="0" index="38" bw="8" slack="0"/>
<pin id="269" dir="0" index="39" bw="0" slack="2147483647"/>
<pin id="270" dir="0" index="40" bw="8" slack="0"/>
<pin id="271" dir="0" index="41" bw="0" slack="2147483647"/>
<pin id="272" dir="0" index="42" bw="8" slack="0"/>
<pin id="273" dir="0" index="43" bw="0" slack="2147483647"/>
<pin id="274" dir="0" index="44" bw="8" slack="0"/>
<pin id="275" dir="0" index="45" bw="0" slack="2147483647"/>
<pin id="276" dir="0" index="46" bw="8" slack="0"/>
<pin id="277" dir="0" index="47" bw="0" slack="2147483647"/>
<pin id="278" dir="0" index="48" bw="8" slack="0"/>
<pin id="279" dir="0" index="49" bw="0" slack="2147483647"/>
<pin id="280" dir="1" index="50" bw="8" slack="0"/>
</pin_list>
<bind>
<opcode="phi(47) " fcode="phi"/>
<opset="exp_23/1 "/>
</bind>
</comp>

<comp id="282" class="1005" name="norm24_22_reg_282">
<pin_list>
<pin id="283" dir="0" index="0" bw="23" slack="2147483647"/>
<pin id="284" dir="1" index="1" bw="23" slack="2147483647"/>
</pin_list>
<bind>
<opset="norm24_22 (phireg) "/>
</bind>
</comp>

<comp id="285" class="1004" name="norm24_22_phi_fu_285">
<pin_list>
<pin id="286" dir="0" index="0" bw="23" slack="0"/>
<pin id="287" dir="0" index="1" bw="0" slack="2147483647"/>
<pin id="288" dir="0" index="2" bw="23" slack="0"/>
<pin id="289" dir="0" index="3" bw="0" slack="2147483647"/>
<pin id="290" dir="0" index="4" bw="23" slack="0"/>
<pin id="291" dir="0" index="5" bw="0" slack="2147483647"/>
<pin id="292" dir="0" index="6" bw="23" slack="0"/>
<pin id="293" dir="0" index="7" bw="0" slack="2147483647"/>
<pin id="294" dir="0" index="8" bw="23" slack="0"/>
<pin id="295" dir="0" index="9" bw="0" slack="2147483647"/>
<pin id="296" dir="0" index="10" bw="23" slack="0"/>
<pin id="297" dir="0" index="11" bw="0" slack="2147483647"/>
<pin id="298" dir="0" index="12" bw="23" slack="0"/>
<pin id="299" dir="0" index="13" bw="0" slack="2147483647"/>
<pin id="300" dir="0" index="14" bw="23" slack="0"/>
<pin id="301" dir="0" index="15" bw="0" slack="2147483647"/>
<pin id="302" dir="0" index="16" bw="23" slack="0"/>
<pin id="303" dir="0" index="17" bw="0" slack="2147483647"/>
<pin id="304" dir="0" index="18" bw="23" slack="0"/>
<pin id="305" dir="0" index="19" bw="0" slack="2147483647"/>
<pin id="306" dir="0" index="20" bw="23" slack="0"/>
<pin id="307" dir="0" index="21" bw="0" slack="2147483647"/>
<pin id="308" dir="0" index="22" bw="23" slack="0"/>
<pin id="309" dir="0" index="23" bw="0" slack="2147483647"/>
<pin id="310" dir="0" index="24" bw="23" slack="0"/>
<pin id="311" dir="0" index="25" bw="0" slack="2147483647"/>
<pin id="312" dir="0" index="26" bw="23" slack="0"/>
<pin id="313" dir="0" index="27" bw="0" slack="2147483647"/>
<pin id="314" dir="0" index="28" bw="23" slack="0"/>
<pin id="315" dir="0" index="29" bw="0" slack="2147483647"/>
<pin id="316" dir="0" index="30" bw="23" slack="0"/>
<pin id="317" dir="0" index="31" bw="0" slack="2147483647"/>
<pin id="318" dir="0" index="32" bw="23" slack="0"/>
<pin id="319" dir="0" index="33" bw="0" slack="2147483647"/>
<pin id="320" dir="0" index="34" bw="23" slack="0"/>
<pin id="321" dir="0" index="35" bw="0" slack="2147483647"/>
<pin id="322" dir="0" index="36" bw="23" slack="0"/>
<pin id="323" dir="0" index="37" bw="0" slack="2147483647"/>
<pin id="324" dir="0" index="38" bw="23" slack="0"/>
<pin id="325" dir="0" index="39" bw="0" slack="2147483647"/>
<pin id="326" dir="0" index="40" bw="23" slack="0"/>
<pin id="327" dir="0" index="41" bw="0" slack="2147483647"/>
<pin id="328" dir="0" index="42" bw="23" slack="0"/>
<pin id="329" dir="0" index="43" bw="0" slack="2147483647"/>
<pin id="330" dir="0" index="44" bw="23" slack="0"/>
<pin id="331" dir="0" index="45" bw="0" slack="2147483647"/>
<pin id="332" dir="0" index="46" bw="23" slack="0"/>
<pin id="333" dir="0" index="47" bw="0" slack="2147483647"/>
<pin id="334" dir="0" index="48" bw="1" slack="0"/>
<pin id="335" dir="0" index="49" bw="0" slack="2147483647"/>
<pin id="336" dir="1" index="50" bw="23" slack="0"/>
</pin_list>
<bind>
<opcode="phi(47) " fcode="phi"/>
<opset="norm24_22/1 "/>
</bind>
</comp>

<comp id="338" class="1005" name="agg_result_0_reg_338">
<pin_list>
<pin id="339" dir="0" index="0" bw="32" slack="2147483647"/>
<pin id="340" dir="1" index="1" bw="32" slack="2147483647"/>
</pin_list>
<bind>
<opset="agg_result_0 (phireg) "/>
</bind>
</comp>

<comp id="341" class="1004" name="agg_result_0_phi_fu_341">
<pin_list>
<pin id="342" dir="0" index="0" bw="32" slack="0"/>
<pin id="343" dir="0" index="1" bw="0" slack="2147483647"/>
<pin id="344" dir="0" index="2" bw="1" slack="0"/>
<pin id="345" dir="0" index="3" bw="0" slack="2147483647"/>
<pin id="346" dir="1" index="4" bw="32" slack="2147483647"/>
</pin_list>
<bind>
<opcode="phi(47) " fcode="phi"/>
<opset="agg_result_0/1 "/>
</bind>
</comp>

<comp id="348" class="1004" name="icmp_ln49_fu_348">
<pin_list>
<pin id="349" dir="0" index="0" bw="25" slack="0"/>
<pin id="350" dir="0" index="1" bw="25" slack="0"/>
<pin id="351" dir="1" index="2" bw="1" slack="2147483647"/>
</pin_list>
<bind>
<opcode="icmp(45) " fcode="icmp"/>
<opset="icmp_ln49/1 "/>
</bind>
</comp>

<comp id="354" class="1004" name="tmp_fu_354">
<pin_list>
<pin id="355" dir="0" index="0" bw="1" slack="0"/>
<pin id="356" dir="0" index="1" bw="25" slack="0"/>
<pin id="357" dir="0" index="2" bw="6" slack="0"/>
<pin id="358" dir="1" index="3" bw="1" slack="2147483647"/>
</pin_list>
<bind>
<opcode="bitselect(1000) " fcode="bitselect"/>
<opset="tmp/1 "/>
</bind>
</comp>

<comp id="362" class="1004" name="tmp_1_fu_362">
<pin_list>
<pin id="363" dir="0" index="0" bw="1" slack="0"/>
<pin id="364" dir="0" index="1" bw="25" slack="0"/>
<pin id="365" dir="0" index="2" bw="6" slack="0"/>
<pin id="366" dir="1" index="3" bw="1" slack="2147483647"/>
</pin_list>
<bind>
<opcode="bitselect(1000) " fcode="bitselect"/>
<opset="tmp_1/1 "/>
</bind>
</comp>

<comp id="370" class="1004" name="tmp_2_fu_370">
<pin_list>
<pin id="371" dir="0" index="0" bw="1" slack="0"/>
<pin id="372" dir="0" index="1" bw="25" slack="0"/>
<pin id="373" dir="0" index="2" bw="6" slack="0"/>
<pin id="374" dir="1" index="3" bw="1" slack="2147483647"/>
</pin_list>
<bind>
<opcode="bitselect(1000) " fcode="bitselect"/>
<opset="tmp_2/1 "/>
</bind>
</comp>

<comp id="378" class="1004" name="tmp_3_fu_378">
<pin_list>
<pin id="379" dir="0" index="0" bw="1" slack="0"/>
<pin id="380" dir="0" index="1" bw="25" slack="0"/>
<pin id="381" dir="0" index="2" bw="6" slack="0"/>
<pin id="382" dir="1" index="3" bw="1" slack="2147483647"/>
</pin_list>
<bind>
<opcode="bitselect(1000) " fcode="bitselect"/>
<opset="tmp_3/1 "/>
</bind>
</comp>

<comp id="386" class="1004" name="tmp_4_fu_386">
<pin_list>
<pin id="387" dir="0" index="0" bw="1" slack="0"/>
<pin id="388" dir="0" index="1" bw="25" slack="0"/>
<pin id="389" dir="0" index="2" bw="6" slack="0"/>
<pin id="390" dir="1" index="3" bw="1" slack="2147483647"/>
</pin_list>
<bind>
<opcode="bitselect(1000) " fcode="bitselect"/>
<opset="tmp_4/1 "/>
</bind>
</comp>

<comp id="394" class="1004" name="tmp_5_fu_394">
<pin_list>
<pin id="395" dir="0" index="0" bw="1" slack="0"/>
<pin id="396" dir="0" index="1" bw="25" slack="0"/>
<pin id="397" dir="0" index="2" bw="6" slack="0"/>
<pin id="398" dir="1" index="3" bw="1" slack="2147483647"/>
</pin_list>
<bind>
<opcode="bitselect(1000) " fcode="bitselect"/>
<opset="tmp_5/1 "/>
</bind>
</comp>

<comp id="402" class="1004" name="tmp_6_fu_402">
<pin_list>
<pin id="403" dir="0" index="0" bw="1" slack="0"/>
<pin id="404" dir="0" index="1" bw="25" slack="0"/>
<pin id="405" dir="0" index="2" bw="6" slack="0"/>
<pin id="406" dir="1" index="3" bw="1" slack="2147483647"/>
</pin_list>
<bind>
<opcode="bitselect(1000) " fcode="bitselect"/>
<opset="tmp_6/1 "/>
</bind>
</comp>

<comp id="410" class="1004" name="tmp_7_fu_410">
<pin_list>
<pin id="411" dir="0" index="0" bw="1" slack="0"/>
<pin id="412" dir="0" index="1" bw="25" slack="0"/>
<pin id="413" dir="0" index="2" bw="6" slack="0"/>
<pin id="414" dir="1" index="3" bw="1" slack="2147483647"/>
</pin_list>
<bind>
<opcode="bitselect(1000) " fcode="bitselect"/>
<opset="tmp_7/1 "/>
</bind>
</comp>

<comp id="418" class="1004" name="tmp_8_fu_418">
<pin_list>
<pin id="419" dir="0" index="0" bw="1" slack="0"/>
<pin id="420" dir="0" index="1" bw="25" slack="0"/>
<pin id="421" dir="0" index="2" bw="6" slack="0"/>
<pin id="422" dir="1" index="3" bw="1" slack="2147483647"/>
</pin_list>
<bind>
<opcode="bitselect(1000) " fcode="bitselect"/>
<opset="tmp_8/1 "/>
</bind>
</comp>

<comp id="426" class="1004" name="tmp_9_fu_426">
<pin_list>
<pin id="427" dir="0" index="0" bw="1" slack="0"/>
<pin id="428" dir="0" index="1" bw="25" slack="0"/>
<pin id="429" dir="0" index="2" bw="5" slack="0"/>
<pin id="430" dir="1" index="3" bw="1" slack="2147483647"/>
</pin_list>
<bind>
<opcode="bitselect(1000) " fcode="bitselect"/>
<opset="tmp_9/1 "/>
</bind>
</comp>

<comp id="434" class="1004" name="tmp_10_fu_434">
<pin_list>
<pin id="435" dir="0" index="0" bw="1" slack="0"/>
<pin id="436" dir="0" index="1" bw="25" slack="0"/>
<pin id="437" dir="0" index="2" bw="5" slack="0"/>
<pin id="438" dir="1" index="3" bw="1" slack="2147483647"/>
</pin_list>
<bind>
<opcode="bitselect(1000) " fcode="bitselect"/>
<opset="tmp_10/1 "/>
</bind>
</comp>

<comp id="442" class="1004" name="tmp_11_fu_442">
<pin_list>
<pin id="443" dir="0" index="0" bw="1" slack="0"/>
<pin id="444" dir="0" index="1" bw="25" slack="0"/>
<pin id="445" dir="0" index="2" bw="5" slack="0"/>
<pin id="446" dir="1" index="3" bw="1" slack="2147483647"/>
</pin_list>
<bind>
<opcode="bitselect(1000) " fcode="bitselect"/>
<opset="tmp_11/1 "/>
</bind>
</comp>

<comp id="450" class="1004" name="tmp_12_fu_450">
<pin_list>
<pin id="451" dir="0" index="0" bw="1" slack="0"/>
<pin id="452" dir="0" index="1" bw="25" slack="0"/>
<pin id="453" dir="0" index="2" bw="5" slack="0"/>
<pin id="454" dir="1" index="3" bw="1" slack="2147483647"/>
</pin_list>
<bind>
<opcode="bitselect(1000) " fcode="bitselect"/>
<opset="tmp_12/1 "/>
</bind>
</comp>

<comp id="458" class="1004" name="tmp_13_fu_458">
<pin_list>
<pin id="459" dir="0" index="0" bw="1" slack="0"/>
<pin id="460" dir="0" index="1" bw="25" slack="0"/>
<pin id="461" dir="0" index="2" bw="5" slack="0"/>
<pin id="462" dir="1" index="3" bw="1" slack="2147483647"/>
</pin_list>
<bind>
<opcode="bitselect(1000) " fcode="bitselect"/>
<opset="tmp_13/1 "/>
</bind>
</comp>

<comp id="466" class="1004" name="tmp_14_fu_466">
<pin_list>
<pin id="467" dir="0" index="0" bw="1" slack="0"/>
<pin id="468" dir="0" index="1" bw="25" slack="0"/>
<pin id="469" dir="0" index="2" bw="5" slack="0"/>
<pin id="470" dir="1" index="3" bw="1" slack="2147483647"/>
</pin_list>
<bind>
<opcode="bitselect(1000) " fcode="bitselect"/>
<opset="tmp_14/1 "/>
</bind>
</comp>

<comp id="474" class="1004" name="tmp_15_fu_474">
<pin_list>
<pin id="475" dir="0" index="0" bw="1" slack="0"/>
<pin id="476" dir="0" index="1" bw="25" slack="0"/>
<pin id="477" dir="0" index="2" bw="5" slack="0"/>
<pin id="478" dir="1" index="3" bw="1" slack="2147483647"/>
</pin_list>
<bind>
<opcode="bitselect(1000) " fcode="bitselect"/>
<opset="tmp_15/1 "/>
</bind>
</comp>

<comp id="482" class="1004" name="tmp_16_fu_482">
<pin_list>
<pin id="483" dir="0" index="0" bw="1" slack="0"/>
<pin id="484" dir="0" index="1" bw="25" slack="0"/>
<pin id="485" dir="0" index="2" bw="5" slack="0"/>
<pin id="486" dir="1" index="3" bw="1" slack="2147483647"/>
</pin_list>
<bind>
<opcode="bitselect(1000) " fcode="bitselect"/>
<opset="tmp_16/1 "/>
</bind>
</comp>

<comp id="490" class="1004" name="tmp_17_fu_490">
<pin_list>
<pin id="491" dir="0" index="0" bw="1" slack="0"/>
<pin id="492" dir="0" index="1" bw="25" slack="0"/>
<pin id="493" dir="0" index="2" bw="4" slack="0"/>
<pin id="494" dir="1" index="3" bw="1" slack="2147483647"/>
</pin_list>
<bind>
<opcode="bitselect(1000) " fcode="bitselect"/>
<opset="tmp_17/1 "/>
</bind>
</comp>

<comp id="498" class="1004" name="tmp_18_fu_498">
<pin_list>
<pin id="499" dir="0" index="0" bw="1" slack="0"/>
<pin id="500" dir="0" index="1" bw="25" slack="0"/>
<pin id="501" dir="0" index="2" bw="4" slack="0"/>
<pin id="502" dir="1" index="3" bw="1" slack="2147483647"/>
</pin_list>
<bind>
<opcode="bitselect(1000) " fcode="bitselect"/>
<opset="tmp_18/1 "/>
</bind>
</comp>

<comp id="506" class="1004" name="tmp_19_fu_506">
<pin_list>
<pin id="507" dir="0" index="0" bw="1" slack="0"/>
<pin id="508" dir="0" index="1" bw="25" slack="0"/>
<pin id="509" dir="0" index="2" bw="4" slack="0"/>
<pin id="510" dir="1" index="3" bw="1" slack="2147483647"/>
</pin_list>
<bind>
<opcode="bitselect(1000) " fcode="bitselect"/>
<opset="tmp_19/1 "/>
</bind>
</comp>

<comp id="514" class="1004" name="tmp_20_fu_514">
<pin_list>
<pin id="515" dir="0" index="0" bw="1" slack="0"/>
<pin id="516" dir="0" index="1" bw="25" slack="0"/>
<pin id="517" dir="0" index="2" bw="4" slack="0"/>
<pin id="518" dir="1" index="3" bw="1" slack="2147483647"/>
</pin_list>
<bind>
<opcode="bitselect(1000) " fcode="bitselect"/>
<opset="tmp_20/1 "/>
</bind>
</comp>

<comp id="522" class="1004" name="tmp_21_fu_522">
<pin_list>
<pin id="523" dir="0" index="0" bw="1" slack="0"/>
<pin id="524" dir="0" index="1" bw="25" slack="0"/>
<pin id="525" dir="0" index="2" bw="3" slack="0"/>
<pin id="526" dir="1" index="3" bw="1" slack="2147483647"/>
</pin_list>
<bind>
<opcode="bitselect(1000) " fcode="bitselect"/>
<opset="tmp_21/1 "/>
</bind>
</comp>

<comp id="530" class="1004" name="tmp_22_fu_530">
<pin_list>
<pin id="531" dir="0" index="0" bw="1" slack="0"/>
<pin id="532" dir="0" index="1" bw="25" slack="0"/>
<pin id="533" dir="0" index="2" bw="3" slack="0"/>
<pin id="534" dir="1" index="3" bw="1" slack="2147483647"/>
</pin_list>
<bind>
<opcode="bitselect(1000) " fcode="bitselect"/>
<opset="tmp_22/1 "/>
</bind>
</comp>

<comp id="538" class="1004" name="tmp_23_fu_538">
<pin_list>
<pin id="539" dir="0" index="0" bw="1" slack="0"/>
<pin id="540" dir="0" index="1" bw="25" slack="0"/>
<pin id="541" dir="0" index="2" bw="1" slack="0"/>
<pin id="542" dir="1" index="3" bw="1" slack="2147483647"/>
</pin_list>
<bind>
<opcode="bitselect(1000) " fcode="bitselect"/>
<opset="tmp_23/1 "/>
</bind>
</comp>

<comp id="546" class="1004" name="exp_24_fu_546">
<pin_list>
<pin id="547" dir="0" index="0" bw="8" slack="0"/>
<pin id="548" dir="0" index="1" bw="6" slack="0"/>
<pin id="549" dir="1" index="2" bw="8" slack="0"/>
</pin_list>
<bind>
<opcode="add(8) " fcode="add"/>
<opset="exp_24/1 "/>
</bind>
</comp>

<comp id="553" class="1004" name="trunc_ln77_fu_553">
<pin_list>
<pin id="554" dir="0" index="0" bw="25" slack="0"/>
<pin id="555" dir="1" index="1" bw="1" slack="0"/>
</pin_list>
<bind>
<opcode="trunc(33) " fcode="trunc"/>
<opset="trunc_ln77/1 "/>
</bind>
</comp>

<comp id="557" class="1004" name="norm24_21_fu_557">
<pin_list>
<pin id="558" dir="0" index="0" bw="23" slack="0"/>
<pin id="559" dir="0" index="1" bw="1" slack="0"/>
<pin id="560" dir="0" index="2" bw="1" slack="0"/>
<pin id="561" dir="1" index="3" bw="23" slack="0"/>
</pin_list>
<bind>
<opcode="bitconcatenate(1004) " fcode="bitconcatenate"/>
<opset="norm24_21/1 "/>
</bind>
</comp>

<comp id="566" class="1004" name="exp_22_fu_566">
<pin_list>
<pin id="567" dir="0" index="0" bw="8" slack="0"/>
<pin id="568" dir="0" index="1" bw="6" slack="0"/>
<pin id="569" dir="1" index="2" bw="8" slack="0"/>
</pin_list>
<bind>
<opcode="add(8) " fcode="add"/>
<opset="exp_22/1 "/>
</bind>
</comp>

<comp id="573" class="1004" name="trunc_ln76_fu_573">
<pin_list>
<pin id="574" dir="0" index="0" bw="25" slack="0"/>
<pin id="575" dir="1" index="1" bw="2" slack="0"/>
</pin_list>
<bind>
<opcode="trunc(33) " fcode="trunc"/>
<opset="trunc_ln76/1 "/>
</bind>
</comp>

<comp id="577" class="1004" name="norm24_20_fu_577">
<pin_list>
<pin id="578" dir="0" index="0" bw="23" slack="0"/>
<pin id="579" dir="0" index="1" bw="2" slack="0"/>
<pin id="580" dir="0" index="2" bw="1" slack="0"/>
<pin id="581" dir="1" index="3" bw="23" slack="0"/>
</pin_list>
<bind>
<opcode="bitconcatenate(1004) " fcode="bitconcatenate"/>
<opset="norm24_20/1 "/>
</bind>
</comp>

<comp id="586" class="1004" name="exp_21_fu_586">
<pin_list>
<pin id="587" dir="0" index="0" bw="8" slack="0"/>
<pin id="588" dir="0" index="1" bw="6" slack="0"/>
<pin id="589" dir="1" index="2" bw="8" slack="0"/>
</pin_list>
<bind>
<opcode="add(8) " fcode="add"/>
<opset="exp_21/1 "/>
</bind>
</comp>

<comp id="593" class="1004" name="trunc_ln75_fu_593">
<pin_list>
<pin id="594" dir="0" index="0" bw="25" slack="0"/>
<pin id="595" dir="1" index="1" bw="3" slack="0"/>
</pin_list>
<bind>
<opcode="trunc(33) " fcode="trunc"/>
<opset="trunc_ln75/1 "/>
</bind>
</comp>

<comp id="597" class="1004" name="norm24_19_fu_597">
<pin_list>
<pin id="598" dir="0" index="0" bw="23" slack="0"/>
<pin id="599" dir="0" index="1" bw="3" slack="0"/>
<pin id="600" dir="0" index="2" bw="1" slack="0"/>
<pin id="601" dir="1" index="3" bw="23" slack="0"/>
</pin_list>
<bind>
<opcode="bitconcatenate(1004) " fcode="bitconcatenate"/>
<opset="norm24_19/1 "/>
</bind>
</comp>

<comp id="606" class="1004" name="exp_20_fu_606">
<pin_list>
<pin id="607" dir="0" index="0" bw="8" slack="0"/>
<pin id="608" dir="0" index="1" bw="6" slack="0"/>
<pin id="609" dir="1" index="2" bw="8" slack="0"/>
</pin_list>
<bind>
<opcode="add(8) " fcode="add"/>
<opset="exp_20/1 "/>
</bind>
</comp>

<comp id="613" class="1004" name="trunc_ln74_fu_613">
<pin_list>
<pin id="614" dir="0" index="0" bw="25" slack="0"/>
<pin id="615" dir="1" index="1" bw="4" slack="0"/>
</pin_list>
<bind>
<opcode="trunc(33) " fcode="trunc"/>
<opset="trunc_ln74/1 "/>
</bind>
</comp>

<comp id="617" class="1004" name="norm24_18_fu_617">
<pin_list>
<pin id="618" dir="0" index="0" bw="23" slack="0"/>
<pin id="619" dir="0" index="1" bw="4" slack="0"/>
<pin id="620" dir="0" index="2" bw="1" slack="0"/>
<pin id="621" dir="1" index="3" bw="23" slack="0"/>
</pin_list>
<bind>
<opcode="bitconcatenate(1004) " fcode="bitconcatenate"/>
<opset="norm24_18/1 "/>
</bind>
</comp>

<comp id="626" class="1004" name="exp_19_fu_626">
<pin_list>
<pin id="627" dir="0" index="0" bw="8" slack="0"/>
<pin id="628" dir="0" index="1" bw="6" slack="0"/>
<pin id="629" dir="1" index="2" bw="8" slack="0"/>
</pin_list>
<bind>
<opcode="add(8) " fcode="add"/>
<opset="exp_19/1 "/>
</bind>
</comp>

<comp id="633" class="1004" name="trunc_ln73_fu_633">
<pin_list>
<pin id="634" dir="0" index="0" bw="25" slack="0"/>
<pin id="635" dir="1" index="1" bw="5" slack="0"/>
</pin_list>
<bind>
<opcode="trunc(33) " fcode="trunc"/>
<opset="trunc_ln73/1 "/>
</bind>
</comp>

<comp id="637" class="1004" name="norm24_17_fu_637">
<pin_list>
<pin id="638" dir="0" index="0" bw="23" slack="0"/>
<pin id="639" dir="0" index="1" bw="5" slack="0"/>
<pin id="640" dir="0" index="2" bw="1" slack="0"/>
<pin id="641" dir="1" index="3" bw="23" slack="0"/>
</pin_list>
<bind>
<opcode="bitconcatenate(1004) " fcode="bitconcatenate"/>
<opset="norm24_17/1 "/>
</bind>
</comp>

<comp id="646" class="1004" name="exp_18_fu_646">
<pin_list>
<pin id="647" dir="0" index="0" bw="8" slack="0"/>
<pin id="648" dir="0" index="1" bw="6" slack="0"/>
<pin id="649" dir="1" index="2" bw="8" slack="0"/>
</pin_list>
<bind>
<opcode="add(8) " fcode="add"/>
<opset="exp_18/1 "/>
</bind>
</comp>

<comp id="653" class="1004" name="trunc_ln72_fu_653">
<pin_list>
<pin id="654" dir="0" index="0" bw="25" slack="0"/>
<pin id="655" dir="1" index="1" bw="6" slack="0"/>
</pin_list>
<bind>
<opcode="trunc(33) " fcode="trunc"/>
<opset="trunc_ln72/1 "/>
</bind>
</comp>

<comp id="657" class="1004" name="norm24_16_fu_657">
<pin_list>
<pin id="658" dir="0" index="0" bw="23" slack="0"/>
<pin id="659" dir="0" index="1" bw="6" slack="0"/>
<pin id="660" dir="0" index="2" bw="1" slack="0"/>
<pin id="661" dir="1" index="3" bw="23" slack="0"/>
</pin_list>
<bind>
<opcode="bitconcatenate(1004) " fcode="bitconcatenate"/>
<opset="norm24_16/1 "/>
</bind>
</comp>

<comp id="666" class="1004" name="exp_17_fu_666">
<pin_list>
<pin id="667" dir="0" index="0" bw="8" slack="0"/>
<pin id="668" dir="0" index="1" bw="6" slack="0"/>
<pin id="669" dir="1" index="2" bw="8" slack="0"/>
</pin_list>
<bind>
<opcode="add(8) " fcode="add"/>
<opset="exp_17/1 "/>
</bind>
</comp>

<comp id="673" class="1004" name="trunc_ln71_fu_673">
<pin_list>
<pin id="674" dir="0" index="0" bw="25" slack="0"/>
<pin id="675" dir="1" index="1" bw="7" slack="0"/>
</pin_list>
<bind>
<opcode="trunc(33) " fcode="trunc"/>
<opset="trunc_ln71/1 "/>
</bind>
</comp>

<comp id="677" class="1004" name="norm24_15_fu_677">
<pin_list>
<pin id="678" dir="0" index="0" bw="23" slack="0"/>
<pin id="679" dir="0" index="1" bw="7" slack="0"/>
<pin id="680" dir="0" index="2" bw="1" slack="0"/>
<pin id="681" dir="1" index="3" bw="23" slack="0"/>
</pin_list>
<bind>
<opcode="bitconcatenate(1004) " fcode="bitconcatenate"/>
<opset="norm24_15/1 "/>
</bind>
</comp>

<comp id="686" class="1004" name="exp_16_fu_686">
<pin_list>
<pin id="687" dir="0" index="0" bw="8" slack="0"/>
<pin id="688" dir="0" index="1" bw="5" slack="0"/>
<pin id="689" dir="1" index="2" bw="8" slack="0"/>
</pin_list>
<bind>
<opcode="add(8) " fcode="add"/>
<opset="exp_16/1 "/>
</bind>
</comp>

<comp id="693" class="1004" name="trunc_ln70_fu_693">
<pin_list>
<pin id="694" dir="0" index="0" bw="25" slack="0"/>
<pin id="695" dir="1" index="1" bw="8" slack="0"/>
</pin_list>
<bind>
<opcode="trunc(33) " fcode="trunc"/>
<opset="trunc_ln70/1 "/>
</bind>
</comp>

<comp id="697" class="1004" name="norm24_14_fu_697">
<pin_list>
<pin id="698" dir="0" index="0" bw="23" slack="0"/>
<pin id="699" dir="0" index="1" bw="8" slack="0"/>
<pin id="700" dir="0" index="2" bw="1" slack="0"/>
<pin id="701" dir="1" index="3" bw="23" slack="0"/>
</pin_list>
<bind>
<opcode="bitconcatenate(1004) " fcode="bitconcatenate"/>
<opset="norm24_14/1 "/>
</bind>
</comp>

<comp id="706" class="1004" name="exp_15_fu_706">
<pin_list>
<pin id="707" dir="0" index="0" bw="8" slack="0"/>
<pin id="708" dir="0" index="1" bw="5" slack="0"/>
<pin id="709" dir="1" index="2" bw="8" slack="0"/>
</pin_list>
<bind>
<opcode="add(8) " fcode="add"/>
<opset="exp_15/1 "/>
</bind>
</comp>

<comp id="713" class="1004" name="trunc_ln69_fu_713">
<pin_list>
<pin id="714" dir="0" index="0" bw="25" slack="0"/>
<pin id="715" dir="1" index="1" bw="9" slack="0"/>
</pin_list>
<bind>
<opcode="trunc(33) " fcode="trunc"/>
<opset="trunc_ln69/1 "/>
</bind>
</comp>

<comp id="717" class="1004" name="norm24_13_fu_717">
<pin_list>
<pin id="718" dir="0" index="0" bw="23" slack="0"/>
<pin id="719" dir="0" index="1" bw="9" slack="0"/>
<pin id="720" dir="0" index="2" bw="1" slack="0"/>
<pin id="721" dir="1" index="3" bw="23" slack="0"/>
</pin_list>
<bind>
<opcode="bitconcatenate(1004) " fcode="bitconcatenate"/>
<opset="norm24_13/1 "/>
</bind>
</comp>

<comp id="726" class="1004" name="exp_14_fu_726">
<pin_list>
<pin id="727" dir="0" index="0" bw="8" slack="0"/>
<pin id="728" dir="0" index="1" bw="5" slack="0"/>
<pin id="729" dir="1" index="2" bw="8" slack="0"/>
</pin_list>
<bind>
<opcode="add(8) " fcode="add"/>
<opset="exp_14/1 "/>
</bind>
</comp>

<comp id="733" class="1004" name="trunc_ln68_fu_733">
<pin_list>
<pin id="734" dir="0" index="0" bw="25" slack="0"/>
<pin id="735" dir="1" index="1" bw="10" slack="0"/>
</pin_list>
<bind>
<opcode="trunc(33) " fcode="trunc"/>
<opset="trunc_ln68/1 "/>
</bind>
</comp>

<comp id="737" class="1004" name="norm24_12_fu_737">
<pin_list>
<pin id="738" dir="0" index="0" bw="23" slack="0"/>
<pin id="739" dir="0" index="1" bw="10" slack="0"/>
<pin id="740" dir="0" index="2" bw="1" slack="0"/>
<pin id="741" dir="1" index="3" bw="23" slack="0"/>
</pin_list>
<bind>
<opcode="bitconcatenate(1004) " fcode="bitconcatenate"/>
<opset="norm24_12/1 "/>
</bind>
</comp>

<comp id="746" class="1004" name="exp_13_fu_746">
<pin_list>
<pin id="747" dir="0" index="0" bw="8" slack="0"/>
<pin id="748" dir="0" index="1" bw="5" slack="0"/>
<pin id="749" dir="1" index="2" bw="8" slack="0"/>
</pin_list>
<bind>
<opcode="add(8) " fcode="add"/>
<opset="exp_13/1 "/>
</bind>
</comp>

<comp id="753" class="1004" name="trunc_ln67_fu_753">
<pin_list>
<pin id="754" dir="0" index="0" bw="25" slack="0"/>
<pin id="755" dir="1" index="1" bw="11" slack="0"/>
</pin_list>
<bind>
<opcode="trunc(33) " fcode="trunc"/>
<opset="trunc_ln67/1 "/>
</bind>
</comp>

<comp id="757" class="1004" name="norm24_11_fu_757">
<pin_list>
<pin id="758" dir="0" index="0" bw="23" slack="0"/>
<pin id="759" dir="0" index="1" bw="11" slack="0"/>
<pin id="760" dir="0" index="2" bw="1" slack="0"/>
<pin id="761" dir="1" index="3" bw="23" slack="0"/>
</pin_list>
<bind>
<opcode="bitconcatenate(1004) " fcode="bitconcatenate"/>
<opset="norm24_11/1 "/>
</bind>
</comp>

<comp id="766" class="1004" name="exp_12_fu_766">
<pin_list>
<pin id="767" dir="0" index="0" bw="8" slack="0"/>
<pin id="768" dir="0" index="1" bw="5" slack="0"/>
<pin id="769" dir="1" index="2" bw="8" slack="0"/>
</pin_list>
<bind>
<opcode="add(8) " fcode="add"/>
<opset="exp_12/1 "/>
</bind>
</comp>

<comp id="773" class="1004" name="trunc_ln66_fu_773">
<pin_list>
<pin id="774" dir="0" index="0" bw="25" slack="0"/>
<pin id="775" dir="1" index="1" bw="12" slack="0"/>
</pin_list>
<bind>
<opcode="trunc(33) " fcode="trunc"/>
<opset="trunc_ln66/1 "/>
</bind>
</comp>

<comp id="777" class="1004" name="norm24_10_fu_777">
<pin_list>
<pin id="778" dir="0" index="0" bw="23" slack="0"/>
<pin id="779" dir="0" index="1" bw="12" slack="0"/>
<pin id="780" dir="0" index="2" bw="1" slack="0"/>
<pin id="781" dir="1" index="3" bw="23" slack="0"/>
</pin_list>
<bind>
<opcode="bitconcatenate(1004) " fcode="bitconcatenate"/>
<opset="norm24_10/1 "/>
</bind>
</comp>

<comp id="786" class="1004" name="exp_11_fu_786">
<pin_list>
<pin id="787" dir="0" index="0" bw="8" slack="0"/>
<pin id="788" dir="0" index="1" bw="5" slack="0"/>
<pin id="789" dir="1" index="2" bw="8" slack="0"/>
</pin_list>
<bind>
<opcode="add(8) " fcode="add"/>
<opset="exp_11/1 "/>
</bind>
</comp>

<comp id="793" class="1004" name="trunc_ln65_fu_793">
<pin_list>
<pin id="794" dir="0" index="0" bw="25" slack="0"/>
<pin id="795" dir="1" index="1" bw="13" slack="0"/>
</pin_list>
<bind>
<opcode="trunc(33) " fcode="trunc"/>
<opset="trunc_ln65/1 "/>
</bind>
</comp>

<comp id="797" class="1004" name="norm24_9_fu_797">
<pin_list>
<pin id="798" dir="0" index="0" bw="23" slack="0"/>
<pin id="799" dir="0" index="1" bw="13" slack="0"/>
<pin id="800" dir="0" index="2" bw="1" slack="0"/>
<pin id="801" dir="1" index="3" bw="23" slack="0"/>
</pin_list>
<bind>
<opcode="bitconcatenate(1004) " fcode="bitconcatenate"/>
<opset="norm24_9/1 "/>
</bind>
</comp>

<comp id="806" class="1004" name="exp_10_fu_806">
<pin_list>
<pin id="807" dir="0" index="0" bw="8" slack="0"/>
<pin id="808" dir="0" index="1" bw="5" slack="0"/>
<pin id="809" dir="1" index="2" bw="8" slack="0"/>
</pin_list>
<bind>
<opcode="add(8) " fcode="add"/>
<opset="exp_10/1 "/>
</bind>
</comp>

<comp id="813" class="1004" name="trunc_ln64_fu_813">
<pin_list>
<pin id="814" dir="0" index="0" bw="25" slack="0"/>
<pin id="815" dir="1" index="1" bw="14" slack="0"/>
</pin_list>
<bind>
<opcode="trunc(33) " fcode="trunc"/>
<opset="trunc_ln64/1 "/>
</bind>
</comp>

<comp id="817" class="1004" name="norm24_8_fu_817">
<pin_list>
<pin id="818" dir="0" index="0" bw="23" slack="0"/>
<pin id="819" dir="0" index="1" bw="14" slack="0"/>
<pin id="820" dir="0" index="2" bw="1" slack="0"/>
<pin id="821" dir="1" index="3" bw="23" slack="0"/>
</pin_list>
<bind>
<opcode="bitconcatenate(1004) " fcode="bitconcatenate"/>
<opset="norm24_8/1 "/>
</bind>
</comp>

<comp id="826" class="1004" name="exp_9_fu_826">
<pin_list>
<pin id="827" dir="0" index="0" bw="8" slack="0"/>
<pin id="828" dir="0" index="1" bw="5" slack="0"/>
<pin id="829" dir="1" index="2" bw="8" slack="0"/>
</pin_list>
<bind>
<opcode="add(8) " fcode="add"/>
<opset="exp_9/1 "/>
</bind>
</comp>

<comp id="833" class="1004" name="trunc_ln63_fu_833">
<pin_list>
<pin id="834" dir="0" index="0" bw="25" slack="0"/>
<pin id="835" dir="1" index="1" bw="15" slack="0"/>
</pin_list>
<bind>
<opcode="trunc(33) " fcode="trunc"/>
<opset="trunc_ln63/1 "/>
</bind>
</comp>

<comp id="837" class="1004" name="norm24_7_fu_837">
<pin_list>
<pin id="838" dir="0" index="0" bw="23" slack="0"/>
<pin id="839" dir="0" index="1" bw="15" slack="0"/>
<pin id="840" dir="0" index="2" bw="1" slack="0"/>
<pin id="841" dir="1" index="3" bw="23" slack="0"/>
</pin_list>
<bind>
<opcode="bitconcatenate(1004) " fcode="bitconcatenate"/>
<opset="norm24_7/1 "/>
</bind>
</comp>

<comp id="846" class="1004" name="exp_8_fu_846">
<pin_list>
<pin id="847" dir="0" index="0" bw="8" slack="0"/>
<pin id="848" dir="0" index="1" bw="4" slack="0"/>
<pin id="849" dir="1" index="2" bw="8" slack="0"/>
</pin_list>
<bind>
<opcode="add(8) " fcode="add"/>
<opset="exp_8/1 "/>
</bind>
</comp>

<comp id="853" class="1004" name="trunc_ln62_fu_853">
<pin_list>
<pin id="854" dir="0" index="0" bw="25" slack="0"/>
<pin id="855" dir="1" index="1" bw="16" slack="0"/>
</pin_list>
<bind>
<opcode="trunc(33) " fcode="trunc"/>
<opset="trunc_ln62/1 "/>
</bind>
</comp>

<comp id="857" class="1004" name="norm24_6_fu_857">
<pin_list>
<pin id="858" dir="0" index="0" bw="23" slack="0"/>
<pin id="859" dir="0" index="1" bw="16" slack="0"/>
<pin id="860" dir="0" index="2" bw="1" slack="0"/>
<pin id="861" dir="1" index="3" bw="23" slack="0"/>
</pin_list>
<bind>
<opcode="bitconcatenate(1004) " fcode="bitconcatenate"/>
<opset="norm24_6/1 "/>
</bind>
</comp>

<comp id="866" class="1004" name="exp_7_fu_866">
<pin_list>
<pin id="867" dir="0" index="0" bw="8" slack="0"/>
<pin id="868" dir="0" index="1" bw="4" slack="0"/>
<pin id="869" dir="1" index="2" bw="8" slack="0"/>
</pin_list>
<bind>
<opcode="add(8) " fcode="add"/>
<opset="exp_7/1 "/>
</bind>
</comp>

<comp id="873" class="1004" name="trunc_ln61_fu_873">
<pin_list>
<pin id="874" dir="0" index="0" bw="25" slack="0"/>
<pin id="875" dir="1" index="1" bw="17" slack="0"/>
</pin_list>
<bind>
<opcode="trunc(33) " fcode="trunc"/>
<opset="trunc_ln61/1 "/>
</bind>
</comp>

<comp id="877" class="1004" name="norm24_5_fu_877">
<pin_list>
<pin id="878" dir="0" index="0" bw="23" slack="0"/>
<pin id="879" dir="0" index="1" bw="17" slack="0"/>
<pin id="880" dir="0" index="2" bw="1" slack="0"/>
<pin id="881" dir="1" index="3" bw="23" slack="0"/>
</pin_list>
<bind>
<opcode="bitconcatenate(1004) " fcode="bitconcatenate"/>
<opset="norm24_5/1 "/>
</bind>
</comp>

<comp id="886" class="1004" name="exp_6_fu_886">
<pin_list>
<pin id="887" dir="0" index="0" bw="8" slack="0"/>
<pin id="888" dir="0" index="1" bw="4" slack="0"/>
<pin id="889" dir="1" index="2" bw="8" slack="0"/>
</pin_list>
<bind>
<opcode="add(8) " fcode="add"/>
<opset="exp_6/1 "/>
</bind>
</comp>

<comp id="893" class="1004" name="trunc_ln60_fu_893">
<pin_list>
<pin id="894" dir="0" index="0" bw="25" slack="0"/>
<pin id="895" dir="1" index="1" bw="18" slack="0"/>
</pin_list>
<bind>
<opcode="trunc(33) " fcode="trunc"/>
<opset="trunc_ln60/1 "/>
</bind>
</comp>

<comp id="897" class="1004" name="norm24_4_fu_897">
<pin_list>
<pin id="898" dir="0" index="0" bw="23" slack="0"/>
<pin id="899" dir="0" index="1" bw="18" slack="0"/>
<pin id="900" dir="0" index="2" bw="1" slack="0"/>
<pin id="901" dir="1" index="3" bw="23" slack="0"/>
</pin_list>
<bind>
<opcode="bitconcatenate(1004) " fcode="bitconcatenate"/>
<opset="norm24_4/1 "/>
</bind>
</comp>

<comp id="906" class="1004" name="exp_5_fu_906">
<pin_list>
<pin id="907" dir="0" index="0" bw="8" slack="0"/>
<pin id="908" dir="0" index="1" bw="4" slack="0"/>
<pin id="909" dir="1" index="2" bw="8" slack="0"/>
</pin_list>
<bind>
<opcode="add(8) " fcode="add"/>
<opset="exp_5/1 "/>
</bind>
</comp>

<comp id="913" class="1004" name="trunc_ln59_fu_913">
<pin_list>
<pin id="914" dir="0" index="0" bw="25" slack="0"/>
<pin id="915" dir="1" index="1" bw="19" slack="0"/>
</pin_list>
<bind>
<opcode="trunc(33) " fcode="trunc"/>
<opset="trunc_ln59/1 "/>
</bind>
</comp>

<comp id="917" class="1004" name="norm24_3_fu_917">
<pin_list>
<pin id="918" dir="0" index="0" bw="23" slack="0"/>
<pin id="919" dir="0" index="1" bw="19" slack="0"/>
<pin id="920" dir="0" index="2" bw="1" slack="0"/>
<pin id="921" dir="1" index="3" bw="23" slack="0"/>
</pin_list>
<bind>
<opcode="bitconcatenate(1004) " fcode="bitconcatenate"/>
<opset="norm24_3/1 "/>
</bind>
</comp>

<comp id="926" class="1004" name="exp_4_fu_926">
<pin_list>
<pin id="927" dir="0" index="0" bw="8" slack="0"/>
<pin id="928" dir="0" index="1" bw="3" slack="0"/>
<pin id="929" dir="1" index="2" bw="8" slack="0"/>
</pin_list>
<bind>
<opcode="add(8) " fcode="add"/>
<opset="exp_4/1 "/>
</bind>
</comp>

<comp id="933" class="1004" name="trunc_ln58_fu_933">
<pin_list>
<pin id="934" dir="0" index="0" bw="25" slack="0"/>
<pin id="935" dir="1" index="1" bw="20" slack="0"/>
</pin_list>
<bind>
<opcode="trunc(33) " fcode="trunc"/>
<opset="trunc_ln58/1 "/>
</bind>
</comp>

<comp id="937" class="1004" name="norm24_2_fu_937">
<pin_list>
<pin id="938" dir="0" index="0" bw="23" slack="0"/>
<pin id="939" dir="0" index="1" bw="20" slack="0"/>
<pin id="940" dir="0" index="2" bw="1" slack="0"/>
<pin id="941" dir="1" index="3" bw="23" slack="0"/>
</pin_list>
<bind>
<opcode="bitconcatenate(1004) " fcode="bitconcatenate"/>
<opset="norm24_2/1 "/>
</bind>
</comp>

<comp id="946" class="1004" name="exp_3_fu_946">
<pin_list>
<pin id="947" dir="0" index="0" bw="8" slack="0"/>
<pin id="948" dir="0" index="1" bw="3" slack="0"/>
<pin id="949" dir="1" index="2" bw="8" slack="0"/>
</pin_list>
<bind>
<opcode="add(8) " fcode="add"/>
<opset="exp_3/1 "/>
</bind>
</comp>

<comp id="953" class="1004" name="trunc_ln57_fu_953">
<pin_list>
<pin id="954" dir="0" index="0" bw="25" slack="0"/>
<pin id="955" dir="1" index="1" bw="21" slack="0"/>
</pin_list>
<bind>
<opcode="trunc(33) " fcode="trunc"/>
<opset="trunc_ln57/1 "/>
</bind>
</comp>

<comp id="957" class="1004" name="norm24_1_fu_957">
<pin_list>
<pin id="958" dir="0" index="0" bw="23" slack="0"/>
<pin id="959" dir="0" index="1" bw="21" slack="0"/>
<pin id="960" dir="0" index="2" bw="1" slack="0"/>
<pin id="961" dir="1" index="3" bw="23" slack="0"/>
</pin_list>
<bind>
<opcode="bitconcatenate(1004) " fcode="bitconcatenate"/>
<opset="norm24_1/1 "/>
</bind>
</comp>

<comp id="966" class="1004" name="exp_2_fu_966">
<pin_list>
<pin id="967" dir="0" index="0" bw="8" slack="0"/>
<pin id="968" dir="0" index="1" bw="2" slack="0"/>
<pin id="969" dir="1" index="2" bw="8" slack="0"/>
</pin_list>
<bind>
<opcode="add(8) " fcode="add"/>
<opset="exp_2/1 "/>
</bind>
</comp>

<comp id="973" class="1004" name="trunc_ln56_fu_973">
<pin_list>
<pin id="974" dir="0" index="0" bw="25" slack="0"/>
<pin id="975" dir="1" index="1" bw="22" slack="0"/>
</pin_list>
<bind>
<opcode="trunc(33) " fcode="trunc"/>
<opset="trunc_ln56/1 "/>
</bind>
</comp>

<comp id="977" class="1004" name="norm24_fu_977">
<pin_list>
<pin id="978" dir="0" index="0" bw="23" slack="0"/>
<pin id="979" dir="0" index="1" bw="22" slack="0"/>
<pin id="980" dir="0" index="2" bw="1" slack="0"/>
<pin id="981" dir="1" index="3" bw="23" slack="0"/>
</pin_list>
<bind>
<opcode="bitconcatenate(1004) " fcode="bitconcatenate"/>
<opset="norm24/1 "/>
</bind>
</comp>

<comp id="986" class="1004" name="exp_1_fu_986">
<pin_list>
<pin id="987" dir="0" index="0" bw="8" slack="0"/>
<pin id="988" dir="0" index="1" bw="1" slack="0"/>
<pin id="989" dir="1" index="2" bw="8" slack="0"/>
</pin_list>
<bind>
<opcode="add(8) " fcode="add"/>
<opset="exp_1/1 "/>
</bind>
</comp>

<comp id="993" class="1004" name="trunc_ln53_fu_993">
<pin_list>
<pin id="994" dir="0" index="0" bw="25" slack="0"/>
<pin id="995" dir="1" index="1" bw="23" slack="0"/>
</pin_list>
<bind>
<opcode="trunc(33) " fcode="trunc"/>
<opset="trunc_ln53/1 "/>
</bind>
</comp>

<comp id="998" class="1004" name="norm24_cast_fu_998">
<pin_list>
<pin id="999" dir="0" index="0" bw="23" slack="0"/>
<pin id="1000" dir="0" index="1" bw="25" slack="0"/>
<pin id="1001" dir="0" index="2" bw="1" slack="0"/>
<pin id="1002" dir="0" index="3" bw="6" slack="0"/>
<pin id="1003" dir="1" index="4" bw="23" slack="0"/>
</pin_list>
<bind>
<opcode="partselect(1002) " fcode="partselect"/>
<opset="norm24_cast/1 "/>
</bind>
</comp>

<comp id="1009" class="1004" name="exp_fu_1009">
<pin_list>
<pin id="1010" dir="0" index="0" bw="8" slack="0"/>
<pin id="1011" dir="0" index="1" bw="1" slack="0"/>
<pin id="1012" dir="1" index="2" bw="8" slack="0"/>
</pin_list>
<bind>
<opcode="add(8) " fcode="add"/>
<opset="exp/1 "/>
</bind>
</comp>

<comp id="1016" class="1004" name="tmp_s_fu_1016">
<pin_list>
<pin id="1017" dir="0" index="0" bw="32" slack="0"/>
<pin id="1018" dir="0" index="1" bw="1" slack="0"/>
<pin id="1019" dir="0" index="2" bw="8" slack="0"/>
<pin id="1020" dir="0" index="3" bw="23" slack="0"/>
<pin id="1021" dir="1" index="4" bw="32" slack="0"/>
</pin_list>
<bind>
<opcode="bitconcatenate(1004) " fcode="bitconcatenate"/>
<opset="tmp_s/1 "/>
</bind>
</comp>

</comp_list>

<net_list>
<net id="212"><net_src comp="6" pin="0"/><net_sink comp="208" pin=0"/></net>

<net id="213"><net_src comp="4" pin="0"/><net_sink comp="208" pin=1"/></net>

<net id="218"><net_src comp="8" pin="0"/><net_sink comp="214" pin=0"/></net>

<net id="219"><net_src comp="2" pin="0"/><net_sink comp="214" pin=1"/></net>

<net id="224"><net_src comp="10" pin="0"/><net_sink comp="220" pin=0"/></net>

<net id="225"><net_src comp="0" pin="0"/><net_sink comp="220" pin=1"/></net>

<net id="281"><net_src comp="208" pin="2"/><net_sink comp="229" pin=2"/></net>

<net id="337"><net_src comp="202" pin="0"/><net_sink comp="285" pin=48"/></net>

<net id="347"><net_src comp="206" pin="0"/><net_sink comp="341" pin=2"/></net>

<net id="352"><net_src comp="220" pin="2"/><net_sink comp="348" pin=0"/></net>

<net id="353"><net_src comp="12" pin="0"/><net_sink comp="348" pin=1"/></net>

<net id="359"><net_src comp="14" pin="0"/><net_sink comp="354" pin=0"/></net>

<net id="360"><net_src comp="220" pin="2"/><net_sink comp="354" pin=1"/></net>

<net id="361"><net_src comp="16" pin="0"/><net_sink comp="354" pin=2"/></net>

<net id="367"><net_src comp="14" pin="0"/><net_sink comp="362" pin=0"/></net>

<net id="368"><net_src comp="220" pin="2"/><net_sink comp="362" pin=1"/></net>

<net id="369"><net_src comp="18" pin="0"/><net_sink comp="362" pin=2"/></net>

<net id="375"><net_src comp="14" pin="0"/><net_sink comp="370" pin=0"/></net>

<net id="376"><net_src comp="220" pin="2"/><net_sink comp="370" pin=1"/></net>

<net id="377"><net_src comp="20" pin="0"/><net_sink comp="370" pin=2"/></net>

<net id="383"><net_src comp="14" pin="0"/><net_sink comp="378" pin=0"/></net>

<net id="384"><net_src comp="220" pin="2"/><net_sink comp="378" pin=1"/></net>

<net id="385"><net_src comp="22" pin="0"/><net_sink comp="378" pin=2"/></net>

<net id="391"><net_src comp="14" pin="0"/><net_sink comp="386" pin=0"/></net>

<net id="392"><net_src comp="220" pin="2"/><net_sink comp="386" pin=1"/></net>

<net id="393"><net_src comp="24" pin="0"/><net_sink comp="386" pin=2"/></net>

<net id="399"><net_src comp="14" pin="0"/><net_sink comp="394" pin=0"/></net>

<net id="400"><net_src comp="220" pin="2"/><net_sink comp="394" pin=1"/></net>

<net id="401"><net_src comp="26" pin="0"/><net_sink comp="394" pin=2"/></net>

<net id="407"><net_src comp="14" pin="0"/><net_sink comp="402" pin=0"/></net>

<net id="408"><net_src comp="220" pin="2"/><net_sink comp="402" pin=1"/></net>

<net id="409"><net_src comp="28" pin="0"/><net_sink comp="402" pin=2"/></net>

<net id="415"><net_src comp="14" pin="0"/><net_sink comp="410" pin=0"/></net>

<net id="416"><net_src comp="220" pin="2"/><net_sink comp="410" pin=1"/></net>

<net id="417"><net_src comp="30" pin="0"/><net_sink comp="410" pin=2"/></net>

<net id="423"><net_src comp="14" pin="0"/><net_sink comp="418" pin=0"/></net>

<net id="424"><net_src comp="220" pin="2"/><net_sink comp="418" pin=1"/></net>

<net id="425"><net_src comp="32" pin="0"/><net_sink comp="418" pin=2"/></net>

<net id="431"><net_src comp="14" pin="0"/><net_sink comp="426" pin=0"/></net>

<net id="432"><net_src comp="220" pin="2"/><net_sink comp="426" pin=1"/></net>

<net id="433"><net_src comp="34" pin="0"/><net_sink comp="426" pin=2"/></net>

<net id="439"><net_src comp="14" pin="0"/><net_sink comp="434" pin=0"/></net>

<net id="440"><net_src comp="220" pin="2"/><net_sink comp="434" pin=1"/></net>

<net id="441"><net_src comp="36" pin="0"/><net_sink comp="434" pin=2"/></net>

<net id="447"><net_src comp="14" pin="0"/><net_sink comp="442" pin=0"/></net>

<net id="448"><net_src comp="220" pin="2"/><net_sink comp="442" pin=1"/></net>

<net id="449"><net_src comp="38" pin="0"/><net_sink comp="442" pin=2"/></net>

<net id="455"><net_src comp="14" pin="0"/><net_sink comp="450" pin=0"/></net>

<net id="456"><net_src comp="220" pin="2"/><net_sink comp="450" pin=1"/></net>

<net id="457"><net_src comp="40" pin="0"/><net_sink comp="450" pin=2"/></net>

<net id="463"><net_src comp="14" pin="0"/><net_sink comp="458" pin=0"/></net>

<net id="464"><net_src comp="220" pin="2"/><net_sink comp="458" pin=1"/></net>

<net id="465"><net_src comp="42" pin="0"/><net_sink comp="458" pin=2"/></net>

<net id="471"><net_src comp="14" pin="0"/><net_sink comp="466" pin=0"/></net>

<net id="472"><net_src comp="220" pin="2"/><net_sink comp="466" pin=1"/></net>

<net id="473"><net_src comp="44" pin="0"/><net_sink comp="466" pin=2"/></net>

<net id="479"><net_src comp="14" pin="0"/><net_sink comp="474" pin=0"/></net>

<net id="480"><net_src comp="220" pin="2"/><net_sink comp="474" pin=1"/></net>

<net id="481"><net_src comp="46" pin="0"/><net_sink comp="474" pin=2"/></net>

<net id="487"><net_src comp="14" pin="0"/><net_sink comp="482" pin=0"/></net>

<net id="488"><net_src comp="220" pin="2"/><net_sink comp="482" pin=1"/></net>

<net id="489"><net_src comp="48" pin="0"/><net_sink comp="482" pin=2"/></net>

<net id="495"><net_src comp="14" pin="0"/><net_sink comp="490" pin=0"/></net>

<net id="496"><net_src comp="220" pin="2"/><net_sink comp="490" pin=1"/></net>

<net id="497"><net_src comp="50" pin="0"/><net_sink comp="490" pin=2"/></net>

<net id="503"><net_src comp="14" pin="0"/><net_sink comp="498" pin=0"/></net>

<net id="504"><net_src comp="220" pin="2"/><net_sink comp="498" pin=1"/></net>

<net id="505"><net_src comp="52" pin="0"/><net_sink comp="498" pin=2"/></net>

<net id="511"><net_src comp="14" pin="0"/><net_sink comp="506" pin=0"/></net>

<net id="512"><net_src comp="220" pin="2"/><net_sink comp="506" pin=1"/></net>

<net id="513"><net_src comp="54" pin="0"/><net_sink comp="506" pin=2"/></net>

<net id="519"><net_src comp="14" pin="0"/><net_sink comp="514" pin=0"/></net>

<net id="520"><net_src comp="220" pin="2"/><net_sink comp="514" pin=1"/></net>

<net id="521"><net_src comp="56" pin="0"/><net_sink comp="514" pin=2"/></net>

<net id="527"><net_src comp="14" pin="0"/><net_sink comp="522" pin=0"/></net>

<net id="528"><net_src comp="220" pin="2"/><net_sink comp="522" pin=1"/></net>

<net id="529"><net_src comp="58" pin="0"/><net_sink comp="522" pin=2"/></net>

<net id="535"><net_src comp="14" pin="0"/><net_sink comp="530" pin=0"/></net>

<net id="536"><net_src comp="220" pin="2"/><net_sink comp="530" pin=1"/></net>

<net id="537"><net_src comp="60" pin="0"/><net_sink comp="530" pin=2"/></net>

<net id="543"><net_src comp="14" pin="0"/><net_sink comp="538" pin=0"/></net>

<net id="544"><net_src comp="220" pin="2"/><net_sink comp="538" pin=1"/></net>

<net id="545"><net_src comp="62" pin="0"/><net_sink comp="538" pin=2"/></net>

<net id="550"><net_src comp="208" pin="2"/><net_sink comp="546" pin=0"/></net>

<net id="551"><net_src comp="64" pin="0"/><net_sink comp="546" pin=1"/></net>

<net id="552"><net_src comp="546" pin="2"/><net_sink comp="229" pin=48"/></net>

<net id="556"><net_src comp="220" pin="2"/><net_sink comp="553" pin=0"/></net>

<net id="562"><net_src comp="66" pin="0"/><net_sink comp="557" pin=0"/></net>

<net id="563"><net_src comp="553" pin="1"/><net_sink comp="557" pin=1"/></net>

<net id="564"><net_src comp="68" pin="0"/><net_sink comp="557" pin=2"/></net>

<net id="565"><net_src comp="557" pin="3"/><net_sink comp="285" pin=46"/></net>

<net id="570"><net_src comp="208" pin="2"/><net_sink comp="566" pin=0"/></net>

<net id="571"><net_src comp="70" pin="0"/><net_sink comp="566" pin=1"/></net>

<net id="572"><net_src comp="566" pin="2"/><net_sink comp="229" pin=46"/></net>

<net id="576"><net_src comp="220" pin="2"/><net_sink comp="573" pin=0"/></net>

<net id="582"><net_src comp="72" pin="0"/><net_sink comp="577" pin=0"/></net>

<net id="583"><net_src comp="573" pin="1"/><net_sink comp="577" pin=1"/></net>

<net id="584"><net_src comp="74" pin="0"/><net_sink comp="577" pin=2"/></net>

<net id="585"><net_src comp="577" pin="3"/><net_sink comp="285" pin=44"/></net>

<net id="590"><net_src comp="208" pin="2"/><net_sink comp="586" pin=0"/></net>

<net id="591"><net_src comp="76" pin="0"/><net_sink comp="586" pin=1"/></net>

<net id="592"><net_src comp="586" pin="2"/><net_sink comp="229" pin=44"/></net>

<net id="596"><net_src comp="220" pin="2"/><net_sink comp="593" pin=0"/></net>

<net id="602"><net_src comp="78" pin="0"/><net_sink comp="597" pin=0"/></net>

<net id="603"><net_src comp="593" pin="1"/><net_sink comp="597" pin=1"/></net>

<net id="604"><net_src comp="80" pin="0"/><net_sink comp="597" pin=2"/></net>

<net id="605"><net_src comp="597" pin="3"/><net_sink comp="285" pin=42"/></net>

<net id="610"><net_src comp="208" pin="2"/><net_sink comp="606" pin=0"/></net>

<net id="611"><net_src comp="82" pin="0"/><net_sink comp="606" pin=1"/></net>

<net id="612"><net_src comp="606" pin="2"/><net_sink comp="229" pin=42"/></net>

<net id="616"><net_src comp="220" pin="2"/><net_sink comp="613" pin=0"/></net>

<net id="622"><net_src comp="84" pin="0"/><net_sink comp="617" pin=0"/></net>

<net id="623"><net_src comp="613" pin="1"/><net_sink comp="617" pin=1"/></net>

<net id="624"><net_src comp="86" pin="0"/><net_sink comp="617" pin=2"/></net>

<net id="625"><net_src comp="617" pin="3"/><net_sink comp="285" pin=40"/></net>

<net id="630"><net_src comp="208" pin="2"/><net_sink comp="626" pin=0"/></net>

<net id="631"><net_src comp="88" pin="0"/><net_sink comp="626" pin=1"/></net>

<net id="632"><net_src comp="626" pin="2"/><net_sink comp="229" pin=40"/></net>

<net id="636"><net_src comp="220" pin="2"/><net_sink comp="633" pin=0"/></net>

<net id="642"><net_src comp="90" pin="0"/><net_sink comp="637" pin=0"/></net>

<net id="643"><net_src comp="633" pin="1"/><net_sink comp="637" pin=1"/></net>

<net id="644"><net_src comp="92" pin="0"/><net_sink comp="637" pin=2"/></net>

<net id="645"><net_src comp="637" pin="3"/><net_sink comp="285" pin=38"/></net>

<net id="650"><net_src comp="208" pin="2"/><net_sink comp="646" pin=0"/></net>

<net id="651"><net_src comp="94" pin="0"/><net_sink comp="646" pin=1"/></net>

<net id="652"><net_src comp="646" pin="2"/><net_sink comp="229" pin=38"/></net>

<net id="656"><net_src comp="220" pin="2"/><net_sink comp="653" pin=0"/></net>

<net id="662"><net_src comp="96" pin="0"/><net_sink comp="657" pin=0"/></net>

<net id="663"><net_src comp="653" pin="1"/><net_sink comp="657" pin=1"/></net>

<net id="664"><net_src comp="98" pin="0"/><net_sink comp="657" pin=2"/></net>

<net id="665"><net_src comp="657" pin="3"/><net_sink comp="285" pin=36"/></net>

<net id="670"><net_src comp="208" pin="2"/><net_sink comp="666" pin=0"/></net>

<net id="671"><net_src comp="100" pin="0"/><net_sink comp="666" pin=1"/></net>

<net id="672"><net_src comp="666" pin="2"/><net_sink comp="229" pin=36"/></net>

<net id="676"><net_src comp="220" pin="2"/><net_sink comp="673" pin=0"/></net>

<net id="682"><net_src comp="102" pin="0"/><net_sink comp="677" pin=0"/></net>

<net id="683"><net_src comp="673" pin="1"/><net_sink comp="677" pin=1"/></net>

<net id="684"><net_src comp="104" pin="0"/><net_sink comp="677" pin=2"/></net>

<net id="685"><net_src comp="677" pin="3"/><net_sink comp="285" pin=34"/></net>

<net id="690"><net_src comp="208" pin="2"/><net_sink comp="686" pin=0"/></net>

<net id="691"><net_src comp="106" pin="0"/><net_sink comp="686" pin=1"/></net>

<net id="692"><net_src comp="686" pin="2"/><net_sink comp="229" pin=34"/></net>

<net id="696"><net_src comp="220" pin="2"/><net_sink comp="693" pin=0"/></net>

<net id="702"><net_src comp="108" pin="0"/><net_sink comp="697" pin=0"/></net>

<net id="703"><net_src comp="693" pin="1"/><net_sink comp="697" pin=1"/></net>

<net id="704"><net_src comp="110" pin="0"/><net_sink comp="697" pin=2"/></net>

<net id="705"><net_src comp="697" pin="3"/><net_sink comp="285" pin=32"/></net>

<net id="710"><net_src comp="208" pin="2"/><net_sink comp="706" pin=0"/></net>

<net id="711"><net_src comp="112" pin="0"/><net_sink comp="706" pin=1"/></net>

<net id="712"><net_src comp="706" pin="2"/><net_sink comp="229" pin=32"/></net>

<net id="716"><net_src comp="220" pin="2"/><net_sink comp="713" pin=0"/></net>

<net id="722"><net_src comp="114" pin="0"/><net_sink comp="717" pin=0"/></net>

<net id="723"><net_src comp="713" pin="1"/><net_sink comp="717" pin=1"/></net>

<net id="724"><net_src comp="116" pin="0"/><net_sink comp="717" pin=2"/></net>

<net id="725"><net_src comp="717" pin="3"/><net_sink comp="285" pin=30"/></net>

<net id="730"><net_src comp="208" pin="2"/><net_sink comp="726" pin=0"/></net>

<net id="731"><net_src comp="118" pin="0"/><net_sink comp="726" pin=1"/></net>

<net id="732"><net_src comp="726" pin="2"/><net_sink comp="229" pin=30"/></net>

<net id="736"><net_src comp="220" pin="2"/><net_sink comp="733" pin=0"/></net>

<net id="742"><net_src comp="120" pin="0"/><net_sink comp="737" pin=0"/></net>

<net id="743"><net_src comp="733" pin="1"/><net_sink comp="737" pin=1"/></net>

<net id="744"><net_src comp="122" pin="0"/><net_sink comp="737" pin=2"/></net>

<net id="745"><net_src comp="737" pin="3"/><net_sink comp="285" pin=28"/></net>

<net id="750"><net_src comp="208" pin="2"/><net_sink comp="746" pin=0"/></net>

<net id="751"><net_src comp="124" pin="0"/><net_sink comp="746" pin=1"/></net>

<net id="752"><net_src comp="746" pin="2"/><net_sink comp="229" pin=28"/></net>

<net id="756"><net_src comp="220" pin="2"/><net_sink comp="753" pin=0"/></net>

<net id="762"><net_src comp="126" pin="0"/><net_sink comp="757" pin=0"/></net>

<net id="763"><net_src comp="753" pin="1"/><net_sink comp="757" pin=1"/></net>

<net id="764"><net_src comp="128" pin="0"/><net_sink comp="757" pin=2"/></net>

<net id="765"><net_src comp="757" pin="3"/><net_sink comp="285" pin=26"/></net>

<net id="770"><net_src comp="208" pin="2"/><net_sink comp="766" pin=0"/></net>

<net id="771"><net_src comp="130" pin="0"/><net_sink comp="766" pin=1"/></net>

<net id="772"><net_src comp="766" pin="2"/><net_sink comp="229" pin=26"/></net>

<net id="776"><net_src comp="220" pin="2"/><net_sink comp="773" pin=0"/></net>

<net id="782"><net_src comp="132" pin="0"/><net_sink comp="777" pin=0"/></net>

<net id="783"><net_src comp="773" pin="1"/><net_sink comp="777" pin=1"/></net>

<net id="784"><net_src comp="134" pin="0"/><net_sink comp="777" pin=2"/></net>

<net id="785"><net_src comp="777" pin="3"/><net_sink comp="285" pin=24"/></net>

<net id="790"><net_src comp="208" pin="2"/><net_sink comp="786" pin=0"/></net>

<net id="791"><net_src comp="136" pin="0"/><net_sink comp="786" pin=1"/></net>

<net id="792"><net_src comp="786" pin="2"/><net_sink comp="229" pin=24"/></net>

<net id="796"><net_src comp="220" pin="2"/><net_sink comp="793" pin=0"/></net>

<net id="802"><net_src comp="138" pin="0"/><net_sink comp="797" pin=0"/></net>

<net id="803"><net_src comp="793" pin="1"/><net_sink comp="797" pin=1"/></net>

<net id="804"><net_src comp="140" pin="0"/><net_sink comp="797" pin=2"/></net>

<net id="805"><net_src comp="797" pin="3"/><net_sink comp="285" pin=22"/></net>

<net id="810"><net_src comp="208" pin="2"/><net_sink comp="806" pin=0"/></net>

<net id="811"><net_src comp="142" pin="0"/><net_sink comp="806" pin=1"/></net>

<net id="812"><net_src comp="806" pin="2"/><net_sink comp="229" pin=22"/></net>

<net id="816"><net_src comp="220" pin="2"/><net_sink comp="813" pin=0"/></net>

<net id="822"><net_src comp="144" pin="0"/><net_sink comp="817" pin=0"/></net>

<net id="823"><net_src comp="813" pin="1"/><net_sink comp="817" pin=1"/></net>

<net id="824"><net_src comp="146" pin="0"/><net_sink comp="817" pin=2"/></net>

<net id="825"><net_src comp="817" pin="3"/><net_sink comp="285" pin=20"/></net>

<net id="830"><net_src comp="208" pin="2"/><net_sink comp="826" pin=0"/></net>

<net id="831"><net_src comp="148" pin="0"/><net_sink comp="826" pin=1"/></net>

<net id="832"><net_src comp="826" pin="2"/><net_sink comp="229" pin=20"/></net>

<net id="836"><net_src comp="220" pin="2"/><net_sink comp="833" pin=0"/></net>

<net id="842"><net_src comp="150" pin="0"/><net_sink comp="837" pin=0"/></net>

<net id="843"><net_src comp="833" pin="1"/><net_sink comp="837" pin=1"/></net>

<net id="844"><net_src comp="152" pin="0"/><net_sink comp="837" pin=2"/></net>

<net id="845"><net_src comp="837" pin="3"/><net_sink comp="285" pin=18"/></net>

<net id="850"><net_src comp="208" pin="2"/><net_sink comp="846" pin=0"/></net>

<net id="851"><net_src comp="154" pin="0"/><net_sink comp="846" pin=1"/></net>

<net id="852"><net_src comp="846" pin="2"/><net_sink comp="229" pin=18"/></net>

<net id="856"><net_src comp="220" pin="2"/><net_sink comp="853" pin=0"/></net>

<net id="862"><net_src comp="156" pin="0"/><net_sink comp="857" pin=0"/></net>

<net id="863"><net_src comp="853" pin="1"/><net_sink comp="857" pin=1"/></net>

<net id="864"><net_src comp="158" pin="0"/><net_sink comp="857" pin=2"/></net>

<net id="865"><net_src comp="857" pin="3"/><net_sink comp="285" pin=16"/></net>

<net id="870"><net_src comp="208" pin="2"/><net_sink comp="866" pin=0"/></net>

<net id="871"><net_src comp="160" pin="0"/><net_sink comp="866" pin=1"/></net>

<net id="872"><net_src comp="866" pin="2"/><net_sink comp="229" pin=16"/></net>

<net id="876"><net_src comp="220" pin="2"/><net_sink comp="873" pin=0"/></net>

<net id="882"><net_src comp="162" pin="0"/><net_sink comp="877" pin=0"/></net>

<net id="883"><net_src comp="873" pin="1"/><net_sink comp="877" pin=1"/></net>

<net id="884"><net_src comp="164" pin="0"/><net_sink comp="877" pin=2"/></net>

<net id="885"><net_src comp="877" pin="3"/><net_sink comp="285" pin=14"/></net>

<net id="890"><net_src comp="208" pin="2"/><net_sink comp="886" pin=0"/></net>

<net id="891"><net_src comp="166" pin="0"/><net_sink comp="886" pin=1"/></net>

<net id="892"><net_src comp="886" pin="2"/><net_sink comp="229" pin=14"/></net>

<net id="896"><net_src comp="220" pin="2"/><net_sink comp="893" pin=0"/></net>

<net id="902"><net_src comp="168" pin="0"/><net_sink comp="897" pin=0"/></net>

<net id="903"><net_src comp="893" pin="1"/><net_sink comp="897" pin=1"/></net>

<net id="904"><net_src comp="170" pin="0"/><net_sink comp="897" pin=2"/></net>

<net id="905"><net_src comp="897" pin="3"/><net_sink comp="285" pin=12"/></net>

<net id="910"><net_src comp="208" pin="2"/><net_sink comp="906" pin=0"/></net>

<net id="911"><net_src comp="172" pin="0"/><net_sink comp="906" pin=1"/></net>

<net id="912"><net_src comp="906" pin="2"/><net_sink comp="229" pin=12"/></net>

<net id="916"><net_src comp="220" pin="2"/><net_sink comp="913" pin=0"/></net>

<net id="922"><net_src comp="174" pin="0"/><net_sink comp="917" pin=0"/></net>

<net id="923"><net_src comp="913" pin="1"/><net_sink comp="917" pin=1"/></net>

<net id="924"><net_src comp="176" pin="0"/><net_sink comp="917" pin=2"/></net>

<net id="925"><net_src comp="917" pin="3"/><net_sink comp="285" pin=10"/></net>

<net id="930"><net_src comp="208" pin="2"/><net_sink comp="926" pin=0"/></net>

<net id="931"><net_src comp="178" pin="0"/><net_sink comp="926" pin=1"/></net>

<net id="932"><net_src comp="926" pin="2"/><net_sink comp="229" pin=10"/></net>

<net id="936"><net_src comp="220" pin="2"/><net_sink comp="933" pin=0"/></net>

<net id="942"><net_src comp="180" pin="0"/><net_sink comp="937" pin=0"/></net>

<net id="943"><net_src comp="933" pin="1"/><net_sink comp="937" pin=1"/></net>

<net id="944"><net_src comp="182" pin="0"/><net_sink comp="937" pin=2"/></net>

<net id="945"><net_src comp="937" pin="3"/><net_sink comp="285" pin=8"/></net>

<net id="950"><net_src comp="208" pin="2"/><net_sink comp="946" pin=0"/></net>

<net id="951"><net_src comp="184" pin="0"/><net_sink comp="946" pin=1"/></net>

<net id="952"><net_src comp="946" pin="2"/><net_sink comp="229" pin=8"/></net>

<net id="956"><net_src comp="220" pin="2"/><net_sink comp="953" pin=0"/></net>

<net id="962"><net_src comp="186" pin="0"/><net_sink comp="957" pin=0"/></net>

<net id="963"><net_src comp="953" pin="1"/><net_sink comp="957" pin=1"/></net>

<net id="964"><net_src comp="188" pin="0"/><net_sink comp="957" pin=2"/></net>

<net id="965"><net_src comp="957" pin="3"/><net_sink comp="285" pin=6"/></net>

<net id="970"><net_src comp="208" pin="2"/><net_sink comp="966" pin=0"/></net>

<net id="971"><net_src comp="190" pin="0"/><net_sink comp="966" pin=1"/></net>

<net id="972"><net_src comp="966" pin="2"/><net_sink comp="229" pin=6"/></net>

<net id="976"><net_src comp="220" pin="2"/><net_sink comp="973" pin=0"/></net>

<net id="982"><net_src comp="192" pin="0"/><net_sink comp="977" pin=0"/></net>

<net id="983"><net_src comp="973" pin="1"/><net_sink comp="977" pin=1"/></net>

<net id="984"><net_src comp="194" pin="0"/><net_sink comp="977" pin=2"/></net>

<net id="985"><net_src comp="977" pin="3"/><net_sink comp="285" pin=4"/></net>

<net id="990"><net_src comp="208" pin="2"/><net_sink comp="986" pin=0"/></net>

<net id="991"><net_src comp="196" pin="0"/><net_sink comp="986" pin=1"/></net>

<net id="992"><net_src comp="986" pin="2"/><net_sink comp="229" pin=4"/></net>

<net id="996"><net_src comp="220" pin="2"/><net_sink comp="993" pin=0"/></net>

<net id="997"><net_src comp="993" pin="1"/><net_sink comp="285" pin=2"/></net>

<net id="1004"><net_src comp="198" pin="0"/><net_sink comp="998" pin=0"/></net>

<net id="1005"><net_src comp="220" pin="2"/><net_sink comp="998" pin=1"/></net>

<net id="1006"><net_src comp="62" pin="0"/><net_sink comp="998" pin=2"/></net>

<net id="1007"><net_src comp="18" pin="0"/><net_sink comp="998" pin=3"/></net>

<net id="1008"><net_src comp="998" pin="4"/><net_sink comp="285" pin=0"/></net>

<net id="1013"><net_src comp="208" pin="2"/><net_sink comp="1009" pin=0"/></net>

<net id="1014"><net_src comp="200" pin="0"/><net_sink comp="1009" pin=1"/></net>

<net id="1015"><net_src comp="1009" pin="2"/><net_sink comp="229" pin=0"/></net>

<net id="1022"><net_src comp="204" pin="0"/><net_sink comp="1016" pin=0"/></net>

<net id="1023"><net_src comp="214" pin="2"/><net_sink comp="1016" pin=1"/></net>

<net id="1024"><net_src comp="229" pin="50"/><net_sink comp="1016" pin=2"/></net>

<net id="1025"><net_src comp="285" pin="50"/><net_sink comp="1016" pin=3"/></net>

<net id="1026"><net_src comp="1016" pin="4"/><net_sink comp="341" pin=0"/></net>

</net_list>

</model> 
---------------- Datapath Model END ------------------

* FSMD analyzer results:
  - Output states:
 - Input state : 
	Port: fp32_normaliser : raw_sum_mantissa | {1 }
	Port: fp32_normaliser : raw_sign | {1 }
	Port: fp32_normaliser : target_exponent | {1 }
  - Chain level:
	State 1
		br_ln49 : 1
		br_ln54 : 1
		br_ln55 : 1
		br_ln56 : 1
		br_ln57 : 1
		br_ln58 : 1
		br_ln59 : 1
		br_ln60 : 1
		br_ln61 : 1
		br_ln62 : 1
		br_ln63 : 1
		br_ln64 : 1
		br_ln65 : 1
		br_ln66 : 1
		br_ln67 : 1
		br_ln68 : 1
		br_ln69 : 1
		br_ln70 : 1
		br_ln71 : 1
		br_ln72 : 1
		br_ln73 : 1
		br_ln74 : 1
		br_ln75 : 1
		br_ln76 : 1
		br_ln77 : 1
		norm24_21 : 1
		norm24_20 : 1
		norm24_19 : 1
		norm24_18 : 1
		norm24_17 : 1
		norm24_16 : 1
		norm24_15 : 1
		norm24_14 : 1
		norm24_13 : 1
		norm24_12 : 1
		norm24_11 : 1
		norm24_10 : 1
		norm24_9 : 1
		norm24_8 : 1
		norm24_7 : 1
		norm24_6 : 1
		norm24_5 : 1
		norm24_4 : 1
		norm24_3 : 1
		norm24_2 : 1
		norm24_1 : 1
		norm24 : 1
		exp_23 : 1
		norm24_22 : 2
		tmp_s : 3
		agg_result_0 : 4
		ret_ln81 : 5


============================================================
+ Verbose Summary: Datapath Resource usage 
============================================================

* Functional unit list:
|----------|-----------------------------------|---------|---------|
| Operation|          Functional Unit          |    FF   |   LUT   |
|----------|-----------------------------------|---------|---------|
|          |           exp_24_fu_546           |    0    |    15   |
|          |           exp_22_fu_566           |    0    |    15   |
|          |           exp_21_fu_586           |    0    |    15   |
|          |           exp_20_fu_606           |    0    |    15   |
|          |           exp_19_fu_626           |    0    |    15   |
|          |           exp_18_fu_646           |    0    |    15   |
|          |           exp_17_fu_666           |    0    |    15   |
|          |           exp_16_fu_686           |    0    |    15   |
|          |           exp_15_fu_706           |    0    |    15   |
|          |           exp_14_fu_726           |    0    |    15   |
|          |           exp_13_fu_746           |    0    |    15   |
|    add   |           exp_12_fu_766           |    0    |    15   |
|          |           exp_11_fu_786           |    0    |    15   |
|          |           exp_10_fu_806           |    0    |    15   |
|          |            exp_9_fu_826           |    0    |    15   |
|          |            exp_8_fu_846           |    0    |    15   |
|          |            exp_7_fu_866           |    0    |    15   |
|          |            exp_6_fu_886           |    0    |    15   |
|          |            exp_5_fu_906           |    0    |    15   |
|          |            exp_4_fu_926           |    0    |    15   |
|          |            exp_3_fu_946           |    0    |    15   |
|          |            exp_2_fu_966           |    0    |    15   |
|          |            exp_1_fu_986           |    0    |    15   |
|          |            exp_fu_1009            |    0    |    15   |
|----------|-----------------------------------|---------|---------|
|   icmp   |          icmp_ln49_fu_348         |    0    |    32   |
|----------|-----------------------------------|---------|---------|
|          |  target_exponent_read_read_fu_208 |    0    |    0    |
|   read   |     raw_sign_read_read_fu_214     |    0    |    0    |
|          | raw_sum_mantissa_read_read_fu_220 |    0    |    0    |
|----------|-----------------------------------|---------|---------|
|          |             tmp_fu_354            |    0    |    0    |
|          |            tmp_1_fu_362           |    0    |    0    |
|          |            tmp_2_fu_370           |    0    |    0    |
|          |            tmp_3_fu_378           |    0    |    0    |
|          |            tmp_4_fu_386           |    0    |    0    |
|          |            tmp_5_fu_394           |    0    |    0    |
|          |            tmp_6_fu_402           |    0    |    0    |
|          |            tmp_7_fu_410           |    0    |    0    |
|          |            tmp_8_fu_418           |    0    |    0    |
|          |            tmp_9_fu_426           |    0    |    0    |
|          |           tmp_10_fu_434           |    0    |    0    |
| bitselect|           tmp_11_fu_442           |    0    |    0    |
|          |           tmp_12_fu_450           |    0    |    0    |
|          |           tmp_13_fu_458           |    0    |    0    |
|          |           tmp_14_fu_466           |    0    |    0    |
|          |           tmp_15_fu_474           |    0    |    0    |
|          |           tmp_16_fu_482           |    0    |    0    |
|          |           tmp_17_fu_490           |    0    |    0    |
|          |           tmp_18_fu_498           |    0    |    0    |
|          |           tmp_19_fu_506           |    0    |    0    |
|          |           tmp_20_fu_514           |    0    |    0    |
|          |           tmp_21_fu_522           |    0    |    0    |
|          |           tmp_22_fu_530           |    0    |    0    |
|          |           tmp_23_fu_538           |    0    |    0    |
|----------|-----------------------------------|---------|---------|
|          |         trunc_ln77_fu_553         |    0    |    0    |
|          |         trunc_ln76_fu_573         |    0    |    0    |
|          |         trunc_ln75_fu_593         |    0    |    0    |
|          |         trunc_ln74_fu_613         |    0    |    0    |
|          |         trunc_ln73_fu_633         |    0    |    0    |
|          |         trunc_ln72_fu_653         |    0    |    0    |
|          |         trunc_ln71_fu_673         |    0    |    0    |
|          |         trunc_ln70_fu_693         |    0    |    0    |
|          |         trunc_ln69_fu_713         |    0    |    0    |
|          |         trunc_ln68_fu_733         |    0    |    0    |
|          |         trunc_ln67_fu_753         |    0    |    0    |
|   trunc  |         trunc_ln66_fu_773         |    0    |    0    |
|          |         trunc_ln65_fu_793         |    0    |    0    |
|          |         trunc_ln64_fu_813         |    0    |    0    |
|          |         trunc_ln63_fu_833         |    0    |    0    |
|          |         trunc_ln62_fu_853         |    0    |    0    |
|          |         trunc_ln61_fu_873         |    0    |    0    |
|          |         trunc_ln60_fu_893         |    0    |    0    |
|          |         trunc_ln59_fu_913         |    0    |    0    |
|          |         trunc_ln58_fu_933         |    0    |    0    |
|          |         trunc_ln57_fu_953         |    0    |    0    |
|          |         trunc_ln56_fu_973         |    0    |    0    |
|          |         trunc_ln53_fu_993         |    0    |    0    |
|----------|-----------------------------------|---------|---------|
|          |          norm24_21_fu_557         |    0    |    0    |
|          |          norm24_20_fu_577         |    0    |    0    |
|          |          norm24_19_fu_597         |    0    |    0    |
|          |          norm24_18_fu_617         |    0    |    0    |
|          |          norm24_17_fu_637         |    0    |    0    |
|          |          norm24_16_fu_657         |    0    |    0    |
|          |          norm24_15_fu_677         |    0    |    0    |
|          |          norm24_14_fu_697         |    0    |    0    |
|          |          norm24_13_fu_717         |    0    |    0    |
|          |          norm24_12_fu_737         |    0    |    0    |
|          |          norm24_11_fu_757         |    0    |    0    |
|bitconcatenate|          norm24_10_fu_777         |    0    |    0    |
|          |          norm24_9_fu_797          |    0    |    0    |
|          |          norm24_8_fu_817          |    0    |    0    |
|          |          norm24_7_fu_837          |    0    |    0    |
|          |          norm24_6_fu_857          |    0    |    0    |
|          |          norm24_5_fu_877          |    0    |    0    |
|          |          norm24_4_fu_897          |    0    |    0    |
|          |          norm24_3_fu_917          |    0    |    0    |
|          |          norm24_2_fu_937          |    0    |    0    |
|          |          norm24_1_fu_957          |    0    |    0    |
|          |           norm24_fu_977           |    0    |    0    |
|          |           tmp_s_fu_1016           |    0    |    0    |
|----------|-----------------------------------|---------|---------|
|partselect|         norm24_cast_fu_998        |    0    |    0    |
|----------|-----------------------------------|---------|---------|
|   Total  |                                   |    0    |   392   |
|----------|-----------------------------------|---------|---------|

Memories:
N/A

* Register list:
+--------------------+--------+
|                    |   FF   |
+--------------------+--------+
|agg_result_0_reg_338|   32   |
|   exp_23_reg_226   |    8   |
|  norm24_22_reg_282 |   23   |
+--------------------+--------+
|        Total       |   63   |
+--------------------+--------+

* Multiplexer (MUX) list: 
|--------|------|------|------|--------|
|  Comp  |  Pin | Size |  BW  | S x BW |
|--------|------|------|------|--------|
|  Total |      |      |      |    0   |
|--------|------|------|------|--------|



* Summary:
+-----------+--------+--------+
|           |   FF   |   LUT  |
+-----------+--------+--------+
|  Function |    0   |   392  |
|   Memory  |    -   |    -   |
|Multiplexer|    -   |    -   |
|  Register |   63   |    -   |
+-----------+--------+--------+
|   Total   |   63   |   392  |
+-----------+--------+--------+
