benchmark,synth_target,component,timeout,num_iterations,repetition,driver_returncode,run_status,component_solve_status,solution_found,accepted_constraints,total_constraints,solver_attempts,solver_runtime_seconds_total,solver_runtime_seconds_max,enum_count_primary_total,enum_count_primary_last,wall_seconds,random_seed,luts,ffs,dsps,fmax_mhz,latency_ns,adp_lut_ns,accuracy_exact_match,within_rel_pct,abs_err_avg,abs_err_max,summary_path,log_path
mxint8_add_v1,mxint8_add,full_sum_v2,30,10,1,0,solved,solved,True,4,10,10,207.77957994490862,30.05851093865931,243192,140097,326.5491409301758,42,44,0,0,49.366,20.2569,891.3036000000001,-1.0,0.603,11.2576078125,56.0,/home/josephluke/Program-Synthesis-for-Efficient-ML/results/hyperparameter_sweep/fine_v3/raw/mxint8_add_v1_t30_i10_r01.json,/home/josephluke/Program-Synthesis-for-Efficient-ML/results/hyperparameter_sweep/fine_v3/raw/mxint8_add_v1_t30_i10_r01.log
mxint8_add_v1,mxint8_add,full_sum_v2,30,10,2,0,solved,solved,True,4,10,10,154.26516976766288,30.058594699949026,75817,43062,270.1011960506439,43,18,0,0,137.874,7.253,130.554,-1.0,0.11109999999999999,41.9009471875,144.0,/home/josephluke/Program-Synthesis-for-Efficient-ML/results/hyperparameter_sweep/fine_v3/raw/mxint8_add_v1_t30_i10_r02.json,/home/josephluke/Program-Synthesis-for-Efficient-ML/results/hyperparameter_sweep/fine_v3/raw/mxint8_add_v1_t30_i10_r02.log
mxint8_add_v1,mxint8_add,full_sum_v2,30,10,3,0,solved,solved,True,5,10,10,115.15680842660367,30.0600172765553,392734,195381,232.61363744735718,44,65,0,0,45.773,21.8469,1420.0485,-1.0,0.16,29.318261484375,112.0,/home/josephluke/Program-Synthesis-for-Efficient-ML/results/hyperparameter_sweep/fine_v3/raw/mxint8_add_v1_t30_i10_r03.json,/home/josephluke/Program-Synthesis-for-Efficient-ML/results/hyperparameter_sweep/fine_v3/raw/mxint8_add_v1_t30_i10_r03.log
mxint8_add_v1,mxint8_add,full_sum_v2,30,15,1,0,solved,solved,True,5,15,15,349.94383386708796,30.05850926786661,409376,166184,467.633282661438,42,44,0,0,49.366,20.2569,891.3036000000001,-1.0,0.6004999999999999,11.26991,56.0,/home/josephluke/Program-Synthesis-for-Efficient-ML/results/hyperparameter_sweep/fine_v3/raw/mxint8_add_v1_t30_i15_r01.json,/home/josephluke/Program-Synthesis-for-Efficient-ML/results/hyperparameter_sweep/fine_v3/raw/mxint8_add_v1_t30_i15_r01.log
mxint8_add_v1,mxint8_add,full_sum_v2,30,15,2,0,solved,solved,True,6,15,15,261.8764369059354,30.05990581959486,278680,103452,380.1338543891907,43,31,0,0,98.445,10.158,314.89799999999997,-1.0,0.5897,30.8329259375,144.0,/home/josephluke/Program-Synthesis-for-Efficient-ML/results/hyperparameter_sweep/fine_v3/raw/mxint8_add_v1_t30_i15_r02.json,/home/josephluke/Program-Synthesis-for-Efficient-ML/results/hyperparameter_sweep/fine_v3/raw/mxint8_add_v1_t30_i15_r02.log
mxint8_add_v1,mxint8_add,full_sum_v2,30,15,3,0,solved,solved,True,6,15,15,257.54208332672715,30.059284929186106,633558,240824,376.0966567993164,44,47,0,0,49.254,20.3029,954.2363,-1.0,0.23850000000000002,22.35173640625,144.0,/home/josephluke/Program-Synthesis-for-Efficient-ML/results/hyperparameter_sweep/fine_v3/raw/mxint8_add_v1_t30_i15_r03.json,/home/josephluke/Program-Synthesis-for-Efficient-ML/results/hyperparameter_sweep/fine_v3/raw/mxint8_add_v1_t30_i15_r03.log
mxint8_add_v1,mxint8_add,full_sum_v2,30,20,1,0,solved,solved,True,5,20,20,498.83708036504686,30.060228725895286,409376,166184,617.6747660636902,42,44,0,0,49.366,20.2569,891.3036000000001,-1.0,0.5978,11.39956921875,56.0,/home/josephluke/Program-Synthesis-for-Efficient-ML/results/hyperparameter_sweep/fine_v3/raw/mxint8_add_v1_t30_i20_r01.json,/home/josephluke/Program-Synthesis-for-Efficient-ML/results/hyperparameter_sweep/fine_v3/raw/mxint8_add_v1_t30_i20_r01.log
mxint8_add_v1,mxint8_add,full_sum_v2,30,20,2,0,solved,solved,True,8,20,20,383.83036533370614,30.059415582567453,614440,227073,501.2038154602051,43,31,0,0,98.445,10.158,314.89799999999997,-1.0,0.588,31.141834375,144.0,/home/josephluke/Program-Synthesis-for-Efficient-ML/results/hyperparameter_sweep/fine_v3/raw/mxint8_add_v1_t30_i20_r02.json,/home/josephluke/Program-Synthesis-for-Efficient-ML/results/hyperparameter_sweep/fine_v3/raw/mxint8_add_v1_t30_i20_r02.log
mxint8_add_v1,mxint8_add,full_sum_v2,30,20,3,0,solved,solved,True,6,20,20,406.89168349839747,30.070167617872357,633558,240824,525.9661288261414,44,47,0,0,49.254,20.3029,954.2363,-1.0,0.2371,22.4162128125,144.0,/home/josephluke/Program-Synthesis-for-Efficient-ML/results/hyperparameter_sweep/fine_v3/raw/mxint8_add_v1_t30_i20_r03.json,/home/josephluke/Program-Synthesis-for-Efficient-ML/results/hyperparameter_sweep/fine_v3/raw/mxint8_add_v1_t30_i20_r03.log
mxint8_add_v1,mxint8_add,full_sum_v2,30,30,1,0,solved,solved,True,6,30,30,800.3887827284634,30.06389202736318,614193,204817,918.8178932666779,42,44,0,0,49.366,20.2569,891.3036000000001,-1.0,0.601,11.26437859375,56.0,/home/josephluke/Program-Synthesis-for-Efficient-ML/results/hyperparameter_sweep/fine_v3/raw/mxint8_add_v1_t30_i30_r01.json,/home/josephluke/Program-Synthesis-for-Efficient-ML/results/hyperparameter_sweep/fine_v3/raw/mxint8_add_v1_t30_i30_r01.log
mxint8_add_v1,mxint8_add,full_sum_v2,30,30,2,0,solved,solved,True,10,30,30,674.0698331352323,30.063928531482816,1075171,231090,791.9707009792328,43,31,0,0,98.445,10.158,314.89799999999997,-1.0,0.5892000000000001,30.933921875,144.0,/home/josephluke/Program-Synthesis-for-Efficient-ML/results/hyperparameter_sweep/fine_v3/raw/mxint8_add_v1_t30_i30_r02.json,/home/josephluke/Program-Synthesis-for-Efficient-ML/results/hyperparameter_sweep/fine_v3/raw/mxint8_add_v1_t30_i30_r02.log
mxint8_add_v1,mxint8_add,full_sum_v2,30,30,3,0,solved,solved,True,8,30,30,697.7910294495523,30.070622224360704,1169075,270423,817.2746684551239,44,52,0,0,49.254,20.3029,1055.7508,-1.0,0.223,23.879646875,128.0,/home/josephluke/Program-Synthesis-for-Efficient-ML/results/hyperparameter_sweep/fine_v3/raw/mxint8_add_v1_t30_i30_r03.json,/home/josephluke/Program-Synthesis-for-Efficient-ML/results/hyperparameter_sweep/fine_v3/raw/mxint8_add_v1_t30_i30_r03.log
mxint8_add_v1,mxint8_add,full_sum_v2,60,10,1,0,solved,solved,True,4,10,10,419.294268200174,60.1195624563843,478081,374986,538.0917003154755,42,43,0,0,46.99,21.2811,915.0872999999999,-1.0,0.46549999999999997,14.595540336914063,63.998046875,/home/josephluke/Program-Synthesis-for-Efficient-ML/results/hyperparameter_sweep/fine_v3/raw/mxint8_add_v1_t60_i10_r01.json,/home/josephluke/Program-Synthesis-for-Efficient-ML/results/hyperparameter_sweep/fine_v3/raw/mxint8_add_v1_t60_i10_r01.log
mxint8_add_v1,mxint8_add,full_sum_v2,60,10,2,0,solved,solved,True,4,10,10,304.42815958335996,60.11145011521876,75817,43062,421.30238676071167,43,18,0,0,137.874,7.253,130.554,-1.0,0.1133,41.813761875,144.0,/home/josephluke/Program-Synthesis-for-Efficient-ML/results/hyperparameter_sweep/fine_v3/raw/mxint8_add_v1_t60_i10_r02.json,/home/josephluke/Program-Synthesis-for-Efficient-ML/results/hyperparameter_sweep/fine_v3/raw/mxint8_add_v1_t60_i10_r02.log
mxint8_add_v1,mxint8_add,full_sum_v2,60,10,3,0,solved,solved,True,5,10,10,205.50846143998206,60.11644331365824,392734,195381,324.0917603969574,44,65,0,0,45.773,21.8469,1420.0485,-1.0,0.1588,29.3390134375,112.0,/home/josephluke/Program-Synthesis-for-Efficient-ML/results/hyperparameter_sweep/fine_v3/raw/mxint8_add_v1_t60_i10_r03.json,/home/josephluke/Program-Synthesis-for-Efficient-ML/results/hyperparameter_sweep/fine_v3/raw/mxint8_add_v1_t60_i10_r03.log
mxint8_add_v1,mxint8_add,full_sum_v2,60,15,1,0,solved,solved,True,4,15,15,719.3115294445306,60.12246949598193,478081,374986,838.9594731330872,42,43,0,0,46.99,21.2811,915.0872999999999,-1.0,0.4646,14.564637788085937,63.9921875,/home/josephluke/Program-Synthesis-for-Efficient-ML/results/hyperparameter_sweep/fine_v3/raw/mxint8_add_v1_t60_i15_r01.json,/home/josephluke/Program-Synthesis-for-Efficient-ML/results/hyperparameter_sweep/fine_v3/raw/mxint8_add_v1_t60_i15_r01.log
mxint8_add_v1,mxint8_add,full_sum_v2,60,15,2,0,solved,solved,True,6,15,15,501.72152795642614,60.116654580459,278680,103452,619.3086130619049,43,31,0,0,98.445,10.158,314.89799999999997,-1.0,0.5877,31.0227528125,144.0,/home/josephluke/Program-Synthesis-for-Efficient-ML/results/hyperparameter_sweep/fine_v3/raw/mxint8_add_v1_t60_i15_r02.json,/home/josephluke/Program-Synthesis-for-Efficient-ML/results/hyperparameter_sweep/fine_v3/raw/mxint8_add_v1_t60_i15_r02.log
mxint8_add_v1,mxint8_add,full_sum_v2,60,15,3,0,solved,solved,True,6,15,15,468.1403020322323,60.12073804810643,633558,240824,587.0787415504456,44,47,0,0,49.254,20.3029,954.2363,-1.0,0.23809999999999998,22.3339475,144.0,/home/josephluke/Program-Synthesis-for-Efficient-ML/results/hyperparameter_sweep/fine_v3/raw/mxint8_add_v1_t60_i15_r03.json,/home/josephluke/Program-Synthesis-for-Efficient-ML/results/hyperparameter_sweep/fine_v3/raw/mxint8_add_v1_t60_i15_r03.log
mxint8_add_v1,mxint8_add,full_sum_v2,60,20,1,0,solved,solved,True,4,20,20,1020.4140738267452,60.12591280601919,478081,374986,1139.719143629074,42,43,0,0,46.99,21.2811,915.0872999999999,-1.0,0.46259999999999996,14.62466740234375,110.25,/home/josephluke/Program-Synthesis-for-Efficient-ML/results/hyperparameter_sweep/fine_v3/raw/mxint8_add_v1_t60_i20_r01.json,/home/josephluke/Program-Synthesis-for-Efficient-ML/results/hyperparameter_sweep/fine_v3/raw/mxint8_add_v1_t60_i20_r01.log
mxint8_add_v1,mxint8_add,full_sum_v2,60,20,2,0,solved,solved,True,8,20,20,713.2161854933947,60.11457797884941,614440,227073,830.7812345027924,43,31,0,0,98.445,10.158,314.89799999999997,-1.0,0.5886,30.9630515625,144.0,/home/josephluke/Program-Synthesis-for-Efficient-ML/results/hyperparameter_sweep/fine_v3/raw/mxint8_add_v1_t60_i20_r02.json,/home/josephluke/Program-Synthesis-for-Efficient-ML/results/hyperparameter_sweep/fine_v3/raw/mxint8_add_v1_t60_i20_r02.log
mxint8_add_v1,mxint8_add,full_sum_v2,60,20,3,0,solved,solved,True,6,20,20,768.2682894617319,60.12328860349953,633558,240824,886.6903698444366,44,47,0,0,49.254,20.3029,954.2363,-1.0,0.23850000000000002,22.330237578125,144.0,/home/josephluke/Program-Synthesis-for-Efficient-ML/results/hyperparameter_sweep/fine_v3/raw/mxint8_add_v1_t60_i20_r03.json,/home/josephluke/Program-Synthesis-for-Efficient-ML/results/hyperparameter_sweep/fine_v3/raw/mxint8_add_v1_t60_i20_r03.log
mxint8_add_v1,mxint8_add,full_sum_v2,60,30,1,0,solved,solved,True,5,30,30,1622.4727422762662,60.12528941594064,914711,436630,1741.2662675380707,42,44,0,0,49.366,20.2569,891.3036000000001,-1.0,0.5962,11.42289826171875,56.0,/home/josephluke/Program-Synthesis-for-Efficient-ML/results/hyperparameter_sweep/fine_v3/raw/mxint8_add_v1_t60_i30_r01.json,/home/josephluke/Program-Synthesis-for-Efficient-ML/results/hyperparameter_sweep/fine_v3/raw/mxint8_add_v1_t60_i30_r01.log
mxint8_add_v1,mxint8_add,full_sum_v2,60,30,2,0,solved,solved,True,12,30,30,1192.315570577979,60.12009170278907,1603236,270172,1309.9417705535889,43,31,0,0,98.445,10.158,314.89799999999997,-1.0,0.5878,31.02476875,144.0,/home/josephluke/Program-Synthesis-for-Efficient-ML/results/hyperparameter_sweep/fine_v3/raw/mxint8_add_v1_t60_i30_r02.json,/home/josephluke/Program-Synthesis-for-Efficient-ML/results/hyperparameter_sweep/fine_v3/raw/mxint8_add_v1_t60_i30_r02.log
mxint8_add_v1,mxint8_add,full_sum_v2,60,30,3,0,solved,solved,True,8,30,30,1297.2073125783354,60.12234161607921,1169075,270423,1415.8500652313232,44,52,0,0,49.254,20.3029,1055.7508,-1.0,0.2231,23.81115890625,128.0,/home/josephluke/Program-Synthesis-for-Efficient-ML/results/hyperparameter_sweep/fine_v3/raw/mxint8_add_v1_t60_i30_r03.json,/home/josephluke/Program-Synthesis-for-Efficient-ML/results/hyperparameter_sweep/fine_v3/raw/mxint8_add_v1_t60_i30_r03.log
mxint8_add_v1,mxint8_add,full_sum_v2,120,10,1,0,solved,solved,True,5,10,10,727.4994063675404,120.20049515552819,960780,482699,846.619060754776,42,44,0,0,49.366,20.2569,891.3036000000001,-1.0,0.5998,11.324223125,56.0,/home/josephluke/Program-Synthesis-for-Efficient-ML/results/hyperparameter_sweep/fine_v3/raw/mxint8_add_v1_t120_i10_r01.json,/home/josephluke/Program-Synthesis-for-Efficient-ML/results/hyperparameter_sweep/fine_v3/raw/mxint8_add_v1_t120_i10_r01.log
mxint8_add_v1,mxint8_add,full_sum_v2,120,10,2,0,solved,solved,True,4,10,10,604.8147096540779,120.20522344298661,75817,43062,719.2163290977478,43,18,0,0,137.874,7.253,130.554,-1.0,0.1104,42.070927578125,144.0,/home/josephluke/Program-Synthesis-for-Efficient-ML/results/hyperparameter_sweep/fine_v3/raw/mxint8_add_v1_t120_i10_r02.json,/home/josephluke/Program-Synthesis-for-Efficient-ML/results/hyperparameter_sweep/fine_v3/raw/mxint8_add_v1_t120_i10_r02.log
mxint8_add_v1,mxint8_add,full_sum_v2,120,10,3,0,solved,solved,True,5,10,10,385.486101558432,120.21472867019475,392734,195381,502.0823771953583,44,65,0,0,45.773,21.8469,1420.0485,-1.0,0.16,29.29421671875,112.0,/home/josephluke/Program-Synthesis-for-Efficient-ML/results/hyperparameter_sweep/fine_v3/raw/mxint8_add_v1_t120_i10_r03.json,/home/josephluke/Program-Synthesis-for-Efficient-ML/results/hyperparameter_sweep/fine_v3/raw/mxint8_add_v1_t120_i10_r03.log
mxint8_add_v1,mxint8_add,full_sum_v2,120,15,1,0,solved,solved,True,7,15,15,1300.201848777011,120.20084589533508,2194365,672501,1418.29221534729,42,44,0,0,49.366,20.2569,891.3036000000001,-1.0,0.599,11.322620703125,56.0,/home/josephluke/Program-Synthesis-for-Efficient-ML/results/hyperparameter_sweep/fine_v3/raw/mxint8_add_v1_t120_i15_r01.json,/home/josephluke/Program-Synthesis-for-Efficient-ML/results/hyperparameter_sweep/fine_v3/raw/mxint8_add_v1_t120_i15_r01.log
mxint8_add_v1,mxint8_add,full_sum_v2,120,15,2,0,solved,solved,True,6,15,15,981.869438778609,120.20244394801557,278680,103452,1098.804878950119,43,31,0,0,98.445,10.158,314.89799999999997,-1.0,0.5859000000000001,31.4801353125,144.0,/home/josephluke/Program-Synthesis-for-Efficient-ML/results/hyperparameter_sweep/fine_v3/raw/mxint8_add_v1_t120_i15_r02.json,/home/josephluke/Program-Synthesis-for-Efficient-ML/results/hyperparameter_sweep/fine_v3/raw/mxint8_add_v1_t120_i15_r02.log
mxint8_add_v1,mxint8_add,full_sum_v2,120,15,3,0,solved,solved,True,6,15,15,886.7536695450544,120.2143963817507,633558,240824,1003.3294761180878,44,47,0,0,49.254,20.3029,954.2363,-1.0,0.23739999999999997,22.39826765625,144.0,/home/josephluke/Program-Synthesis-for-Efficient-ML/results/hyperparameter_sweep/fine_v3/raw/mxint8_add_v1_t120_i15_r03.json,/home/josephluke/Program-Synthesis-for-Efficient-ML/results/hyperparameter_sweep/fine_v3/raw/mxint8_add_v1_t120_i15_r03.log
mxint8_add_v1,mxint8_add,full_sum_v2,120,20,1,0,solved,solved,True,6,20,20,1932.3467917628586,120.21063932403922,1721609,760829,2050.820093154907,42,44,0,0,49.366,20.2569,891.3036000000001,-1.0,0.5979,11.331150625,56.0,/home/josephluke/Program-Synthesis-for-Efficient-ML/results/hyperparameter_sweep/fine_v3/raw/mxint8_add_v1_t120_i20_r01.json,/home/josephluke/Program-Synthesis-for-Efficient-ML/results/hyperparameter_sweep/fine_v3/raw/mxint8_add_v1_t120_i20_r01.log
mxint8_add_v1,mxint8_add,full_sum_v2,120,20,2,0,solved,solved,True,8,20,20,1374.3767549023032,120.20070455409586,614440,227073,1491.8622417449951,43,31,0,0,98.445,10.158,314.89799999999997,-1.0,0.5882999999999999,30.9988925,144.0,/home/josephluke/Program-Synthesis-for-Efficient-ML/results/hyperparameter_sweep/fine_v3/raw/mxint8_add_v1_t120_i20_r02.json,/home/josephluke/Program-Synthesis-for-Efficient-ML/results/hyperparameter_sweep/fine_v3/raw/mxint8_add_v1_t120_i20_r02.log
mxint8_add_v1,mxint8_add,full_sum_v2,120,20,3,0,solved,solved,True,6,20,20,1487.7625747900456,120.20947598665953,633558,240824,1606.206779241562,44,47,0,0,49.254,20.3029,954.2363,-1.0,0.2357,22.361534453125,144.0,/home/josephluke/Program-Synthesis-for-Efficient-ML/results/hyperparameter_sweep/fine_v3/raw/mxint8_add_v1_t120_i20_r03.json,/home/josephluke/Program-Synthesis-for-Efficient-ML/results/hyperparameter_sweep/fine_v3/raw/mxint8_add_v1_t120_i20_r03.log
mxint8_add_v1,mxint8_add,full_sum_v2,120,30,1,0,solved,solved,True,7,30,30,3082.6949145570397,120.19453537836671,2117096,595232,3201.0612664222717,42,44,0,0,49.366,20.2569,891.3036000000001,-1.0,0.5998,11.30091390625,56.0,/home/josephluke/Program-Synthesis-for-Efficient-ML/results/hyperparameter_sweep/fine_v3/raw/mxint8_add_v1_t120_i30_r01.json,/home/josephluke/Program-Synthesis-for-Efficient-ML/results/hyperparameter_sweep/fine_v3/raw/mxint8_add_v1_t120_i30_r01.log
mxint8_add_v1,mxint8_add,full_sum_v2,120,30,2,0,solved,solved,True,12,30,30,2212.4539961796254,120.1922287736088,1603236,270172,2330.0636789798737,43,31,0,0,98.445,10.158,314.89799999999997,-1.0,0.5922999999999999,30.8607165625,144.0,/home/josephluke/Program-Synthesis-for-Efficient-ML/results/hyperparameter_sweep/fine_v3/raw/mxint8_add_v1_t120_i30_r02.json,/home/josephluke/Program-Synthesis-for-Efficient-ML/results/hyperparameter_sweep/fine_v3/raw/mxint8_add_v1_t120_i30_r02.log
mxint8_add_v1,mxint8_add,full_sum_v2,120,30,3,0,solved,solved,True,8,30,30,2498.809232128784,120.20099346712232,1169075,270423,2617.239297389984,44,52,0,0,49.254,20.3029,1055.7508,-1.0,0.222,23.9075325,128.0,/home/josephluke/Program-Synthesis-for-Efficient-ML/results/hyperparameter_sweep/fine_v3/raw/mxint8_add_v1_t120_i30_r03.json,/home/josephluke/Program-Synthesis-for-Efficient-ML/results/hyperparameter_sweep/fine_v3/raw/mxint8_add_v1_t120_i30_r03.log
mxint8_add_v1,mxint8_add,full_sum_v2,180,10,1,0,solved,solved,True,6,10,10,970.8575351461768,180.21149390377104,1721609,760829,1089.1027855873108,42,44,0,0,49.366,20.2569,891.3036000000001,-1.0,0.599,11.38809265625,56.0,/home/josephluke/Program-Synthesis-for-Efficient-ML/results/hyperparameter_sweep/fine_v3/raw/mxint8_add_v1_t180_i10_r01.json,/home/josephluke/Program-Synthesis-for-Efficient-ML/results/hyperparameter_sweep/fine_v3/raw/mxint8_add_v1_t180_i10_r01.log
mxint8_add_v1,mxint8_add,full_sum_v2,180,10,2,0,solved,solved,True,4,10,10,905.0416259430349,180.22498836368322,75817,43062,1020.7185251712799,43,18,0,0,137.874,7.253,130.554,-1.0,0.111,41.93284734375,144.0,/home/josephluke/Program-Synthesis-for-Efficient-ML/results/hyperparameter_sweep/fine_v3/raw/mxint8_add_v1_t180_i10_r02.json,/home/josephluke/Program-Synthesis-for-Efficient-ML/results/hyperparameter_sweep/fine_v3/raw/mxint8_add_v1_t180_i10_r02.log
mxint8_add_v1,mxint8_add,full_sum_v2,180,10,3,0,solved,solved,True,5,10,10,565.5874860435724,180.24029400013387,392734,195381,682.2307889461517,44,65,0,0,45.773,21.8469,1420.0485,-1.0,0.1591,29.297708515625,112.0,/home/josephluke/Program-Synthesis-for-Efficient-ML/results/hyperparameter_sweep/fine_v3/raw/mxint8_add_v1_t180_i10_r03.json,/home/josephluke/Program-Synthesis-for-Efficient-ML/results/hyperparameter_sweep/fine_v3/raw/mxint8_add_v1_t180_i10_r03.log
mxint8_add_v1,mxint8_add,full_sum_v2,180,15,1,0,solved,solved,True,8,15,15,1839.3855132758617,180.2188250850886,3536203,957458,1957.381597995758,42,44,0,0,49.366,20.2569,891.3036000000001,-1.0,0.5998,11.2711403125,56.0,/home/josephluke/Program-Synthesis-for-Efficient-ML/results/hyperparameter_sweep/fine_v3/raw/mxint8_add_v1_t180_i15_r01.json,/home/josephluke/Program-Synthesis-for-Efficient-ML/results/hyperparameter_sweep/fine_v3/raw/mxint8_add_v1_t180_i15_r01.log
mxint8_add_v1,mxint8_add,full_sum_v2,180,15,2,0,solved,solved,True,6,15,15,1461.996234625578,180.23264617472887,278680,103452,1579.0749762058258,43,31,0,0,98.445,10.158,314.89799999999997,-1.0,0.5891,31.108262890625,144.0,/home/josephluke/Program-Synthesis-for-Efficient-ML/results/hyperparameter_sweep/fine_v3/raw/mxint8_add_v1_t180_i15_r02.json,/home/josephluke/Program-Synthesis-for-Efficient-ML/results/hyperparameter_sweep/fine_v3/raw/mxint8_add_v1_t180_i15_r02.log
mxint8_add_v1,mxint8_add,full_sum_v2,180,15,3,0,solved,solved,True,6,15,15,1306.9721875935793,180.24957930482924,633558,240824,1425.2766757011414,44,47,0,0,49.254,20.3029,954.2363,-1.0,0.2377,22.36758890625,144.0,/home/josephluke/Program-Synthesis-for-Efficient-ML/results/hyperparameter_sweep/fine_v3/raw/mxint8_add_v1_t180_i15_r03.json,/home/josephluke/Program-Synthesis-for-Efficient-ML/results/hyperparameter_sweep/fine_v3/raw/mxint8_add_v1_t180_i15_r03.log
mxint8_add_v1,mxint8_add,full_sum_v2,180,20,1,0,solved,solved,True,7,20,20,2742.3007581625134,180.2250631880015,2578745,857136,2860.396409034729,42,44,0,0,49.366,20.2569,891.3036000000001,-1.0,0.5996,11.3986396875,56.0,/home/josephluke/Program-Synthesis-for-Efficient-ML/results/hyperparameter_sweep/fine_v3/raw/mxint8_add_v1_t180_i20_r01.json,/home/josephluke/Program-Synthesis-for-Efficient-ML/results/hyperparameter_sweep/fine_v3/raw/mxint8_add_v1_t180_i20_r01.log
mxint8_add_v1,mxint8_add,full_sum_v2,180,20,2,0,solved,solved,True,8,20,20,2034.5392513964325,180.22439428977668,614440,227073,2152.064321756363,43,31,0,0,98.445,10.158,314.89799999999997,-1.0,0.5897,30.9774962890625,144.0,/home/josephluke/Program-Synthesis-for-Efficient-ML/results/hyperparameter_sweep/fine_v3/raw/mxint8_add_v1_t180_i20_r02.json,/home/josephluke/Program-Synthesis-for-Efficient-ML/results/hyperparameter_sweep/fine_v3/raw/mxint8_add_v1_t180_i20_r02.log
mxint8_add_v1,mxint8_add,full_sum_v2,180,20,3,0,solved,solved,True,6,20,20,2208.1617074441165,180.24173284322023,633558,240824,2326.419597387314,44,47,0,0,49.254,20.3029,954.2363,-1.0,0.2368,22.2766575,144.0,/home/josephluke/Program-Synthesis-for-Efficient-ML/results/hyperparameter_sweep/fine_v3/raw/mxint8_add_v1_t180_i20_r03.json,/home/josephluke/Program-Synthesis-for-Efficient-ML/results/hyperparameter_sweep/fine_v3/raw/mxint8_add_v1_t180_i20_r03.log
mxint8_add_v1,mxint8_add,full_sum_v2,180,30,1,0,solved,solved,True,8,30,30,4528.5061264727265,180.22440514154732,3457572,878827,4647.079118728638,42,44,0,0,49.366,20.2569,891.3036000000001,-1.0,0.5993999999999999,11.3546465625,56.0,/home/josephluke/Program-Synthesis-for-Efficient-ML/results/hyperparameter_sweep/fine_v3/raw/mxint8_add_v1_t180_i30_r01.json,/home/josephluke/Program-Synthesis-for-Efficient-ML/results/hyperparameter_sweep/fine_v3/raw/mxint8_add_v1_t180_i30_r01.log
mxint8_add_v1,mxint8_add,full_sum_v2,180,30,2,0,solved,solved,True,12,30,30,3232.6719825137407,180.2185358442366,1603236,270172,3350.0703167915344,43,31,0,0,98.445,10.158,314.89799999999997,-1.0,0.5902000000000001,30.82248875,144.0,/home/josephluke/Program-Synthesis-for-Efficient-ML/results/hyperparameter_sweep/fine_v3/raw/mxint8_add_v1_t180_i30_r02.json,/home/josephluke/Program-Synthesis-for-Efficient-ML/results/hyperparameter_sweep/fine_v3/raw/mxint8_add_v1_t180_i30_r02.log
mxint8_add_v1,mxint8_add,full_sum_v2,180,30,3,0,solved,solved,True,9,30,30,3940.641663789749,180.24260785989463,5001831,1511544,4058.7959864139557,44,48,0,0,46.988,21.282,1021.5360000000001,-1.0,0.23800000000000002,21.4315465625,128.0,/home/josephluke/Program-Synthesis-for-Efficient-ML/results/hyperparameter_sweep/fine_v3/raw/mxint8_add_v1_t180_i30_r03.json,/home/josephluke/Program-Synthesis-for-Efficient-ML/results/hyperparameter_sweep/fine_v3/raw/mxint8_add_v1_t180_i30_r03.log
mxint8_add_v1,mxint8_add,full_sum_v2,300,10,1,0,solved,solved,True,6,10,10,1450.86572612077,300.31872816570103,1721609,760829,1569.2920701503754,42,44,0,0,49.366,20.2569,891.3036000000001,-1.0,0.5986,11.34150359375,56.0,/home/josephluke/Program-Synthesis-for-Efficient-ML/results/hyperparameter_sweep/fine_v3/raw/mxint8_add_v1_t300_i10_r01.json,/home/josephluke/Program-Synthesis-for-Efficient-ML/results/hyperparameter_sweep/fine_v3/raw/mxint8_add_v1_t300_i10_r01.log
mxint8_add_v1,mxint8_add,full_sum_v2,300,10,2,0,solved,solved,True,4,10,10,1780.439230889082,300.30813946947455,4052244,4019489,1898.6300230026245,43,40,0,0,56.063,17.8371,713.4839999999999,-1.0,0.2501,37.5420184375,208.0,/home/josephluke/Program-Synthesis-for-Efficient-ML/results/hyperparameter_sweep/fine_v3/raw/mxint8_add_v1_t300_i10_r02.json,/home/josephluke/Program-Synthesis-for-Efficient-ML/results/hyperparameter_sweep/fine_v3/raw/mxint8_add_v1_t300_i10_r02.log
mxint8_add_v1,mxint8_add,full_sum_v2,300,10,3,0,solved,solved,True,5,10,10,925.8923624642193,300.29231794923544,392734,195381,1044.1355998516083,44,65,0,0,45.773,21.8469,1420.0485,-1.0,0.1605,29.30701375,112.0,/home/josephluke/Program-Synthesis-for-Efficient-ML/results/hyperparameter_sweep/fine_v3/raw/mxint8_add_v1_t300_i10_r03.json,/home/josephluke/Program-Synthesis-for-Efficient-ML/results/hyperparameter_sweep/fine_v3/raw/mxint8_add_v1_t300_i10_r03.log
mxint8_add_v1,mxint8_add,full_sum_v2,300,15,1,0,solved,solved,True,8,15,15,2688.4554656147957,300.2933896742761,3536203,957458,2806.8229854106903,42,44,0,0,49.366,20.2569,891.3036000000001,-1.0,0.5995,11.30611921875,56.0,/home/josephluke/Program-Synthesis-for-Efficient-ML/results/hyperparameter_sweep/fine_v3/raw/mxint8_add_v1_t300_i15_r01.json,/home/josephluke/Program-Synthesis-for-Efficient-ML/results/hyperparameter_sweep/fine_v3/raw/mxint8_add_v1_t300_i15_r01.log
mxint8_add_v1,mxint8_add,full_sum_v2,300,15,2,0,solved,solved,True,4,15,15,3281.2735567409545,300.31239036284387,4052244,4019489,3399.032377719879,43,40,0,0,56.063,17.8371,713.4839999999999,-1.0,0.2487,37.5209759375,208.0,/home/josephluke/Program-Synthesis-for-Efficient-ML/results/hyperparameter_sweep/fine_v3/raw/mxint8_add_v1_t300_i15_r02.json,/home/josephluke/Program-Synthesis-for-Efficient-ML/results/hyperparameter_sweep/fine_v3/raw/mxint8_add_v1_t300_i15_r02.log
mxint8_add_v1,mxint8_add,full_sum_v2,300,15,3,0,solved,solved,True,6,15,15,2146.2286807950586,300.2955790515989,633558,240824,2263.5558643341064,44,47,0,0,49.254,20.3029,954.2363,-1.0,0.235,22.3182753125,144.0,/home/josephluke/Program-Synthesis-for-Efficient-ML/results/hyperparameter_sweep/fine_v3/raw/mxint8_add_v1_t300_i15_r03.json,/home/josephluke/Program-Synthesis-for-Efficient-ML/results/hyperparameter_sweep/fine_v3/raw/mxint8_add_v1_t300_i15_r03.log
mxint8_add_v1,mxint8_add,full_sum_v2,300,20,1,0,solved,solved,True,8,20,20,4170.740516858175,300.29873092100024,3536203,957458,4287.755392789841,42,44,0,0,49.366,20.2569,891.3036000000001,-1.0,0.5986,11.30608046875,56.0,/home/josephluke/Program-Synthesis-for-Efficient-ML/results/hyperparameter_sweep/fine_v3/raw/mxint8_add_v1_t300_i20_r01.json,/home/josephluke/Program-Synthesis-for-Efficient-ML/results/hyperparameter_sweep/fine_v3/raw/mxint8_add_v1_t300_i20_r01.log
mxint8_add_v1,mxint8_add,full_sum_v2,300,20,2,0,solved,solved,True,4,20,20,4767.85363115184,300.2978290822357,4052244,4019489,4884.399702787399,43,40,0,0,56.063,17.8371,713.4839999999999,-1.0,0.2515,37.39706390625,208.0,/home/josephluke/Program-Synthesis-for-Efficient-ML/results/hyperparameter_sweep/fine_v3/raw/mxint8_add_v1_t300_i20_r02.json,/home/josephluke/Program-Synthesis-for-Efficient-ML/results/hyperparameter_sweep/fine_v3/raw/mxint8_add_v1_t300_i20_r02.log
mxint8_add_v1,mxint8_add,full_sum_v2,300,20,3,0,solved,solved,True,6,20,20,3649.153105609119,300.31699652411044,633558,240824,3766.1681921482086,44,47,0,0,49.254,20.3029,954.2363,-1.0,0.23620000000000002,22.456249375,144.0,/home/josephluke/Program-Synthesis-for-Efficient-ML/results/hyperparameter_sweep/fine_v3/raw/mxint8_add_v1_t300_i20_r03.json,/home/josephluke/Program-Synthesis-for-Efficient-ML/results/hyperparameter_sweep/fine_v3/raw/mxint8_add_v1_t300_i20_r03.log
mxint8_add_v1,mxint8_add,full_sum_v2,300,30,1,0,solved,solved,True,11,30,30,7038.0568955130875,300.31175355799496,7027482,1215650,7157.845959663391,42,44,0,0,49.366,20.2569,891.3036000000001,-1.0,0.601,11.2281890625,56.0,/home/josephluke/Program-Synthesis-for-Efficient-ML/results/hyperparameter_sweep/fine_v3/raw/mxint8_add_v1_t300_i30_r01.json,/home/josephluke/Program-Synthesis-for-Efficient-ML/results/hyperparameter_sweep/fine_v3/raw/mxint8_add_v1_t300_i30_r01.log
mxint8_add_v1,mxint8_add,full_sum_v2,300,30,2,0,solved,solved,True,4,30,30,7795.51929525286,300.3093625884503,4052244,4019489,7915.3640077114105,43,40,0,0,56.063,17.8371,713.4839999999999,-1.0,0.251,37.349551875,208.0,/home/josephluke/Program-Synthesis-for-Efficient-ML/results/hyperparameter_sweep/fine_v3/raw/mxint8_add_v1_t300_i30_r02.json,/home/josephluke/Program-Synthesis-for-Efficient-ML/results/hyperparameter_sweep/fine_v3/raw/mxint8_add_v1_t300_i30_r02.log
mxint8_add_v1,mxint8_add,full_sum_v2,300,30,3,0,solved,solved,True,10,30,30,6093.528926543891,300.31219671294093,6522887,1521056,6212.205813407898,44,48,0,0,46.988,21.282,1021.5360000000001,-1.0,0.2414,21.4853434375,128.0,/home/josephluke/Program-Synthesis-for-Efficient-ML/results/hyperparameter_sweep/fine_v3/raw/mxint8_add_v1_t300_i30_r03.json,/home/josephluke/Program-Synthesis-for-Efficient-ML/results/hyperparameter_sweep/fine_v3/raw/mxint8_add_v1_t300_i30_r03.log
mxint8_mul_v1,mxint8_mul,full_product_v2,30,10,1,0,solved,solved,True,6,10,10,117.86790741607547,30.035090206190944,5984856,24730,234.27078008651733,1042,23,0,0,427.35,2.34,53.81999999999999,-1.0,0.86,6.720731635742188,128.0,/home/josephluke/Program-Synthesis-for-Efficient-ML/results/hyperparameter_sweep/fine_v3/raw/mxint8_mul_v1_t30_i10_r01.json,/home/josephluke/Program-Synthesis-for-Efficient-ML/results/hyperparameter_sweep/fine_v3/raw/mxint8_mul_v1_t30_i10_r01.log
mxint8_mul_v1,mxint8_mul,full_product_v2,30,10,2,0,solved,solved,True,4,10,10,151.26140788383782,30.035149374976754,183098,24987,268.2360165119171,1043,23,0,0,427.35,2.34,53.81999999999999,-1.0,0.8575,6.839214653320313,128.0,/home/josephluke/Program-Synthesis-for-Efficient-ML/results/hyperparameter_sweep/fine_v3/raw/mxint8_mul_v1_t30_i10_r02.json,/home/josephluke/Program-Synthesis-for-Efficient-ML/results/hyperparameter_sweep/fine_v3/raw/mxint8_mul_v1_t30_i10_r02.log
mxint8_mul_v1,mxint8_mul,full_product_v2,30,10,3,0,solved,solved,True,4,10,10,154.23823623545468,30.035808824002743,816166,24899,270.6217200756073,1044,23,0,0,427.35,2.34,53.81999999999999,-1.0,0.8597,6.739397392578125,128.0,/home/josephluke/Program-Synthesis-for-Efficient-ML/results/hyperparameter_sweep/fine_v3/raw/mxint8_mul_v1_t30_i10_r03.json,/home/josephluke/Program-Synthesis-for-Efficient-ML/results/hyperparameter_sweep/fine_v3/raw/mxint8_mul_v1_t30_i10_r03.log
mxint8_mul_v1,mxint8_mul,full_product_v2,30,15,1,0,solved,solved,True,9,15,15,179.0617109257728,30.03566608019173,6059492,24953,295.40793347358704,1042,23,0,0,427.35,2.34,53.81999999999999,-1.0,0.8606,6.769391928710937,128.0,/home/josephluke/Program-Synthesis-for-Efficient-ML/results/hyperparameter_sweep/fine_v3/raw/mxint8_mul_v1_t30_i15_r01.json,/home/josephluke/Program-Synthesis-for-Efficient-ML/results/hyperparameter_sweep/fine_v3/raw/mxint8_mul_v1_t30_i15_r01.log
mxint8_mul_v1,mxint8_mul,full_product_v2,30,15,2,0,solved,solved,True,6,15,15,241.84947673603892,30.035399908199906,233072,24987,357.76559257507324,1043,23,0,0,427.35,2.34,53.81999999999999,-1.0,0.8617,6.70748744140625,128.0,/home/josephluke/Program-Synthesis-for-Efficient-ML/results/hyperparameter_sweep/fine_v3/raw/mxint8_mul_v1_t30_i15_r02.json,/home/josephluke/Program-Synthesis-for-Efficient-ML/results/hyperparameter_sweep/fine_v3/raw/mxint8_mul_v1_t30_i15_r02.log
mxint8_mul_v1,mxint8_mul,full_product_v2,30,15,3,0,solved,solved,True,6,15,15,244.97760273702443,30.03564077615738,865964,24899,361.3412160873413,1044,23,0,0,427.35,2.34,53.81999999999999,-1.0,0.8595999999999999,6.720847294921875,128.0,/home/josephluke/Program-Synthesis-for-Efficient-ML/results/hyperparameter_sweep/fine_v3/raw/mxint8_mul_v1_t30_i15_r03.json,/home/josephluke/Program-Synthesis-for-Efficient-ML/results/hyperparameter_sweep/fine_v3/raw/mxint8_mul_v1_t30_i15_r03.log
mxint8_mul_v1,mxint8_mul,full_product_v2,30,20,1,0,solved,solved,True,12,20,20,239.86013185419142,30.035292645916343,6134683,25075,356.18531036376953,1042,23,0,0,427.35,2.34,53.81999999999999,-1.0,0.86,6.701932758789063,128.0,/home/josephluke/Program-Synthesis-for-Efficient-ML/results/hyperparameter_sweep/fine_v3/raw/mxint8_mul_v1_t30_i20_r01.json,/home/josephluke/Program-Synthesis-for-Efficient-ML/results/hyperparameter_sweep/fine_v3/raw/mxint8_mul_v1_t30_i20_r01.log
mxint8_mul_v1,mxint8_mul,full_product_v2,30,20,2,0,solved,solved,True,7,20,20,362.29705232195556,30.035199638456106,258136,25064,478.8694443702698,1043,23,0,0,427.35,2.34,53.81999999999999,-1.0,0.862,6.73745853515625,128.001953125,/home/josephluke/Program-Synthesis-for-Efficient-ML/results/hyperparameter_sweep/fine_v3/raw/mxint8_mul_v1_t30_i20_r02.json,/home/josephluke/Program-Synthesis-for-Efficient-ML/results/hyperparameter_sweep/fine_v3/raw/mxint8_mul_v1_t30_i20_r02.log
mxint8_mul_v1,mxint8_mul,full_product_v2,30,20,3,0,solved,solved,True,8,20,20,335.67337252758443,30.036279015243053,915872,24954,452.09426951408386,1044,23,0,0,427.35,2.34,53.81999999999999,-1.0,0.8589,6.906844609375,128.0,/home/josephluke/Program-Synthesis-for-Efficient-ML/results/hyperparameter_sweep/fine_v3/raw/mxint8_mul_v1_t30_i20_r03.json,/home/josephluke/Program-Synthesis-for-Efficient-ML/results/hyperparameter_sweep/fine_v3/raw/mxint8_mul_v1_t30_i20_r03.log
mxint8_mul_v1,mxint8_mul,full_product_v2,30,30,1,0,solved,solved,True,17,30,30,392.0891398023814,30.03521778434515,6260058,25075,508.5650417804718,1042,23,0,0,427.35,2.34,53.81999999999999,-1.0,0.8587,6.744804248046875,128.0,/home/josephluke/Program-Synthesis-for-Efficient-ML/results/hyperparameter_sweep/fine_v3/raw/mxint8_mul_v1_t30_i30_r01.json,/home/josephluke/Program-Synthesis-for-Efficient-ML/results/hyperparameter_sweep/fine_v3/raw/mxint8_mul_v1_t30_i30_r01.log
mxint8_mul_v1,mxint8_mul,full_product_v2,30,30,2,0,solved,solved,True,10,30,30,573.5236999467015,30.03556083329022,333680,25218,690.213805437088,1043,23,0,0,427.35,2.34,53.81999999999999,-1.0,0.8603000000000001,6.7079245703125,128.0,/home/josephluke/Program-Synthesis-for-Efficient-ML/results/hyperparameter_sweep/fine_v3/raw/mxint8_mul_v1_t30_i30_r02.json,/home/josephluke/Program-Synthesis-for-Efficient-ML/results/hyperparameter_sweep/fine_v3/raw/mxint8_mul_v1_t30_i30_r02.log
mxint8_mul_v1,mxint8_mul,full_product_v2,30,30,3,0,solved,solved,True,12,30,30,517.4096482172608,30.035406237468123,1015886,25152,633.9312336444855,1044,23,0,0,427.35,2.34,53.81999999999999,-1.0,0.8601000000000001,6.683577182617188,128.0,/home/josephluke/Program-Synthesis-for-Efficient-ML/results/hyperparameter_sweep/fine_v3/raw/mxint8_mul_v1_t30_i30_r03.json,/home/josephluke/Program-Synthesis-for-Efficient-ML/results/hyperparameter_sweep/fine_v3/raw/mxint8_mul_v1_t30_i30_r03.log
mxint8_mul_v1,mxint8_mul,full_product_v2,60,10,1,0,solved,solved,True,6,10,10,207.9729134514928,60.07215028628707,5984856,24730,324.36476850509644,1042,23,0,0,427.35,2.34,53.81999999999999,-1.0,0.8595,6.762452280273438,128.0,/home/josephluke/Program-Synthesis-for-Efficient-ML/results/hyperparameter_sweep/fine_v3/raw/mxint8_mul_v1_t60_i10_r01.json,/home/josephluke/Program-Synthesis-for-Efficient-ML/results/hyperparameter_sweep/fine_v3/raw/mxint8_mul_v1_t60_i10_r01.log
mxint8_mul_v1,mxint8_mul,full_product_v2,60,10,2,0,solved,solved,True,4,10,10,276.882530964911,60.07235135138035,17840481,24987,393.1213049888611,1043,23,0,0,427.35,2.34,53.81999999999999,-1.0,0.8584,6.838834619140625,128.0,/home/josephluke/Program-Synthesis-for-Efficient-ML/results/hyperparameter_sweep/fine_v3/raw/mxint8_mul_v1_t60_i10_r02.json,/home/josephluke/Program-Synthesis-for-Efficient-ML/results/hyperparameter_sweep/fine_v3/raw/mxint8_mul_v1_t60_i10_r02.log
mxint8_mul_v1,mxint8_mul,full_product_v2,60,10,3,0,solved,solved,True,4,10,10,304.43269842118025,60.07225138321519,816166,24899,421.3866105079651,1044,23,0,0,427.35,2.34,53.81999999999999,-1.0,0.8591,6.676705268554688,128.0,/home/josephluke/Program-Synthesis-for-Efficient-ML/results/hyperparameter_sweep/fine_v3/raw/mxint8_mul_v1_t60_i10_r03.json,/home/josephluke/Program-Synthesis-for-Efficient-ML/results/hyperparameter_sweep/fine_v3/raw/mxint8_mul_v1_t60_i10_r03.log
mxint8_mul_v1,mxint8_mul,full_product_v2,60,15,1,0,solved,solved,True,9,15,15,329.3561209589243,60.071450820192695,6059492,24953,446.5905873775482,1042,23,0,0,427.35,2.34,53.81999999999999,-1.0,0.8595,6.823864443359375,128.0,/home/josephluke/Program-Synthesis-for-Efficient-ML/results/hyperparameter_sweep/fine_v3/raw/mxint8_mul_v1_t60_i15_r01.json,/home/josephluke/Program-Synthesis-for-Efficient-ML/results/hyperparameter_sweep/fine_v3/raw/mxint8_mul_v1_t60_i15_r01.log
mxint8_mul_v1,mxint8_mul,full_product_v2,60,15,2,0,solved,solved,True,6,15,15,457.97298252396286,60.07144194468856,17890455,24987,575.1157464981079,1043,23,0,0,427.35,2.34,53.81999999999999,-1.0,0.8615,6.75538802734375,128.0,/home/josephluke/Program-Synthesis-for-Efficient-ML/results/hyperparameter_sweep/fine_v3/raw/mxint8_mul_v1_t60_i15_r02.json,/home/josephluke/Program-Synthesis-for-Efficient-ML/results/hyperparameter_sweep/fine_v3/raw/mxint8_mul_v1_t60_i15_r02.log
mxint8_mul_v1,mxint8_mul,full_product_v2,60,15,3,0,solved,solved,True,6,15,15,485.2197198010981,60.07104690745473,865964,24899,602.219833612442,1044,23,0,0,427.35,2.34,53.81999999999999,-1.0,0.8583,6.9118488134765625,128.0,/home/josephluke/Program-Synthesis-for-Efficient-ML/results/hyperparameter_sweep/fine_v3/raw/mxint8_mul_v1_t60_i15_r03.json,/home/josephluke/Program-Synthesis-for-Efficient-ML/results/hyperparameter_sweep/fine_v3/raw/mxint8_mul_v1_t60_i15_r03.log
mxint8_mul_v1,mxint8_mul,full_product_v2,60,20,1,0,solved,solved,True,12,20,20,448.7821744568646,60.07089023664594,6134683,25075,566.5921437740326,1042,23,0,0,427.35,2.34,53.81999999999999,-1.0,0.8586,6.745801352539062,128.0,/home/josephluke/Program-Synthesis-for-Efficient-ML/results/hyperparameter_sweep/fine_v3/raw/mxint8_mul_v1_t60_i20_r01.json,/home/josephluke/Program-Synthesis-for-Efficient-ML/results/hyperparameter_sweep/fine_v3/raw/mxint8_mul_v1_t60_i20_r01.log
mxint8_mul_v1,mxint8_mul,full_product_v2,60,20,2,0,solved,solved,True,7,20,20,702.7412273958325,60.07185201533139,17915519,25064,820.332923412323,1043,23,0,0,427.35,2.34,53.81999999999999,-1.0,0.8603000000000001,6.719388525390625,128.0,/home/josephluke/Program-Synthesis-for-Efficient-ML/results/hyperparameter_sweep/fine_v3/raw/mxint8_mul_v1_t60_i20_r02.json,/home/josephluke/Program-Synthesis-for-Efficient-ML/results/hyperparameter_sweep/fine_v3/raw/mxint8_mul_v1_t60_i20_r02.log
mxint8_mul_v1,mxint8_mul,full_product_v2,60,20,3,0,solved,solved,True,8,20,20,666.0981218125671,60.07085934467614,915872,24954,783.4836294651031,1044,23,0,0,427.35,2.34,53.81999999999999,-1.0,0.8592,6.803025297851563,128.0,/home/josephluke/Program-Synthesis-for-Efficient-ML/results/hyperparameter_sweep/fine_v3/raw/mxint8_mul_v1_t60_i20_r03.json,/home/josephluke/Program-Synthesis-for-Efficient-ML/results/hyperparameter_sweep/fine_v3/raw/mxint8_mul_v1_t60_i20_r03.log
mxint8_mul_v1,mxint8_mul,full_product_v2,60,30,1,0,solved,solved,True,17,30,30,752.8615172561258,60.07154060713947,6260058,25075,869.9908311367035,1042,23,0,0,427.35,2.34,53.81999999999999,-1.0,0.8606,6.811115483398438,128.0,/home/josephluke/Program-Synthesis-for-Efficient-ML/results/hyperparameter_sweep/fine_v3/raw/mxint8_mul_v1_t60_i30_r01.json,/home/josephluke/Program-Synthesis-for-Efficient-ML/results/hyperparameter_sweep/fine_v3/raw/mxint8_mul_v1_t60_i30_r01.log
mxint8_mul_v1,mxint8_mul,full_product_v2,60,30,2,0,solved,solved,True,10,30,30,1122.9876168854535,60.07269594632089,17991063,25218,1239.9591641426086,1043,23,0,0,427.35,2.34,53.81999999999999,-1.0,0.8599,6.8365075390625,128.0,/home/josephluke/Program-Synthesis-for-Efficient-ML/results/hyperparameter_sweep/fine_v3/raw/mxint8_mul_v1_t60_i30_r02.json,/home/josephluke/Program-Synthesis-for-Efficient-ML/results/hyperparameter_sweep/fine_v3/raw/mxint8_mul_v1_t60_i30_r02.log
mxint8_mul_v1,mxint8_mul,full_product_v2,60,30,3,0,solved,solved,True,12,30,30,1028.034125637263,60.07169173657894,1015886,25152,1144.6995513439178,1044,23,0,0,427.35,2.34,53.81999999999999,-1.0,0.8576999999999999,6.895045346679687,128.0,/home/josephluke/Program-Synthesis-for-Efficient-ML/results/hyperparameter_sweep/fine_v3/raw/mxint8_mul_v1_t60_i30_r03.json,/home/josephluke/Program-Synthesis-for-Efficient-ML/results/hyperparameter_sweep/fine_v3/raw/mxint8_mul_v1_t60_i30_r03.log
mxint8_mul_v1,mxint8_mul,full_product_v2,120,10,1,0,solved,solved,True,6,10,10,388.29070983827114,120.11214127205312,5984856,24730,505.6575469970703,1042,23,0,0,427.35,2.34,53.81999999999999,-1.0,0.8573000000000001,6.859787573242188,128.0,/home/josephluke/Program-Synthesis-for-Efficient-ML/results/hyperparameter_sweep/fine_v3/raw/mxint8_mul_v1_t120_i10_r01.json,/home/josephluke/Program-Synthesis-for-Efficient-ML/results/hyperparameter_sweep/fine_v3/raw/mxint8_mul_v1_t120_i10_r01.log
mxint8_mul_v1,mxint8_mul,full_product_v2,120,10,2,0,solved,solved,True,4,10,10,457.25643925741315,120.11571877077222,17840481,24987,574.417165517807,1043,23,0,0,427.35,2.34,53.81999999999999,-1.0,0.8595,6.765657368164063,128.0,/home/josephluke/Program-Synthesis-for-Efficient-ML/results/hyperparameter_sweep/fine_v3/raw/mxint8_mul_v1_t120_i10_r02.json,/home/josephluke/Program-Synthesis-for-Efficient-ML/results/hyperparameter_sweep/fine_v3/raw/mxint8_mul_v1_t120_i10_r02.log
mxint8_mul_v1,mxint8_mul,full_product_v2,120,10,3,0,solved,solved,True,4,10,10,604.8040257226676,120.11365878209472,816166,24899,722.0067002773285,1044,23,0,0,427.35,2.34,53.81999999999999,-1.0,0.858,6.842438154296875,128.0,/home/josephluke/Program-Synthesis-for-Efficient-ML/results/hyperparameter_sweep/fine_v3/raw/mxint8_mul_v1_t120_i10_r03.json,/home/josephluke/Program-Synthesis-for-Efficient-ML/results/hyperparameter_sweep/fine_v3/raw/mxint8_mul_v1_t120_i10_r03.log
mxint8_mul_v1,mxint8_mul,full_product_v2,120,15,1,0,solved,solved,True,9,15,15,629.8831343371421,120.11690221726894,6059492,24953,747.2758777141571,1042,23,0,0,427.35,2.34,53.81999999999999,-1.0,0.8595,6.816273803710938,128.0,/home/josephluke/Program-Synthesis-for-Efficient-ML/results/hyperparameter_sweep/fine_v3/raw/mxint8_mul_v1_t120_i15_r01.json,/home/josephluke/Program-Synthesis-for-Efficient-ML/results/hyperparameter_sweep/fine_v3/raw/mxint8_mul_v1_t120_i15_r01.log
mxint8_mul_v1,mxint8_mul,full_product_v2,120,15,2,0,solved,solved,True,6,15,15,822.8389129154384,120.11647383123636,17890455,24987,939.9016582965851,1043,23,0,0,427.35,2.34,53.81999999999999,-1.0,0.8604999999999999,6.812543310546875,128.0,/home/josephluke/Program-Synthesis-for-Efficient-ML/results/hyperparameter_sweep/fine_v3/raw/mxint8_mul_v1_t120_i15_r02.json,/home/josephluke/Program-Synthesis-for-Efficient-ML/results/hyperparameter_sweep/fine_v3/raw/mxint8_mul_v1_t120_i15_r02.log
mxint8_mul_v1,mxint8_mul,full_product_v2,120,15,3,0,solved,solved,True,6,15,15,965.3727993052453,120.11565272510052,865964,24899,1082.0397973060608,1044,23,0,0,427.35,2.34,53.81999999999999,-1.0,0.8584999999999999,6.952697509765625,128.001953125,/home/josephluke/Program-Synthesis-for-Efficient-ML/results/hyperparameter_sweep/fine_v3/raw/mxint8_mul_v1_t120_i15_r03.json,/home/josephluke/Program-Synthesis-for-Efficient-ML/results/hyperparameter_sweep/fine_v3/raw/mxint8_mul_v1_t120_i15_r03.log
mxint8_mul_v1,mxint8_mul,full_product_v2,120,20,1,0,solved,solved,True,12,20,20,870.4606811441481,120.11853997223079,6134683,25075,987.5118339061737,1042,23,0,0,427.35,2.34,53.81999999999999,-1.0,0.8599,6.8631147265625,128.0,/home/josephluke/Program-Synthesis-for-Efficient-ML/results/hyperparameter_sweep/fine_v3/raw/mxint8_mul_v1_t120_i20_r01.json,/home/josephluke/Program-Synthesis-for-Efficient-ML/results/hyperparameter_sweep/fine_v3/raw/mxint8_mul_v1_t120_i20_r01.log
mxint8_mul_v1,mxint8_mul,full_product_v2,120,20,2,0,solved,solved,True,7,20,20,1299.7363426219672,120.11883054673672,17915519,25064,1416.9035620689392,1043,23,0,0,427.35,2.34,53.81999999999999,-1.0,0.8589,6.8891474267578126,128.0,/home/josephluke/Program-Synthesis-for-Efficient-ML/results/hyperparameter_sweep/fine_v3/raw/mxint8_mul_v1_t120_i20_r02.json,/home/josephluke/Program-Synthesis-for-Efficient-ML/results/hyperparameter_sweep/fine_v3/raw/mxint8_mul_v1_t120_i20_r02.log
mxint8_mul_v1,mxint8_mul,full_product_v2,120,20,3,0,solved,solved,True,8,20,20,1326.3705389332026,120.11845731548965,915872,24954,1442.3785045146942,1044,23,0,0,427.35,2.34,53.81999999999999,-1.0,0.8602,6.8371957421875,128.0,/home/josephluke/Program-Synthesis-for-Efficient-ML/results/hyperparameter_sweep/fine_v3/raw/mxint8_mul_v1_t120_i20_r03.json,/home/josephluke/Program-Synthesis-for-Efficient-ML/results/hyperparameter_sweep/fine_v3/raw/mxint8_mul_v1_t120_i20_r03.log
mxint8_mul_v1,mxint8_mul,full_product_v2,120,30,1,0,solved,solved,True,17,30,30,1473.2128569446504,120.11824587360024,6260058,25075,1589.036779642105,1042,23,0,0,427.35,2.34,53.81999999999999,-1.0,0.8598,6.8353992919921875,128.0,/home/josephluke/Program-Synthesis-for-Efficient-ML/results/hyperparameter_sweep/fine_v3/raw/mxint8_mul_v1_t120_i30_r01.json,/home/josephluke/Program-Synthesis-for-Efficient-ML/results/hyperparameter_sweep/fine_v3/raw/mxint8_mul_v1_t120_i30_r01.log
mxint8_mul_v1,mxint8_mul,full_product_v2,120,30,2,0,solved,solved,True,10,30,30,2143.2234821412712,120.1211108546704,17991063,25218,2260.3184430599213,1043,23,0,0,427.35,2.34,53.81999999999999,-1.0,0.8609,6.700193666992187,128.0,/home/josephluke/Program-Synthesis-for-Efficient-ML/results/hyperparameter_sweep/fine_v3/raw/mxint8_mul_v1_t120_i30_r02.json,/home/josephluke/Program-Synthesis-for-Efficient-ML/results/hyperparameter_sweep/fine_v3/raw/mxint8_mul_v1_t120_i30_r02.log
mxint8_mul_v1,mxint8_mul,full_product_v2,120,30,3,0,solved,solved,True,12,30,30,2048.5009671226144,120.119403751567,1015886,25152,2164.785903453827,1044,23,0,0,427.35,2.34,53.81999999999999,-1.0,0.8609,6.754150659179688,128.0,/home/josephluke/Program-Synthesis-for-Efficient-ML/results/hyperparameter_sweep/fine_v3/raw/mxint8_mul_v1_t120_i30_r03.json,/home/josephluke/Program-Synthesis-for-Efficient-ML/results/hyperparameter_sweep/fine_v3/raw/mxint8_mul_v1_t120_i30_r03.log
mxint8_mul_v1,mxint8_mul,full_product_v2,180,10,1,0,solved,solved,True,6,10,10,569.055438907817,180.11437546089292,5984856,24730,685.4829201698303,1042,23,0,0,427.35,2.34,53.81999999999999,-1.0,0.8579000000000001,6.852315952148437,128.0,/home/josephluke/Program-Synthesis-for-Efficient-ML/results/hyperparameter_sweep/fine_v3/raw/mxint8_mul_v1_t180_i10_r01.json,/home/josephluke/Program-Synthesis-for-Efficient-ML/results/hyperparameter_sweep/fine_v3/raw/mxint8_mul_v1_t180_i10_r01.log
mxint8_mul_v1,mxint8_mul,full_product_v2,180,10,2,0,solved,solved,True,4,10,10,633.4186268933117,180.11727282963693,17840481,24987,750.6581017971039,1043,23,0,0,427.35,2.34,53.81999999999999,-1.0,0.8587,6.77433236328125,128.001953125,/home/josephluke/Program-Synthesis-for-Efficient-ML/results/hyperparameter_sweep/fine_v3/raw/mxint8_mul_v1_t180_i10_r02.json,/home/josephluke/Program-Synthesis-for-Efficient-ML/results/hyperparameter_sweep/fine_v3/raw/mxint8_mul_v1_t180_i10_r02.log
mxint8_mul_v1,mxint8_mul,full_product_v2,180,10,3,0,solved,solved,True,4,10,10,904.6358890514821,180.11503377184272,816166,24899,1022.1665451526642,1044,23,0,0,427.35,2.34,53.81999999999999,-1.0,0.8593999999999999,6.7675002490234375,128.0,/home/josephluke/Program-Synthesis-for-Efficient-ML/results/hyperparameter_sweep/fine_v3/raw/mxint8_mul_v1_t180_i10_r03.json,/home/josephluke/Program-Synthesis-for-Efficient-ML/results/hyperparameter_sweep/fine_v3/raw/mxint8_mul_v1_t180_i10_r03.log
mxint8_mul_v1,mxint8_mul,full_product_v2,180,15,1,0,solved,solved,True,9,15,15,929.4020197410136,180.11677257344127,6059492,24953,1045.8362083435059,1042,23,0,0,427.35,2.34,53.81999999999999,-1.0,0.8582,6.920873315429687,128.0,/home/josephluke/Program-Synthesis-for-Efficient-ML/results/hyperparameter_sweep/fine_v3/raw/mxint8_mul_v1_t180_i15_r01.json,/home/josephluke/Program-Synthesis-for-Efficient-ML/results/hyperparameter_sweep/fine_v3/raw/mxint8_mul_v1_t180_i15_r01.log
mxint8_mul_v1,mxint8_mul,full_product_v2,180,15,2,0,solved,solved,True,6,15,15,1178.5376461725682,180.11656071059406,17890455,24987,1295.0619058609009,1043,23,0,0,427.35,2.34,53.81999999999999,-1.0,0.8593999999999999,6.820776938476563,128.0,/home/josephluke/Program-Synthesis-for-Efficient-ML/results/hyperparameter_sweep/fine_v3/raw/mxint8_mul_v1_t180_i15_r02.json,/home/josephluke/Program-Synthesis-for-Efficient-ML/results/hyperparameter_sweep/fine_v3/raw/mxint8_mul_v1_t180_i15_r02.log
mxint8_mul_v1,mxint8_mul,full_product_v2,180,15,3,0,solved,solved,True,6,15,15,1445.3950150180608,180.11470354534686,865964,24899,1561.6856098175049,1044,23,0,0,427.35,2.34,53.81999999999999,-1.0,0.8587,6.804763369140625,128.0,/home/josephluke/Program-Synthesis-for-Efficient-ML/results/hyperparameter_sweep/fine_v3/raw/mxint8_mul_v1_t180_i15_r03.json,/home/josephluke/Program-Synthesis-for-Efficient-ML/results/hyperparameter_sweep/fine_v3/raw/mxint8_mul_v1_t180_i15_r03.log
mxint8_mul_v1,mxint8_mul,full_product_v2,180,20,1,0,solved,solved,True,12,20,20,1291.2773196715862,180.11619055829942,6134683,25075,1408.597112417221,1042,23,0,0,427.35,2.34,53.81999999999999,-1.0,0.8591,6.86544337890625,128.0,/home/josephluke/Program-Synthesis-for-Efficient-ML/results/hyperparameter_sweep/fine_v3/raw/mxint8_mul_v1_t180_i20_r01.json,/home/josephluke/Program-Synthesis-for-Efficient-ML/results/hyperparameter_sweep/fine_v3/raw/mxint8_mul_v1_t180_i20_r01.log
mxint8_mul_v1,mxint8_mul,full_product_v2,180,20,2,0,solved,solved,True,7,20,20,1895.1729837302119,180.1161820087582,17915519,25064,2011.4908452033997,1043,23,0,0,427.35,2.34,53.81999999999999,-1.0,0.8595,6.860212431640625,128.0,/home/josephluke/Program-Synthesis-for-Efficient-ML/results/hyperparameter_sweep/fine_v3/raw/mxint8_mul_v1_t180_i20_r02.json,/home/josephluke/Program-Synthesis-for-Efficient-ML/results/hyperparameter_sweep/fine_v3/raw/mxint8_mul_v1_t180_i20_r02.log
mxint8_mul_v1,mxint8_mul,full_product_v2,180,20,3,0,solved,solved,True,8,20,20,1985.9883805848658,180.11437855102122,915872,24954,2102.1144449710846,1044,23,0,0,427.35,2.34,53.81999999999999,-1.0,0.8587,6.826752470703125,128.0,/home/josephluke/Program-Synthesis-for-Efficient-ML/results/hyperparameter_sweep/fine_v3/raw/mxint8_mul_v1_t180_i20_r03.json,/home/josephluke/Program-Synthesis-for-Efficient-ML/results/hyperparameter_sweep/fine_v3/raw/mxint8_mul_v1_t180_i20_r03.log
mxint8_mul_v1,mxint8_mul,full_product_v2,180,30,1,0,solved,solved,True,17,30,30,2193.253680543974,180.11779409646988,6260058,25075,2307.8202633857727,1042,23,0,0,427.35,2.34,53.81999999999999,-1.0,0.857,6.937766108398438,128.0,/home/josephluke/Program-Synthesis-for-Efficient-ML/results/hyperparameter_sweep/fine_v3/raw/mxint8_mul_v1_t180_i30_r01.json,/home/josephluke/Program-Synthesis-for-Efficient-ML/results/hyperparameter_sweep/fine_v3/raw/mxint8_mul_v1_t180_i30_r01.log
mxint8_mul_v1,mxint8_mul,full_product_v2,180,30,2,0,solved,solved,True,10,30,30,3159.4643080085516,180.12006524764,17991063,25218,3275.433439016342,1043,23,0,0,427.35,2.34,53.81999999999999,-1.0,0.8589,6.762654306640625,128.0,/home/josephluke/Program-Synthesis-for-Efficient-ML/results/hyperparameter_sweep/fine_v3/raw/mxint8_mul_v1_t180_i30_r02.json,/home/josephluke/Program-Synthesis-for-Efficient-ML/results/hyperparameter_sweep/fine_v3/raw/mxint8_mul_v1_t180_i30_r02.log
mxint8_mul_v1,mxint8_mul,full_product_v2,180,30,3,0,solved,solved,True,12,30,30,3068.520992325619,180.11971374601126,1015886,25152,3184.6260154247284,1044,23,0,0,427.35,2.34,53.81999999999999,-1.0,0.8587,6.775011850585938,128.001953125,/home/josephluke/Program-Synthesis-for-Efficient-ML/results/hyperparameter_sweep/fine_v3/raw/mxint8_mul_v1_t180_i30_r03.json,/home/josephluke/Program-Synthesis-for-Efficient-ML/results/hyperparameter_sweep/fine_v3/raw/mxint8_mul_v1_t180_i30_r03.log
mxint8_mul_v1,mxint8_mul,full_product_v2,300,10,1,0,solved,solved,True,6,10,10,927.8871414251626,300.10855022259057,5984856,24730,1044.6030728816986,1042,23,0,0,427.35,2.34,53.81999999999999,-1.0,0.8593999999999999,6.748467631835937,128.0,/home/josephluke/Program-Synthesis-for-Efficient-ML/results/hyperparameter_sweep/fine_v3/raw/mxint8_mul_v1_t300_i10_r01.json,/home/josephluke/Program-Synthesis-for-Efficient-ML/results/hyperparameter_sweep/fine_v3/raw/mxint8_mul_v1_t300_i10_r01.log
mxint8_mul_v1,mxint8_mul,full_product_v2,300,10,2,0,solved,solved,True,4,10,10,996.6423157546669,300.12120916321874,17840481,24987,1111.3614563941956,1043,23,0,0,427.35,2.34,53.81999999999999,-1.0,0.8588,6.8498061328125,128.0,/home/josephluke/Program-Synthesis-for-Efficient-ML/results/hyperparameter_sweep/fine_v3/raw/mxint8_mul_v1_t300_i10_r02.json,/home/josephluke/Program-Synthesis-for-Efficient-ML/results/hyperparameter_sweep/fine_v3/raw/mxint8_mul_v1_t300_i10_r02.log
mxint8_mul_v1,mxint8_mul,full_product_v2,300,10,3,0,solved,solved,True,4,10,10,1504.5872045382857,300.11540604941547,816166,24899,1619.685111284256,1044,23,0,0,427.35,2.34,53.81999999999999,-1.0,0.8591,6.783670639648437,128.0,/home/josephluke/Program-Synthesis-for-Efficient-ML/results/hyperparameter_sweep/fine_v3/raw/mxint8_mul_v1_t300_i10_r03.json,/home/josephluke/Program-Synthesis-for-Efficient-ML/results/hyperparameter_sweep/fine_v3/raw/mxint8_mul_v1_t300_i10_r03.log
mxint8_mul_v1,mxint8_mul,full_product_v2,300,15,1,0,solved,solved,True,9,15,15,1528.8761682827026,300.1264564637095,6059492,24953,1642.0450115203857,1042,23,0,0,427.35,2.34,53.81999999999999,-1.0,0.8593000000000001,6.776681181640625,128.0,/home/josephluke/Program-Synthesis-for-Efficient-ML/results/hyperparameter_sweep/fine_v3/raw/mxint8_mul_v1_t300_i15_r01.json,/home/josephluke/Program-Synthesis-for-Efficient-ML/results/hyperparameter_sweep/fine_v3/raw/mxint8_mul_v1_t300_i15_r01.log
mxint8_mul_v1,mxint8_mul,full_product_v2,300,15,2,0,solved,solved,True,6,15,15,1898.0800196956843,300.12149502523243,17890455,24987,2015.123557806015,1043,23,0,0,427.35,2.34,53.81999999999999,-1.0,0.8599,6.811818266601563,128.0,/home/josephluke/Program-Synthesis-for-Efficient-ML/results/hyperparameter_sweep/fine_v3/raw/mxint8_mul_v1_t300_i15_r02.json,/home/josephluke/Program-Synthesis-for-Efficient-ML/results/hyperparameter_sweep/fine_v3/raw/mxint8_mul_v1_t300_i15_r02.log
mxint8_mul_v1,mxint8_mul,full_product_v2,300,15,3,0,solved,solved,True,6,15,15,2405.5253626871854,300.11590069532394,865964,24899,2521.6428163051605,1044,23,0,0,427.35,2.34,53.81999999999999,-1.0,0.8613,6.766129731445313,128.0,/home/josephluke/Program-Synthesis-for-Efficient-ML/results/hyperparameter_sweep/fine_v3/raw/mxint8_mul_v1_t300_i15_r03.json,/home/josephluke/Program-Synthesis-for-Efficient-ML/results/hyperparameter_sweep/fine_v3/raw/mxint8_mul_v1_t300_i15_r03.log
mxint8_mul_v1,mxint8_mul,full_product_v2,300,20,1,0,solved,solved,True,12,20,20,2130.91773635149,300.1246449165046,6134683,25075,2247.4916722774506,1042,23,0,0,427.35,2.34,53.81999999999999,-1.0,0.8608,6.700819345703125,128.0,/home/josephluke/Program-Synthesis-for-Efficient-ML/results/hyperparameter_sweep/fine_v3/raw/mxint8_mul_v1_t300_i20_r01.json,/home/josephluke/Program-Synthesis-for-Efficient-ML/results/hyperparameter_sweep/fine_v3/raw/mxint8_mul_v1_t300_i20_r01.log
mxint8_mul_v1,mxint8_mul,full_product_v2,300,20,2,0,solved,solved,True,7,20,20,3099.6427855044603,300.123438956216,17915519,25064,3216.6427047252655,1043,23,0,0,427.35,2.34,53.81999999999999,-1.0,0.8590000000000001,6.80712,128.0,/home/josephluke/Program-Synthesis-for-Efficient-ML/results/hyperparameter_sweep/fine_v3/raw/mxint8_mul_v1_t300_i20_r02.json,/home/josephluke/Program-Synthesis-for-Efficient-ML/results/hyperparameter_sweep/fine_v3/raw/mxint8_mul_v1_t300_i20_r02.log
mxint8_mul_v1,mxint8_mul,full_product_v2,300,20,3,0,solved,solved,True,8,20,20,3306.314160529524,300.12381606176496,915872,24954,3422.876349210739,1044,23,0,0,427.35,2.34,53.81999999999999,-1.0,0.8601000000000001,6.759409360351563,128.0,/home/josephluke/Program-Synthesis-for-Efficient-ML/results/hyperparameter_sweep/fine_v3/raw/mxint8_mul_v1_t300_i20_r03.json,/home/josephluke/Program-Synthesis-for-Efficient-ML/results/hyperparameter_sweep/fine_v3/raw/mxint8_mul_v1_t300_i20_r03.log
mxint8_mul_v1,mxint8_mul,full_product_v2,300,30,1,0,solved,solved,True,17,30,30,3633.422891482711,300.1260032001883,6260058,25075,3749.722661972046,1042,23,0,0,427.35,2.34,53.81999999999999,-1.0,0.8597,6.725551010742188,128.0,/home/josephluke/Program-Synthesis-for-Efficient-ML/results/hyperparameter_sweep/fine_v3/raw/mxint8_mul_v1_t300_i30_r01.json,/home/josephluke/Program-Synthesis-for-Efficient-ML/results/hyperparameter_sweep/fine_v3/raw/mxint8_mul_v1_t300_i30_r01.log
mxint8_mul_v1,mxint8_mul,full_product_v2,300,30,2,0,solved,solved,True,10,30,30,5200.374086223543,300.12350441887975,17991063,25218,5317.334943771362,1043,23,0,0,427.35,2.34,53.81999999999999,-1.0,0.8603000000000001,6.831604370117187,128.0,/home/josephluke/Program-Synthesis-for-Efficient-ML/results/hyperparameter_sweep/fine_v3/raw/mxint8_mul_v1_t300_i30_r02.json,/home/josephluke/Program-Synthesis-for-Efficient-ML/results/hyperparameter_sweep/fine_v3/raw/mxint8_mul_v1_t300_i30_r02.log
mxint8_mul_v1,mxint8_mul,full_product_v2,300,30,3,0,solved,solved,True,12,30,30,5108.519736526534,300.1233872976154,1015886,25152,5224.432238817215,1044,23,0,0,427.35,2.34,53.81999999999999,-1.0,0.8581,6.830730903320313,128.0,/home/josephluke/Program-Synthesis-for-Efficient-ML/results/hyperparameter_sweep/fine_v3/raw/mxint8_mul_v1_t300_i30_r03.json,/home/josephluke/Program-Synthesis-for-Efficient-ML/results/hyperparameter_sweep/fine_v3/raw/mxint8_mul_v1_t300_i30_r03.log
fp32_add_v1,fp32_add,full_sum_v2,30,10,1,0,solved,solved,True,4,10,10,192.73153749853373,30.04183535836637,1757035,864512,287.8697421550751,2042,80,0,0,33.542,29.8134,2385.072,-1.0,0.0159,-1.0,-1.0,/home/josephluke/Program-Synthesis-for-Efficient-ML/results/hyperparameter_sweep/fine_v3/raw/fp32_add_v1_t30_i10_r01.json,/home/josephluke/Program-Synthesis-for-Efficient-ML/results/hyperparameter_sweep/fine_v3/raw/fp32_add_v1_t30_i10_r01.log
fp32_add_v1,fp32_add,full_sum_v2,30,10,2,0,solved,solved,True,4,10,10,193.00650327466428,30.042069299146533,1757035,864512,287.8274006843567,2043,80,0,0,33.542,29.8134,2385.072,-1.0,0.0159,-1.0,-1.0,/home/josephluke/Program-Synthesis-for-Efficient-ML/results/hyperparameter_sweep/fine_v3/raw/fp32_add_v1_t30_i10_r02.json,/home/josephluke/Program-Synthesis-for-Efficient-ML/results/hyperparameter_sweep/fine_v3/raw/fp32_add_v1_t30_i10_r02.log
fp32_add_v1,fp32_add,full_sum_v2,30,10,3,0,solved,solved,True,4,10,10,192.46606011502445,30.04186056740582,1757035,864512,287.33175921440125,2044,80,0,0,33.542,29.8134,2385.072,-1.0,0.0159,-1.0,-1.0,/home/josephluke/Program-Synthesis-for-Efficient-ML/results/hyperparameter_sweep/fine_v3/raw/fp32_add_v1_t30_i10_r03.json,/home/josephluke/Program-Synthesis-for-Efficient-ML/results/hyperparameter_sweep/fine_v3/raw/fp32_add_v1_t30_i10_r03.log
fp32_add_v1,fp32_add,full_sum_v2,30,15,1,0,solved,solved,True,4,15,15,342.9419940840453,30.0427268743515,1757035,864512,437.9156951904297,2042,80,0,0,33.542,29.8134,2385.072,-1.0,0.0159,-1.0,-1.0,/home/josephluke/Program-Synthesis-for-Efficient-ML/results/hyperparameter_sweep/fine_v3/raw/fp32_add_v1_t30_i15_r01.json,/home/josephluke/Program-Synthesis-for-Efficient-ML/results/hyperparameter_sweep/fine_v3/raw/fp32_add_v1_t30_i15_r01.log
fp32_add_v1,fp32_add,full_sum_v2,30,15,2,0,solved,solved,True,4,15,15,342.8423039726913,30.046906352043152,1757035,864512,437.8154001235962,2043,80,0,0,33.542,29.8134,2385.072,-1.0,0.0159,-1.0,-1.0,/home/josephluke/Program-Synthesis-for-Efficient-ML/results/hyperparameter_sweep/fine_v3/raw/fp32_add_v1_t30_i15_r02.json,/home/josephluke/Program-Synthesis-for-Efficient-ML/results/hyperparameter_sweep/fine_v3/raw/fp32_add_v1_t30_i15_r02.log
fp32_add_v1,fp32_add,full_sum_v2,30,15,3,0,solved,solved,True,5,15,15,336.38508205860853,30.043037297204137,2621149,864114,436.4346821308136,2044,288,0,0,139.063,7.191,2071.008,-1.0,0.105,-1.0,-1.0,/home/josephluke/Program-Synthesis-for-Efficient-ML/results/hyperparameter_sweep/fine_v3/raw/fp32_add_v1_t30_i15_r03.json,/home/josephluke/Program-Synthesis-for-Efficient-ML/results/hyperparameter_sweep/fine_v3/raw/fp32_add_v1_t30_i15_r03.log
fp32_add_v1,fp32_add,full_sum_v2,30,20,1,0,solved,solved,True,4,20,20,493.3826912268996,30.04637542553246,1757035,864512,588.4075889587402,2042,80,0,0,33.542,29.8134,2385.072,-1.0,0.0159,-1.0,-1.0,/home/josephluke/Program-Synthesis-for-Efficient-ML/results/hyperparameter_sweep/fine_v3/raw/fp32_add_v1_t30_i20_r01.json,/home/josephluke/Program-Synthesis-for-Efficient-ML/results/hyperparameter_sweep/fine_v3/raw/fp32_add_v1_t30_i20_r01.log
fp32_add_v1,fp32_add,full_sum_v2,30,20,2,0,solved,solved,True,4,20,20,493.33369066379964,30.04609487950802,1757035,864512,588.1451020240784,2043,80,0,0,33.542,29.8134,2385.072,-1.0,0.0159,-1.0,-1.0,/home/josephluke/Program-Synthesis-for-Efficient-ML/results/hyperparameter_sweep/fine_v3/raw/fp32_add_v1_t30_i20_r02.json,/home/josephluke/Program-Synthesis-for-Efficient-ML/results/hyperparameter_sweep/fine_v3/raw/fp32_add_v1_t30_i20_r02.log
fp32_add_v1,fp32_add,full_sum_v2,30,20,3,0,solved,solved,True,6,20,20,480.2586543429643,30.045526530593634,3485263,864114,580.4984421730042,2044,288,0,0,139.063,7.191,2071.008,-1.0,0.105,-1.0,-1.0,/home/josephluke/Program-Synthesis-for-Efficient-ML/results/hyperparameter_sweep/fine_v3/raw/fp32_add_v1_t30_i20_r03.json,/home/josephluke/Program-Synthesis-for-Efficient-ML/results/hyperparameter_sweep/fine_v3/raw/fp32_add_v1_t30_i20_r03.log
fp32_add_v1,fp32_add,full_sum_v2,30,30,1,0,solved,solved,True,4,30,30,793.7200153619051,30.04662592150271,1757035,864512,888.4914915561676,2042,80,0,0,33.542,29.8134,2385.072,-1.0,0.0159,-1.0,-1.0,/home/josephluke/Program-Synthesis-for-Efficient-ML/results/hyperparameter_sweep/fine_v3/raw/fp32_add_v1_t30_i30_r01.json,/home/josephluke/Program-Synthesis-for-Efficient-ML/results/hyperparameter_sweep/fine_v3/raw/fp32_add_v1_t30_i30_r01.log
fp32_add_v1,fp32_add,full_sum_v2,30,30,2,0,solved,solved,True,4,30,30,795.0132835339755,30.046065598726273,1757035,864512,889.8119654655457,2043,80,0,0,33.542,29.8134,2385.072,-1.0,0.0159,-1.0,-1.0,/home/josephluke/Program-Synthesis-for-Efficient-ML/results/hyperparameter_sweep/fine_v3/raw/fp32_add_v1_t30_i30_r02.json,/home/josephluke/Program-Synthesis-for-Efficient-ML/results/hyperparameter_sweep/fine_v3/raw/fp32_add_v1_t30_i30_r02.log
fp32_add_v1,fp32_add,full_sum_v2,30,30,3,0,solved,solved,True,6,30,30,781.4893052875996,30.04672765918076,3485263,864114,881.6237571239471,2044,288,0,0,139.063,7.191,2071.008,-1.0,0.105,-1.0,-1.0,/home/josephluke/Program-Synthesis-for-Efficient-ML/results/hyperparameter_sweep/fine_v3/raw/fp32_add_v1_t30_i30_r03.json,/home/josephluke/Program-Synthesis-for-Efficient-ML/results/hyperparameter_sweep/fine_v3/raw/fp32_add_v1_t30_i30_r03.log
fp32_add_v1,fp32_add,full_sum_v2,60,10,1,0,solved,solved,True,4,10,10,342.99821200221777,60.0809986256063,1757035,864512,438.0998725891113,2042,80,0,0,33.542,29.8134,2385.072,-1.0,0.0159,-1.0,-1.0,/home/josephluke/Program-Synthesis-for-Efficient-ML/results/hyperparameter_sweep/fine_v3/raw/fp32_add_v1_t60_i10_r01.json,/home/josephluke/Program-Synthesis-for-Efficient-ML/results/hyperparameter_sweep/fine_v3/raw/fp32_add_v1_t60_i10_r01.log
fp32_add_v1,fp32_add,full_sum_v2,60,10,2,0,solved,solved,True,4,10,10,342.7429309617728,60.08041774109006,1757035,864512,437.6653985977173,2043,80,0,0,33.542,29.8134,2385.072,-1.0,0.0159,-1.0,-1.0,/home/josephluke/Program-Synthesis-for-Efficient-ML/results/hyperparameter_sweep/fine_v3/raw/fp32_add_v1_t60_i10_r02.json,/home/josephluke/Program-Synthesis-for-Efficient-ML/results/hyperparameter_sweep/fine_v3/raw/fp32_add_v1_t60_i10_r02.log
fp32_add_v1,fp32_add,full_sum_v2,60,10,3,0,solved,solved,True,4,10,10,343.002946510911,60.080282676965,1757035,864512,437.7929995059967,2044,80,0,0,33.542,29.8134,2385.072,-1.0,0.0159,-1.0,-1.0,/home/josephluke/Program-Synthesis-for-Efficient-ML/results/hyperparameter_sweep/fine_v3/raw/fp32_add_v1_t60_i10_r03.json,/home/josephluke/Program-Synthesis-for-Efficient-ML/results/hyperparameter_sweep/fine_v3/raw/fp32_add_v1_t60_i10_r03.log
fp32_add_v1,fp32_add,full_sum_v2,60,15,1,0,solved,solved,True,5,15,15,627.3465046025813,60.081021239981055,3187643,1430608,722.406004190445,2042,80,0,0,33.542,29.8134,2385.072,-1.0,0.0159,-1.0,-1.0,/home/josephluke/Program-Synthesis-for-Efficient-ML/results/hyperparameter_sweep/fine_v3/raw/fp32_add_v1_t60_i15_r01.json,/home/josephluke/Program-Synthesis-for-Efficient-ML/results/hyperparameter_sweep/fine_v3/raw/fp32_add_v1_t60_i15_r01.log
fp32_add_v1,fp32_add,full_sum_v2,60,15,2,0,solved,solved,True,5,15,15,627.2424595803022,60.089370869100094,3187643,1430608,722.0449559688568,2043,80,0,0,33.542,29.8134,2385.072,-1.0,0.0159,-1.0,-1.0,/home/josephluke/Program-Synthesis-for-Efficient-ML/results/hyperparameter_sweep/fine_v3/raw/fp32_add_v1_t60_i15_r02.json,/home/josephluke/Program-Synthesis-for-Efficient-ML/results/hyperparameter_sweep/fine_v3/raw/fp32_add_v1_t60_i15_r02.log
fp32_add_v1,fp32_add,full_sum_v2,60,15,3,0,solved,solved,True,5,15,15,626.5477970037609,60.08095766790211,3187643,1430608,721.5603342056274,2044,80,0,0,33.542,29.8134,2385.072,-1.0,0.0159,-1.0,-1.0,/home/josephluke/Program-Synthesis-for-Efficient-ML/results/hyperparameter_sweep/fine_v3/raw/fp32_add_v1_t60_i15_r03.json,/home/josephluke/Program-Synthesis-for-Efficient-ML/results/hyperparameter_sweep/fine_v3/raw/fp32_add_v1_t60_i15_r03.log
fp32_add_v1,fp32_add,full_sum_v2,60,20,1,0,solved,solved,True,5,20,20,926.7275532837957,60.091792250052094,3187643,1430608,1021.5311381816864,2042,80,0,0,33.542,29.8134,2385.072,-1.0,0.0159,-1.0,-1.0,/home/josephluke/Program-Synthesis-for-Efficient-ML/results/hyperparameter_sweep/fine_v3/raw/fp32_add_v1_t60_i20_r01.json,/home/josephluke/Program-Synthesis-for-Efficient-ML/results/hyperparameter_sweep/fine_v3/raw/fp32_add_v1_t60_i20_r01.log
fp32_add_v1,fp32_add,full_sum_v2,60,20,2,0,solved,solved,True,5,20,20,926.7127492185682,60.09245836362243,3187643,1430608,1021.5839176177979,2043,80,0,0,33.542,29.8134,2385.072,-1.0,0.0159,-1.0,-1.0,/home/josephluke/Program-Synthesis-for-Efficient-ML/results/hyperparameter_sweep/fine_v3/raw/fp32_add_v1_t60_i20_r02.json,/home/josephluke/Program-Synthesis-for-Efficient-ML/results/hyperparameter_sweep/fine_v3/raw/fp32_add_v1_t60_i20_r02.log
fp32_add_v1,fp32_add,full_sum_v2,60,20,3,0,solved,solved,True,5,20,20,927.4796866569668,60.08587202988565,3187643,1430608,1021.2280349731445,2044,80,0,0,33.542,29.8134,2385.072,-1.0,0.0159,-1.0,-1.0,/home/josephluke/Program-Synthesis-for-Efficient-ML/results/hyperparameter_sweep/fine_v3/raw/fp32_add_v1_t60_i20_r03.json,/home/josephluke/Program-Synthesis-for-Efficient-ML/results/hyperparameter_sweep/fine_v3/raw/fp32_add_v1_t60_i20_r03.log
fp32_add_v1,fp32_add,full_sum_v2,60,30,1,0,solved,solved,True,5,30,30,1527.3071859441698,60.09329058416188,3187643,1430608,1621.9763753414154,2042,80,0,0,33.542,29.8134,2385.072,-1.0,0.0159,-1.0,-1.0,/home/josephluke/Program-Synthesis-for-Efficient-ML/results/hyperparameter_sweep/fine_v3/raw/fp32_add_v1_t60_i30_r01.json,/home/josephluke/Program-Synthesis-for-Efficient-ML/results/hyperparameter_sweep/fine_v3/raw/fp32_add_v1_t60_i30_r01.log
fp32_add_v1,fp32_add,full_sum_v2,60,30,2,0,solved,solved,True,5,30,30,1527.752038743347,60.092144787311554,3187643,1430608,1622.2403435707092,2043,80,0,0,33.542,29.8134,2385.072,-1.0,0.0159,-1.0,-1.0,/home/josephluke/Program-Synthesis-for-Efficient-ML/results/hyperparameter_sweep/fine_v3/raw/fp32_add_v1_t60_i30_r02.json,/home/josephluke/Program-Synthesis-for-Efficient-ML/results/hyperparameter_sweep/fine_v3/raw/fp32_add_v1_t60_i30_r02.log
fp32_add_v1,fp32_add,full_sum_v2,60,30,3,0,solved,solved,True,5,30,30,1522.8492243830115,60.090846279636025,3187643,1430608,1615.9649240970612,2044,80,0,0,33.542,29.8134,2385.072,-1.0,0.0159,-1.0,-1.0,/home/josephluke/Program-Synthesis-for-Efficient-ML/results/hyperparameter_sweep/fine_v3/raw/fp32_add_v1_t60_i30_r03.json,/home/josephluke/Program-Synthesis-for-Efficient-ML/results/hyperparameter_sweep/fine_v3/raw/fp32_add_v1_t60_i30_r03.log
fp32_add_v1,fp32_add,full_sum_v2,120,10,1,0,solved,solved,True,4,10,10,643.080384356901,120.13508543558419,1757035,864512,737.90629529953,2042,80,0,0,33.542,29.8134,2385.072,-1.0,0.0159,-1.0,-1.0,/home/josephluke/Program-Synthesis-for-Efficient-ML/results/hyperparameter_sweep/fine_v3/raw/fp32_add_v1_t120_i10_r01.json,/home/josephluke/Program-Synthesis-for-Efficient-ML/results/hyperparameter_sweep/fine_v3/raw/fp32_add_v1_t120_i10_r01.log
fp32_add_v1,fp32_add,full_sum_v2,120,10,2,0,solved,solved,True,4,10,10,643.2308058403432,120.13492207415402,1757035,864512,736.8328499794006,2043,80,0,0,33.542,29.8134,2385.072,-1.0,0.0159,-1.0,-1.0,/home/josephluke/Program-Synthesis-for-Efficient-ML/results/hyperparameter_sweep/fine_v3/raw/fp32_add_v1_t120_i10_r02.json,/home/josephluke/Program-Synthesis-for-Efficient-ML/results/hyperparameter_sweep/fine_v3/raw/fp32_add_v1_t120_i10_r02.log
fp32_add_v1,fp32_add,full_sum_v2,120,10,3,0,solved,solved,True,4,10,10,643.0299583245069,120.13545065559447,1757035,864512,737.9247748851776,2044,80,0,0,33.542,29.8134,2385.072,-1.0,0.0159,-1.0,-1.0,/home/josephluke/Program-Synthesis-for-Efficient-ML/results/hyperparameter_sweep/fine_v3/raw/fp32_add_v1_t120_i10_r03.json,/home/josephluke/Program-Synthesis-for-Efficient-ML/results/hyperparameter_sweep/fine_v3/raw/fp32_add_v1_t120_i10_r03.log
fp32_add_v1,fp32_add,full_sum_v2,120,15,1,0,solved,solved,True,6,15,15,1211.6135786660016,120.1381918117404,8235626,3239094,1309.3391997814178,2042,116,0,0,133.316,7.501,870.116,-1.0,0.10220000000000001,-1.0,-1.0,/home/josephluke/Program-Synthesis-for-Efficient-ML/results/hyperparameter_sweep/fine_v3/raw/fp32_add_v1_t120_i15_r01.json,/home/josephluke/Program-Synthesis-for-Efficient-ML/results/hyperparameter_sweep/fine_v3/raw/fp32_add_v1_t120_i15_r01.log
fp32_add_v1,fp32_add,full_sum_v2,120,15,2,0,solved,solved,True,5,15,15,1226.381737459451,120.1449424251914,4996532,3239497,1323.6914796829224,2043,116,0,0,133.316,7.501,870.116,-1.0,0.0538,-1.0,-1.0,/home/josephluke/Program-Synthesis-for-Efficient-ML/results/hyperparameter_sweep/fine_v3/raw/fp32_add_v1_t120_i15_r02.json,/home/josephluke/Program-Synthesis-for-Efficient-ML/results/hyperparameter_sweep/fine_v3/raw/fp32_add_v1_t120_i15_r02.log
fp32_add_v1,fp32_add,full_sum_v2,120,15,3,0,solved,solved,True,6,15,15,1213.6487677264959,120.13716715015471,8235692,3239160,1313.439224243164,2044,331,0,0,133.316,7.501,2482.831,-1.0,0.1501,-1.0,-1.0,/home/josephluke/Program-Synthesis-for-Efficient-ML/results/hyperparameter_sweep/fine_v3/raw/fp32_add_v1_t120_i15_r03.json,/home/josephluke/Program-Synthesis-for-Efficient-ML/results/hyperparameter_sweep/fine_v3/raw/fp32_add_v1_t120_i15_r03.log
fp32_add_v1,fp32_add,full_sum_v2,120,20,1,0,solved,solved,True,6,20,20,1813.055945660919,120.15081769227982,8235626,3239094,1910.5236082077026,2042,116,0,0,133.316,7.501,870.116,-1.0,0.10220000000000001,-1.0,-1.0,/home/josephluke/Program-Synthesis-for-Efficient-ML/results/hyperparameter_sweep/fine_v3/raw/fp32_add_v1_t120_i20_r01.json,/home/josephluke/Program-Synthesis-for-Efficient-ML/results/hyperparameter_sweep/fine_v3/raw/fp32_add_v1_t120_i20_r01.log
fp32_add_v1,fp32_add,full_sum_v2,120,20,2,0,solved,solved,True,5,20,20,1826.095416057855,120.15230699256063,4996532,3239497,1923.5710532665253,2043,116,0,0,133.316,7.501,870.116,-1.0,0.0538,-1.0,-1.0,/home/josephluke/Program-Synthesis-for-Efficient-ML/results/hyperparameter_sweep/fine_v3/raw/fp32_add_v1_t120_i20_r02.json,/home/josephluke/Program-Synthesis-for-Efficient-ML/results/hyperparameter_sweep/fine_v3/raw/fp32_add_v1_t120_i20_r02.log
fp32_add_v1,fp32_add,full_sum_v2,120,20,3,0,solved,solved,True,7,20,20,1805.371428264305,120.15061208046973,11474852,3239160,1905.3558602333069,2044,331,0,0,133.316,7.501,2482.831,-1.0,0.1501,-1.0,-1.0,/home/josephluke/Program-Synthesis-for-Efficient-ML/results/hyperparameter_sweep/fine_v3/raw/fp32_add_v1_t120_i20_r03.json,/home/josephluke/Program-Synthesis-for-Efficient-ML/results/hyperparameter_sweep/fine_v3/raw/fp32_add_v1_t120_i20_r03.log
fp32_add_v1,fp32_add,full_sum_v2,120,30,1,0,solved,solved,True,7,30,30,3006.7076365426183,120.15222905948758,11474720,3239094,3104.2446191310883,2042,116,0,0,133.316,7.501,870.116,-1.0,0.10220000000000001,-1.0,-1.0,/home/josephluke/Program-Synthesis-for-Efficient-ML/results/hyperparameter_sweep/fine_v3/raw/fp32_add_v1_t120_i30_r01.json,/home/josephluke/Program-Synthesis-for-Efficient-ML/results/hyperparameter_sweep/fine_v3/raw/fp32_add_v1_t120_i30_r01.log
fp32_add_v1,fp32_add,full_sum_v2,120,30,2,0,solved,solved,True,5,30,30,3026.1905262041837,120.15228387713432,4996532,3239497,3123.720900774002,2043,116,0,0,133.316,7.501,870.116,-1.0,0.0538,-1.0,-1.0,/home/josephluke/Program-Synthesis-for-Efficient-ML/results/hyperparameter_sweep/fine_v3/raw/fp32_add_v1_t120_i30_r02.json,/home/josephluke/Program-Synthesis-for-Efficient-ML/results/hyperparameter_sweep/fine_v3/raw/fp32_add_v1_t120_i30_r02.log
fp32_add_v1,fp32_add,full_sum_v2,120,30,3,0,solved,solved,True,7,30,30,3005.142059182748,120.15256169252098,11474852,3239160,3104.932265996933,2044,331,0,0,133.316,7.501,2482.831,-1.0,0.1501,-1.0,-1.0,/home/josephluke/Program-Synthesis-for-Efficient-ML/results/hyperparameter_sweep/fine_v3/raw/fp32_add_v1_t120_i30_r03.json,/home/josephluke/Program-Synthesis-for-Efficient-ML/results/hyperparameter_sweep/fine_v3/raw/fp32_add_v1_t120_i30_r03.log
fp32_add_v1,fp32_add,full_sum_v2,180,10,1,0,solved,solved,True,4,10,10,943.158556567505,180.14900710247457,1757035,864512,1038.1033926010132,2042,80,0,0,33.542,29.8134,2385.072,-1.0,0.0159,-1.0,-1.0,/home/josephluke/Program-Synthesis-for-Efficient-ML/results/hyperparameter_sweep/fine_v3/raw/fp32_add_v1_t180_i10_r01.json,/home/josephluke/Program-Synthesis-for-Efficient-ML/results/hyperparameter_sweep/fine_v3/raw/fp32_add_v1_t180_i10_r01.log
fp32_add_v1,fp32_add,full_sum_v2,180,10,2,0,solved,solved,True,4,10,10,943.0987204071134,180.14886899478734,1757035,864512,1038.300312280655,2043,80,0,0,33.542,29.8134,2385.072,-1.0,0.0159,-1.0,-1.0,/home/josephluke/Program-Synthesis-for-Efficient-ML/results/hyperparameter_sweep/fine_v3/raw/fp32_add_v1_t180_i10_r02.json,/home/josephluke/Program-Synthesis-for-Efficient-ML/results/hyperparameter_sweep/fine_v3/raw/fp32_add_v1_t180_i10_r02.log
fp32_add_v1,fp32_add,full_sum_v2,180,10,3,0,solved,solved,True,4,10,10,943.1737814899534,180.1477066297084,1757035,864512,1038.027230501175,2044,80,0,0,33.542,29.8134,2385.072,-1.0,0.0159,-1.0,-1.0,/home/josephluke/Program-Synthesis-for-Efficient-ML/results/hyperparameter_sweep/fine_v3/raw/fp32_add_v1_t180_i10_r03.json,/home/josephluke/Program-Synthesis-for-Efficient-ML/results/hyperparameter_sweep/fine_v3/raw/fp32_add_v1_t180_i10_r03.log
fp32_add_v1,fp32_add,full_sum_v2,180,15,1,0,solved,solved,True,6,15,15,1694.4438170418143,180.1488551031798,8235626,3239094,1791.7725405693054,2042,116,0,0,133.316,7.501,870.116,-1.0,0.10220000000000001,-1.0,-1.0,/home/josephluke/Program-Synthesis-for-Efficient-ML/results/hyperparameter_sweep/fine_v3/raw/fp32_add_v1_t180_i15_r01.json,/home/josephluke/Program-Synthesis-for-Efficient-ML/results/hyperparameter_sweep/fine_v3/raw/fp32_add_v1_t180_i15_r01.log
fp32_add_v1,fp32_add,full_sum_v2,180,15,2,0,solved,solved,True,5,15,15,1766.9014521036297,180.16268592514098,4996532,3239497,1864.2129154205322,2043,116,0,0,133.316,7.501,870.116,-1.0,0.0538,-1.0,-1.0,/home/josephluke/Program-Synthesis-for-Efficient-ML/results/hyperparameter_sweep/fine_v3/raw/fp32_add_v1_t180_i15_r02.json,/home/josephluke/Program-Synthesis-for-Efficient-ML/results/hyperparameter_sweep/fine_v3/raw/fp32_add_v1_t180_i15_r02.log
fp32_add_v1,fp32_add,full_sum_v2,180,15,3,0,solved,solved,True,6,15,15,1692.4619687590748,180.14810541272163,8235692,3239160,1790.7010686397552,2044,331,0,0,133.316,7.501,2482.831,-1.0,0.1501,-1.0,-1.0,/home/josephluke/Program-Synthesis-for-Efficient-ML/results/hyperparameter_sweep/fine_v3/raw/fp32_add_v1_t180_i15_r03.json,/home/josephluke/Program-Synthesis-for-Efficient-ML/results/hyperparameter_sweep/fine_v3/raw/fp32_add_v1_t180_i15_r03.log
fp32_add_v1,fp32_add,full_sum_v2,180,20,1,0,solved,solved,True,6,20,20,2593.9241049960256,180.15163378231227,8235626,3239094,2689.4528501033783,2042,116,0,0,133.316,7.501,870.116,-1.0,0.10220000000000001,-1.0,-1.0,/home/josephluke/Program-Synthesis-for-Efficient-ML/results/hyperparameter_sweep/fine_v3/raw/fp32_add_v1_t180_i20_r01.json,/home/josephluke/Program-Synthesis-for-Efficient-ML/results/hyperparameter_sweep/fine_v3/raw/fp32_add_v1_t180_i20_r01.log
fp32_add_v1,fp32_add,full_sum_v2,180,20,2,0,solved,solved,True,5,20,20,2667.5526533741504,180.1609542425722,4996532,3239497,2764.98557639122,2043,116,0,0,133.316,7.501,870.116,-1.0,0.0538,-1.0,-1.0,/home/josephluke/Program-Synthesis-for-Efficient-ML/results/hyperparameter_sweep/fine_v3/raw/fp32_add_v1_t180_i20_r02.json,/home/josephluke/Program-Synthesis-for-Efficient-ML/results/hyperparameter_sweep/fine_v3/raw/fp32_add_v1_t180_i20_r02.log
fp32_add_v1,fp32_add,full_sum_v2,180,20,3,0,solved,solved,True,7,20,20,2525.624194012955,180.1641967985779,11474852,3239160,2623.23717045784,2044,331,0,0,133.316,7.501,2482.831,-1.0,0.1501,-1.0,-1.0,/home/josephluke/Program-Synthesis-for-Efficient-ML/results/hyperparameter_sweep/fine_v3/raw/fp32_add_v1_t180_i20_r03.json,/home/josephluke/Program-Synthesis-for-Efficient-ML/results/hyperparameter_sweep/fine_v3/raw/fp32_add_v1_t180_i20_r03.log
fp32_add_v1,fp32_add,full_sum_v2,180,30,1,0,solved,solved,True,7,30,30,4324.462047183886,180.15778522752225,11474720,3239094,4420.002104043961,2042,116,0,0,133.316,7.501,870.116,-1.0,0.10220000000000001,-1.0,-1.0,/home/josephluke/Program-Synthesis-for-Efficient-ML/results/hyperparameter_sweep/fine_v3/raw/fp32_add_v1_t180_i30_r01.json,/home/josephluke/Program-Synthesis-for-Efficient-ML/results/hyperparameter_sweep/fine_v3/raw/fp32_add_v1_t180_i30_r01.log
fp32_add_v1,fp32_add,full_sum_v2,180,30,2,0,solved,solved,True,5,30,30,4468.954639116302,180.16111228242517,4996532,3239497,4566.241272926331,2043,116,0,0,133.316,7.501,870.116,-1.0,0.0538,-1.0,-1.0,/home/josephluke/Program-Synthesis-for-Efficient-ML/results/hyperparameter_sweep/fine_v3/raw/fp32_add_v1_t180_i30_r02.json,/home/josephluke/Program-Synthesis-for-Efficient-ML/results/hyperparameter_sweep/fine_v3/raw/fp32_add_v1_t180_i30_r02.log
fp32_add_v1,fp32_add,full_sum_v2,180,30,3,0,solved,solved,True,7,30,30,4328.831363365054,180.15909194387496,11474852,3239160,4427.157994270325,2044,331,0,0,133.316,7.501,2482.831,-1.0,0.1501,-1.0,-1.0,/home/josephluke/Program-Synthesis-for-Efficient-ML/results/hyperparameter_sweep/fine_v3/raw/fp32_add_v1_t180_i30_r03.json,/home/josephluke/Program-Synthesis-for-Efficient-ML/results/hyperparameter_sweep/fine_v3/raw/fp32_add_v1_t180_i30_r03.log
fp32_add_v1,fp32_add,full_sum_v2,300,10,1,0,solved,solved,True,6,10,10,1365.6623189542443,300.1642288528383,13526751,5886187,1462.308933019638,2042,102,0,0,133.316,7.501,765.1020000000001,-1.0,0.0385,-1.0,-1.0,/home/josephluke/Program-Synthesis-for-Efficient-ML/results/hyperparameter_sweep/fine_v3/raw/fp32_add_v1_t300_i10_r01.json,/home/josephluke/Program-Synthesis-for-Efficient-ML/results/hyperparameter_sweep/fine_v3/raw/fp32_add_v1_t300_i10_r01.log
fp32_add_v1,fp32_add,full_sum_v2,300,10,2,0,solved,solved,True,6,10,10,1361.3371030520648,300.166202718392,13526751,5886187,1456.6215364933014,2043,102,0,0,133.316,7.501,765.1020000000001,-1.0,0.0385,-1.0,-1.0,/home/josephluke/Program-Synthesis-for-Efficient-ML/results/hyperparameter_sweep/fine_v3/raw/fp32_add_v1_t300_i10_r02.json,/home/josephluke/Program-Synthesis-for-Efficient-ML/results/hyperparameter_sweep/fine_v3/raw/fp32_add_v1_t300_i10_r02.log
fp32_add_v1,fp32_add,full_sum_v2,300,10,3,0,solved,solved,True,6,10,10,1362.8567833621055,300.1657870449126,13526751,5886187,1460.3051221370697,2044,102,0,0,133.316,7.501,765.1020000000001,-1.0,0.0385,-1.0,-1.0,/home/josephluke/Program-Synthesis-for-Efficient-ML/results/hyperparameter_sweep/fine_v3/raw/fp32_add_v1_t300_i10_r03.json,/home/josephluke/Program-Synthesis-for-Efficient-ML/results/hyperparameter_sweep/fine_v3/raw/fp32_add_v1_t300_i10_r03.log
fp32_add_v1,fp32_add,full_sum_v2,300,15,1,0,solved,solved,True,7,15,15,2823.166951602325,300.16076944954693,19439162,5912411,2920.746824026108,2042,125,0,0,133.316,7.501,937.625,-1.0,0.079,-1.0,-1.0,/home/josephluke/Program-Synthesis-for-Efficient-ML/results/hyperparameter_sweep/fine_v3/raw/fp32_add_v1_t300_i15_r01.json,/home/josephluke/Program-Synthesis-for-Efficient-ML/results/hyperparameter_sweep/fine_v3/raw/fp32_add_v1_t300_i15_r01.log
fp32_add_v1,fp32_add,full_sum_v2,300,15,2,0,solved,solved,True,7,15,15,2800.833989268169,300.1564427278936,19439162,5912411,2897.9675500392914,2043,125,0,0,133.316,7.501,937.625,-1.0,0.079,-1.0,-1.0,/home/josephluke/Program-Synthesis-for-Efficient-ML/results/hyperparameter_sweep/fine_v3/raw/fp32_add_v1_t300_i15_r02.json,/home/josephluke/Program-Synthesis-for-Efficient-ML/results/hyperparameter_sweep/fine_v3/raw/fp32_add_v1_t300_i15_r02.log
fp32_add_v1,fp32_add,full_sum_v2,300,15,3,0,solved,solved,True,7,15,15,2798.9051615912467,300.1504554860294,19439162,5912411,2896.7283124923706,2044,125,0,0,133.316,7.501,937.625,-1.0,0.079,-1.0,-1.0,/home/josephluke/Program-Synthesis-for-Efficient-ML/results/hyperparameter_sweep/fine_v3/raw/fp32_add_v1_t300_i15_r03.json,/home/josephluke/Program-Synthesis-for-Efficient-ML/results/hyperparameter_sweep/fine_v3/raw/fp32_add_v1_t300_i15_r03.log
fp32_add_v1,fp32_add,full_sum_v2,300,20,1,0,solved,solved,True,7,20,20,4303.682046737522,300.1662758514285,19439162,5912411,4400.248003005981,2042,125,0,0,133.316,7.501,937.625,-1.0,0.079,-1.0,-1.0,/home/josephluke/Program-Synthesis-for-Efficient-ML/results/hyperparameter_sweep/fine_v3/raw/fp32_add_v1_t300_i20_r01.json,/home/josephluke/Program-Synthesis-for-Efficient-ML/results/hyperparameter_sweep/fine_v3/raw/fp32_add_v1_t300_i20_r01.log
fp32_add_v1,fp32_add,full_sum_v2,300,20,2,0,solved,solved,True,7,20,20,4288.235564511269,300.1780537441373,19439162,5912411,4385.319453716278,2043,125,0,0,133.316,7.501,937.625,-1.0,0.079,-1.0,-1.0,/home/josephluke/Program-Synthesis-for-Efficient-ML/results/hyperparameter_sweep/fine_v3/raw/fp32_add_v1_t300_i20_r02.json,/home/josephluke/Program-Synthesis-for-Efficient-ML/results/hyperparameter_sweep/fine_v3/raw/fp32_add_v1_t300_i20_r02.log
fp32_add_v1,fp32_add,full_sum_v2,300,20,3,0,solved,solved,True,7,20,20,4304.5995368734,300.1668586283922,19439162,5912411,4402.3857209682465,2044,125,0,0,133.316,7.501,937.625,-1.0,0.079,-1.0,-1.0,/home/josephluke/Program-Synthesis-for-Efficient-ML/results/hyperparameter_sweep/fine_v3/raw/fp32_add_v1_t300_i20_r03.json,/home/josephluke/Program-Synthesis-for-Efficient-ML/results/hyperparameter_sweep/fine_v3/raw/fp32_add_v1_t300_i20_r03.log
fp32_add_v1,fp32_add,full_sum_v2,300,30,1,0,solved,solved,True,7,30,30,7293.739911172539,300.17804790474474,19439162,5912411,7391.495671987534,2042,125,0,0,133.316,7.501,937.625,-1.0,0.079,-1.0,-1.0,/home/josephluke/Program-Synthesis-for-Efficient-ML/results/hyperparameter_sweep/fine_v3/raw/fp32_add_v1_t300_i30_r01.json,/home/josephluke/Program-Synthesis-for-Efficient-ML/results/hyperparameter_sweep/fine_v3/raw/fp32_add_v1_t300_i30_r01.log
fp32_add_v1,fp32_add,full_sum_v2,300,30,2,0,solved,solved,True,7,30,30,7302.685765417293,300.1785528436303,19439162,5912411,7399.951132297516,2043,125,0,0,133.316,7.501,937.625,-1.0,0.079,-1.0,-1.0,/home/josephluke/Program-Synthesis-for-Efficient-ML/results/hyperparameter_sweep/fine_v3/raw/fp32_add_v1_t300_i30_r02.json,/home/josephluke/Program-Synthesis-for-Efficient-ML/results/hyperparameter_sweep/fine_v3/raw/fp32_add_v1_t300_i30_r02.log
fp32_add_v1,fp32_add,full_sum_v2,300,30,3,0,solved,solved,True,8,30,30,7215.109635205939,300.17035617493093,25353643,5914481,7312.608115434647,2044,125,0,0,133.316,7.501,937.625,-1.0,0.079,-1.0,-1.0,/home/josephluke/Program-Synthesis-for-Efficient-ML/results/hyperparameter_sweep/fine_v3/raw/fp32_add_v1_t300_i30_r03.json,/home/josephluke/Program-Synthesis-for-Efficient-ML/results/hyperparameter_sweep/fine_v3/raw/fp32_add_v1_t300_i30_r03.log
fp32_mul_v1,fp32_mul,full_product_v2,30,10,1,0,solved,solved,True,4,10,10,18.95214623771608,7.051557336002588,492155,127710,110.758629322052,3042,14,0,2,152.905,6.54,91.56,-1.0,0.5524,-1.0,-1.0,/home/josephluke/Program-Synthesis-for-Efficient-ML/results/hyperparameter_sweep/fine_v3/raw/fp32_mul_v1_t30_i10_r01.json,/home/josephluke/Program-Synthesis-for-Efficient-ML/results/hyperparameter_sweep/fine_v3/raw/fp32_mul_v1_t30_i10_r01.log
fp32_mul_v1,fp32_mul,full_product_v2,30,10,2,0,solved,solved,True,6,10,10,73.40251394547522,30.079110579565167,326906,259820,165.42620635032654,3043,32,0,2,87.283,11.457,366.624,-1.0,0.9046,-1.0,-1.0,/home/josephluke/Program-Synthesis-for-Efficient-ML/results/hyperparameter_sweep/fine_v3/raw/fp32_mul_v1_t30_i10_r02.json,/home/josephluke/Program-Synthesis-for-Efficient-ML/results/hyperparameter_sweep/fine_v3/raw/fp32_mul_v1_t30_i10_r02.log
fp32_mul_v1,fp32_mul,full_product_v2,30,10,3,0,solved,solved,True,5,10,10,72.66321808472276,30.083403645083308,308302,3018,164.67838406562805,3044,15,0,2,113.314,8.825,132.375,-1.0,0.5524,-1.0,-1.0,/home/josephluke/Program-Synthesis-for-Efficient-ML/results/hyperparameter_sweep/fine_v3/raw/fp32_mul_v1_t30_i10_r03.json,/home/josephluke/Program-Synthesis-for-Efficient-ML/results/hyperparameter_sweep/fine_v3/raw/fp32_mul_v1_t30_i10_r03.log
fp32_mul_v1,fp32_mul,full_product_v2,30,15,1,0,solved,solved,True,7,15,15,57.70046088472009,30.08144443668425,717183,6928,148.73302173614502,3042,15,0,2,113.314,8.825,132.375,-1.0,0.5524,-1.0,-1.0,/home/josephluke/Program-Synthesis-for-Efficient-ML/results/hyperparameter_sweep/fine_v3/raw/fp32_mul_v1_t30_i15_r01.json,/home/josephluke/Program-Synthesis-for-Efficient-ML/results/hyperparameter_sweep/fine_v3/raw/fp32_mul_v1_t30_i15_r01.log
fp32_mul_v1,fp32_mul,full_product_v2,30,15,2,0,solved,solved,True,7,15,15,211.75368636846542,30.074842119589448,700046,373140,303.8056814670563,3043,32,0,2,87.283,11.457,366.624,-1.0,0.9046,-1.0,-1.0,/home/josephluke/Program-Synthesis-for-Efficient-ML/results/hyperparameter_sweep/fine_v3/raw/fp32_mul_v1_t30_i15_r02.json,/home/josephluke/Program-Synthesis-for-Efficient-ML/results/hyperparameter_sweep/fine_v3/raw/fp32_mul_v1_t30_i15_r02.log
fp32_mul_v1,fp32_mul,full_product_v2,30,15,3,0,solved,solved,True,7,15,15,163.43735065497458,30.079839453101158,319623,6835,253.37725448608398,3044,15,0,2,113.314,8.825,132.375,-1.0,0.5524,-1.0,-1.0,/home/josephluke/Program-Synthesis-for-Efficient-ML/results/hyperparameter_sweep/fine_v3/raw/fp32_mul_v1_t30_i15_r03.json,/home/josephluke/Program-Synthesis-for-Efficient-ML/results/hyperparameter_sweep/fine_v3/raw/fp32_mul_v1_t30_i15_r03.log
fp32_mul_v1,fp32_mul,full_product_v2,30,20,1,0,solved,solved,True,10,20,20,117.5007211714983,30.07890615798533,743249,9310,207.580899477005,3042,15,0,2,113.314,8.825,132.375,-1.0,0.5524,-1.0,-1.0,/home/josephluke/Program-Synthesis-for-Efficient-ML/results/hyperparameter_sweep/fine_v3/raw/fp32_mul_v1_t30_i20_r01.json,/home/josephluke/Program-Synthesis-for-Efficient-ML/results/hyperparameter_sweep/fine_v3/raw/fp32_mul_v1_t30_i20_r01.log
fp32_mul_v1,fp32_mul,full_product_v2,30,20,2,0,solved,solved,True,7,20,20,362.0375420767814,30.07570943981409,700046,373140,451.93558859825134,3043,32,0,2,87.283,11.457,366.624,-1.0,0.9046,-1.0,-1.0,/home/josephluke/Program-Synthesis-for-Efficient-ML/results/hyperparameter_sweep/fine_v3/raw/fp32_mul_v1_t30_i20_r02.json,/home/josephluke/Program-Synthesis-for-Efficient-ML/results/hyperparameter_sweep/fine_v3/raw/fp32_mul_v1_t30_i20_r02.log
fp32_mul_v1,fp32_mul,full_product_v2,30,20,3,0,solved,solved,True,9,20,20,253.64145066589117,30.083880042657256,335529,8271,345.25233364105225,3044,15,0,2,113.314,8.825,132.375,-1.0,0.5524,-1.0,-1.0,/home/josephluke/Program-Synthesis-for-Efficient-ML/results/hyperparameter_sweep/fine_v3/raw/fp32_mul_v1_t30_i20_r03.json,/home/josephluke/Program-Synthesis-for-Efficient-ML/results/hyperparameter_sweep/fine_v3/raw/fp32_mul_v1_t30_i20_r03.log
fp32_mul_v1,fp32_mul,full_product_v2,30,30,1,0,solved,solved,True,14,30,30,302.0254915356636,30.077915398404002,780807,9628,393.53907465934753,3042,15,0,2,113.314,8.825,132.375,-1.0,0.5524,-1.0,-1.0,/home/josephluke/Program-Synthesis-for-Efficient-ML/results/hyperparameter_sweep/fine_v3/raw/fp32_mul_v1_t30_i30_r01.json,/home/josephluke/Program-Synthesis-for-Efficient-ML/results/hyperparameter_sweep/fine_v3/raw/fp32_mul_v1_t30_i30_r01.log
fp32_mul_v1,fp32_mul,full_product_v2,30,30,2,0,solved,solved,True,7,30,30,662.8149675745517,30.07645737938583,700046,373140,752.7602136135101,3043,32,0,2,87.283,11.457,366.624,-1.0,0.9046,-1.0,-1.0,/home/josephluke/Program-Synthesis-for-Efficient-ML/results/hyperparameter_sweep/fine_v3/raw/fp32_mul_v1_t30_i30_r02.json,/home/josephluke/Program-Synthesis-for-Efficient-ML/results/hyperparameter_sweep/fine_v3/raw/fp32_mul_v1_t30_i30_r02.log
fp32_mul_v1,fp32_mul,full_product_v2,30,30,3,0,solved,solved,True,12,30,30,465.6079514287412,30.080282676965,364519,10060,555.73783659935,3044,15,0,2,113.314,8.825,132.375,-1.0,0.5524,-1.0,-1.0,/home/josephluke/Program-Synthesis-for-Efficient-ML/results/hyperparameter_sweep/fine_v3/raw/fp32_mul_v1_t30_i30_r03.json,/home/josephluke/Program-Synthesis-for-Efficient-ML/results/hyperparameter_sweep/fine_v3/raw/fp32_mul_v1_t30_i30_r03.log
fp32_mul_v1,fp32_mul,full_product_v2,60,10,1,0,solved,solved,True,4,10,10,18.860646223649383,7.041595818474889,492155,127710,110.41922903060913,3042,14,0,2,152.905,6.54,91.56,-1.0,0.5524,-1.0,-1.0,/home/josephluke/Program-Synthesis-for-Efficient-ML/results/hyperparameter_sweep/fine_v3/raw/fp32_mul_v1_t60_i10_r01.json,/home/josephluke/Program-Synthesis-for-Efficient-ML/results/hyperparameter_sweep/fine_v3/raw/fp32_mul_v1_t60_i10_r01.log
fp32_mul_v1,fp32_mul,full_product_v2,60,10,2,0,solved,solved,True,7,10,10,106.73587333410978,60.13480269908905,1000985,674079,198.66958808898926,3043,32,0,2,87.283,11.457,366.624,-1.0,0.9046,-1.0,-1.0,/home/josephluke/Program-Synthesis-for-Efficient-ML/results/hyperparameter_sweep/fine_v3/raw/fp32_mul_v1_t60_i10_r02.json,/home/josephluke/Program-Synthesis-for-Efficient-ML/results/hyperparameter_sweep/fine_v3/raw/fp32_mul_v1_t60_i10_r02.log
fp32_mul_v1,fp32_mul,full_product_v2,60,10,3,0,solved,solved,True,5,10,10,132.8234663195908,60.14841888099909,308302,3018,224.67327690124512,3044,15,0,2,113.314,8.825,132.375,-1.0,0.5524,-1.0,-1.0,/home/josephluke/Program-Synthesis-for-Efficient-ML/results/hyperparameter_sweep/fine_v3/raw/fp32_mul_v1_t60_i10_r03.json,/home/josephluke/Program-Synthesis-for-Efficient-ML/results/hyperparameter_sweep/fine_v3/raw/fp32_mul_v1_t60_i10_r03.log
fp32_mul_v1,fp32_mul,full_product_v2,60,15,1,0,solved,solved,True,7,15,15,87.90989319980145,60.13643212802708,717183,6928,179.7057065963745,3042,15,0,2,113.314,8.825,132.375,-1.0,0.5524,-1.0,-1.0,/home/josephluke/Program-Synthesis-for-Efficient-ML/results/hyperparameter_sweep/fine_v3/raw/fp32_mul_v1_t60_i15_r01.json,/home/josephluke/Program-Synthesis-for-Efficient-ML/results/hyperparameter_sweep/fine_v3/raw/fp32_mul_v1_t60_i15_r01.log
fp32_mul_v1,fp32_mul,full_product_v2,60,15,2,0,solved,solved,True,8,15,15,385.1216218676418,60.13907296769321,1713061,712076,476.8589222431183,3043,32,0,2,87.283,11.457,366.624,-1.0,0.9046,-1.0,-1.0,/home/josephluke/Program-Synthesis-for-Efficient-ML/results/hyperparameter_sweep/fine_v3/raw/fp32_mul_v1_t60_i15_r02.json,/home/josephluke/Program-Synthesis-for-Efficient-ML/results/hyperparameter_sweep/fine_v3/raw/fp32_mul_v1_t60_i15_r02.log
fp32_mul_v1,fp32_mul,full_product_v2,60,15,3,0,solved,solved,True,7,15,15,313.9195979386568,60.15452089719474,319623,6835,405.8431656360626,3044,15,0,2,113.314,8.825,132.375,-1.0,0.5524,-1.0,-1.0,/home/josephluke/Program-Synthesis-for-Efficient-ML/results/hyperparameter_sweep/fine_v3/raw/fp32_mul_v1_t60_i15_r03.json,/home/josephluke/Program-Synthesis-for-Efficient-ML/results/hyperparameter_sweep/fine_v3/raw/fp32_mul_v1_t60_i15_r03.log
fp32_mul_v1,fp32_mul,full_product_v2,60,20,1,0,solved,solved,True,10,20,20,209.44206748902798,60.14917231164873,743249,9310,301.5301237106323,3042,15,0,2,113.314,8.825,132.375,-1.0,0.5524,-1.0,-1.0,/home/josephluke/Program-Synthesis-for-Efficient-ML/results/hyperparameter_sweep/fine_v3/raw/fp32_mul_v1_t60_i20_r01.json,/home/josephluke/Program-Synthesis-for-Efficient-ML/results/hyperparameter_sweep/fine_v3/raw/fp32_mul_v1_t60_i20_r01.log
fp32_mul_v1,fp32_mul,full_product_v2,60,20,2,0,solved,solved,True,8,20,20,686.1194564718753,60.14468946494162,1713061,712076,777.9872171878815,3043,32,0,2,87.283,11.457,366.624,-1.0,0.9046,-1.0,-1.0,/home/josephluke/Program-Synthesis-for-Efficient-ML/results/hyperparameter_sweep/fine_v3/raw/fp32_mul_v1_t60_i20_r02.json,/home/josephluke/Program-Synthesis-for-Efficient-ML/results/hyperparameter_sweep/fine_v3/raw/fp32_mul_v1_t60_i20_r02.log
fp32_mul_v1,fp32_mul,full_product_v2,60,20,3,0,solved,solved,True,9,20,20,495.06049904227257,60.15683481656015,335529,8271,586.9316592216492,3044,15,0,2,113.314,8.825,132.375,-1.0,0.5524,-1.0,-1.0,/home/josephluke/Program-Synthesis-for-Efficient-ML/results/hyperparameter_sweep/fine_v3/raw/fp32_mul_v1_t60_i20_r03.json,/home/josephluke/Program-Synthesis-for-Efficient-ML/results/hyperparameter_sweep/fine_v3/raw/fp32_mul_v1_t60_i20_r03.log
fp32_mul_v1,fp32_mul,full_product_v2,60,30,1,0,solved,solved,True,14,30,30,572.5204184334725,60.15206895582378,780807,9628,664.4142153263092,3042,15,0,2,113.314,8.825,132.375,-1.0,0.5524,-1.0,-1.0,/home/josephluke/Program-Synthesis-for-Efficient-ML/results/hyperparameter_sweep/fine_v3/raw/fp32_mul_v1_t60_i30_r01.json,/home/josephluke/Program-Synthesis-for-Efficient-ML/results/hyperparameter_sweep/fine_v3/raw/fp32_mul_v1_t60_i30_r01.log
fp32_mul_v1,fp32_mul,full_product_v2,60,30,2,0,solved,solved,True,8,30,30,1287.634776385501,60.14808345399797,1713061,712076,1379.576698064804,3043,32,0,2,87.283,11.457,366.624,-1.0,0.9046,-1.0,-1.0,/home/josephluke/Program-Synthesis-for-Efficient-ML/results/hyperparameter_sweep/fine_v3/raw/fp32_mul_v1_t60_i30_r02.json,/home/josephluke/Program-Synthesis-for-Efficient-ML/results/hyperparameter_sweep/fine_v3/raw/fp32_mul_v1_t60_i30_r02.log
fp32_mul_v1,fp32_mul,full_product_v2,60,30,3,0,solved,solved,True,12,30,30,917.6678861211985,60.15545353665948,364519,10060,1009.6772167682648,3044,15,0,2,113.314,8.825,132.375,-1.0,0.5524,-1.0,-1.0,/home/josephluke/Program-Synthesis-for-Efficient-ML/results/hyperparameter_sweep/fine_v3/raw/fp32_mul_v1_t60_i30_r03.json,/home/josephluke/Program-Synthesis-for-Efficient-ML/results/hyperparameter_sweep/fine_v3/raw/fp32_mul_v1_t60_i30_r03.log
fp32_mul_v1,fp32_mul,full_product_v2,120,10,1,0,solved,solved,True,4,10,10,18.999562544748187,7.064838523045182,492155,127710,110.85535669326782,3042,14,0,2,152.905,6.54,91.56,-1.0,0.5524,-1.0,-1.0,/home/josephluke/Program-Synthesis-for-Efficient-ML/results/hyperparameter_sweep/fine_v3/raw/fp32_mul_v1_t120_i10_r01.json,/home/josephluke/Program-Synthesis-for-Efficient-ML/results/hyperparameter_sweep/fine_v3/raw/fp32_mul_v1_t120_i10_r01.log
fp32_mul_v1,fp32_mul,full_product_v2,120,10,2,0,solved,solved,True,8,10,10,159.3021767232567,112.61930223926902,2995204,1994219,251.35242891311646,3043,32,0,2,87.283,11.457,366.624,-1.0,0.9046,-1.0,-1.0,/home/josephluke/Program-Synthesis-for-Efficient-ML/results/hyperparameter_sweep/fine_v3/raw/fp32_mul_v1_t120_i10_r02.json,/home/josephluke/Program-Synthesis-for-Efficient-ML/results/hyperparameter_sweep/fine_v3/raw/fp32_mul_v1_t120_i10_r02.log
fp32_mul_v1,fp32_mul,full_product_v2,120,10,3,0,solved,solved,True,5,10,10,209.8418323751539,103.09133198857307,4322810,1918049,301.6577858924866,3044,15,0,2,113.314,8.825,132.375,-1.0,0.5524,-1.0,-1.0,/home/josephluke/Program-Synthesis-for-Efficient-ML/results/hyperparameter_sweep/fine_v3/raw/fp32_mul_v1_t120_i10_r03.json,/home/josephluke/Program-Synthesis-for-Efficient-ML/results/hyperparameter_sweep/fine_v3/raw/fp32_mul_v1_t120_i10_r03.log
fp32_mul_v1,fp32_mul,full_product_v2,120,15,1,0,solved,solved,True,7,15,15,148.1234516929835,120.25507990829647,717183,6928,239.94463396072388,3042,15,0,2,113.314,8.825,132.375,-1.0,0.5524,-1.0,-1.0,/home/josephluke/Program-Synthesis-for-Efficient-ML/results/hyperparameter_sweep/fine_v3/raw/fp32_mul_v1_t120_i15_r01.json,/home/josephluke/Program-Synthesis-for-Efficient-ML/results/hyperparameter_sweep/fine_v3/raw/fp32_mul_v1_t120_i15_r01.log
fp32_mul_v1,fp32_mul,full_product_v2,120,15,2,0,solved,solved,True,8,15,15,759.8145261984318,120.25766240805387,2995204,1994219,851.73739361763,3043,32,0,2,87.283,11.457,366.624,-1.0,0.9046,-1.0,-1.0,/home/josephluke/Program-Synthesis-for-Efficient-ML/results/hyperparameter_sweep/fine_v3/raw/fp32_mul_v1_t120_i15_r02.json,/home/josephluke/Program-Synthesis-for-Efficient-ML/results/hyperparameter_sweep/fine_v3/raw/fp32_mul_v1_t120_i15_r02.log
fp32_mul_v1,fp32_mul,full_product_v2,120,15,3,0,solved,solved,True,7,15,15,572.7900610938668,120.2632303610444,4334131,6835,664.8227014541626,3044,15,0,2,113.314,8.825,132.375,-1.0,0.5524,-1.0,-1.0,/home/josephluke/Program-Synthesis-for-Efficient-ML/results/hyperparameter_sweep/fine_v3/raw/fp32_mul_v1_t120_i15_r03.json,/home/josephluke/Program-Synthesis-for-Efficient-ML/results/hyperparameter_sweep/fine_v3/raw/fp32_mul_v1_t120_i15_r03.log
fp32_mul_v1,fp32_mul,full_product_v2,120,20,1,0,solved,solved,True,10,20,20,389.72061252966523,120.25516600348055,743249,9310,481.7599744796753,3042,15,0,2,113.314,8.825,132.375,-1.0,0.5524,-1.0,-1.0,/home/josephluke/Program-Synthesis-for-Efficient-ML/results/hyperparameter_sweep/fine_v3/raw/fp32_mul_v1_t120_i20_r01.json,/home/josephluke/Program-Synthesis-for-Efficient-ML/results/hyperparameter_sweep/fine_v3/raw/fp32_mul_v1_t120_i20_r01.log
fp32_mul_v1,fp32_mul,full_product_v2,120,20,2,0,solved,solved,True,8,20,20,1361.2961081359535,120.25743885710835,2995204,1994219,1451.1984117031097,3043,32,0,2,87.283,11.457,366.624,-1.0,0.9046,-1.0,-1.0,/home/josephluke/Program-Synthesis-for-Efficient-ML/results/hyperparameter_sweep/fine_v3/raw/fp32_mul_v1_t120_i20_r02.json,/home/josephluke/Program-Synthesis-for-Efficient-ML/results/hyperparameter_sweep/fine_v3/raw/fp32_mul_v1_t120_i20_r02.log
fp32_mul_v1,fp32_mul,full_product_v2,120,20,3,0,solved,solved,True,9,20,20,932.6984208766371,120.2590311653912,4350037,8271,1022.8085792064667,3044,15,0,2,113.314,8.825,132.375,-1.0,0.5524,-1.0,-1.0,/home/josephluke/Program-Synthesis-for-Efficient-ML/results/hyperparameter_sweep/fine_v3/raw/fp32_mul_v1_t120_i20_r03.json,/home/josephluke/Program-Synthesis-for-Efficient-ML/results/hyperparameter_sweep/fine_v3/raw/fp32_mul_v1_t120_i20_r03.log
fp32_mul_v1,fp32_mul,full_product_v2,120,30,1,0,solved,solved,True,14,30,30,1111.734089879319,120.25776512920856,780807,9628,1201.6962866783142,3042,15,0,2,113.314,8.825,132.375,-1.0,0.5524,-1.0,-1.0,/home/josephluke/Program-Synthesis-for-Efficient-ML/results/hyperparameter_sweep/fine_v3/raw/fp32_mul_v1_t120_i30_r01.json,/home/josephluke/Program-Synthesis-for-Efficient-ML/results/hyperparameter_sweep/fine_v3/raw/fp32_mul_v1_t120_i30_r01.log
fp32_mul_v1,fp32_mul,full_product_v2,120,30,2,0,solved,solved,True,8,30,30,2565.786041263491,120.26011868752539,2995204,1994219,2655.644524335861,3043,32,0,2,87.283,11.457,366.624,-1.0,0.9046,-1.0,-1.0,/home/josephluke/Program-Synthesis-for-Efficient-ML/results/hyperparameter_sweep/fine_v3/raw/fp32_mul_v1_t120_i30_r02.json,/home/josephluke/Program-Synthesis-for-Efficient-ML/results/hyperparameter_sweep/fine_v3/raw/fp32_mul_v1_t120_i30_r02.log
fp32_mul_v1,fp32_mul,full_product_v2,120,30,3,0,solved,solved,True,12,30,30,1775.9307980779558,120.2647775746882,4379027,10060,1868.3387258052826,3044,15,0,2,113.314,8.825,132.375,-1.0,0.5524,-1.0,-1.0,/home/josephluke/Program-Synthesis-for-Efficient-ML/results/hyperparameter_sweep/fine_v3/raw/fp32_mul_v1_t120_i30_r03.json,/home/josephluke/Program-Synthesis-for-Efficient-ML/results/hyperparameter_sweep/fine_v3/raw/fp32_mul_v1_t120_i30_r03.log
fp32_mul_v1,fp32_mul,full_product_v2,180,10,1,0,solved,solved,True,4,10,10,19.224758399650455,7.213615560904145,492155,127710,111.38547992706299,3042,14,0,2,152.905,6.54,91.56,-1.0,0.5524,-1.0,-1.0,/home/josephluke/Program-Synthesis-for-Efficient-ML/results/hyperparameter_sweep/fine_v3/raw/fp32_mul_v1_t180_i10_r01.json,/home/josephluke/Program-Synthesis-for-Efficient-ML/results/hyperparameter_sweep/fine_v3/raw/fp32_mul_v1_t180_i10_r01.log
fp32_mul_v1,fp32_mul,full_product_v2,180,10,2,0,solved,solved,True,8,10,10,160.22779210470617,113.5045618377626,2995204,1994219,252.36166381835938,3043,32,0,2,87.283,11.457,366.624,-1.0,0.9046,-1.0,-1.0,/home/josephluke/Program-Synthesis-for-Efficient-ML/results/hyperparameter_sweep/fine_v3/raw/fp32_mul_v1_t180_i10_r02.json,/home/josephluke/Program-Synthesis-for-Efficient-ML/results/hyperparameter_sweep/fine_v3/raw/fp32_mul_v1_t180_i10_r02.log
fp32_mul_v1,fp32_mul,full_product_v2,180,10,3,0,solved,solved,True,5,10,10,212.2266285456717,104.88146641105413,4322810,1918049,304.3496460914612,3044,15,0,2,113.314,8.825,132.375,-1.0,0.5524,-1.0,-1.0,/home/josephluke/Program-Synthesis-for-Efficient-ML/results/hyperparameter_sweep/fine_v3/raw/fp32_mul_v1_t180_i10_r03.json,/home/josephluke/Program-Synthesis-for-Efficient-ML/results/hyperparameter_sweep/fine_v3/raw/fp32_mul_v1_t180_i10_r03.log
fp32_mul_v1,fp32_mul,full_product_v2,180,15,1,0,solved,solved,True,7,15,15,207.96370932646096,180.2073740605265,717183,6928,299.9305589199066,3042,15,0,2,113.314,8.825,132.375,-1.0,0.5524,-1.0,-1.0,/home/josephluke/Program-Synthesis-for-Efficient-ML/results/hyperparameter_sweep/fine_v3/raw/fp32_mul_v1_t180_i15_r01.json,/home/josephluke/Program-Synthesis-for-Efficient-ML/results/hyperparameter_sweep/fine_v3/raw/fp32_mul_v1_t180_i15_r01.log
fp32_mul_v1,fp32_mul,full_product_v2,180,15,2,0,solved,solved,True,8,15,15,1060.9215661045164,180.30964699946344,2995204,1994219,1152.9683587551117,3043,32,0,2,87.283,11.457,366.624,-1.0,0.9046,-1.0,-1.0,/home/josephluke/Program-Synthesis-for-Efficient-ML/results/hyperparameter_sweep/fine_v3/raw/fp32_mul_v1_t180_i15_r02.json,/home/josephluke/Program-Synthesis-for-Efficient-ML/results/hyperparameter_sweep/fine_v3/raw/fp32_mul_v1_t180_i15_r02.log
fp32_mul_v1,fp32_mul,full_product_v2,180,15,3,0,solved,solved,True,7,15,15,751.7838158793747,180.32740230858326,4334131,6835,844.0406651496887,3044,15,0,2,113.314,8.825,132.375,-1.0,0.5524,-1.0,-1.0,/home/josephluke/Program-Synthesis-for-Efficient-ML/results/hyperparameter_sweep/fine_v3/raw/fp32_mul_v1_t180_i15_r03.json,/home/josephluke/Program-Synthesis-for-Efficient-ML/results/hyperparameter_sweep/fine_v3/raw/fp32_mul_v1_t180_i15_r03.log
fp32_mul_v1,fp32_mul,full_product_v2,180,20,1,0,solved,solved,True,8,20,20,1054.5322019401938,180.32232479192317,2864120,2146937,1146.7297036647797,3042,32,0,2,87.283,11.457,366.624,-1.0,0.9046,-1.0,-1.0,/home/josephluke/Program-Synthesis-for-Efficient-ML/results/hyperparameter_sweep/fine_v3/raw/fp32_mul_v1_t180_i20_r01.json,/home/josephluke/Program-Synthesis-for-Efficient-ML/results/hyperparameter_sweep/fine_v3/raw/fp32_mul_v1_t180_i20_r01.log
fp32_mul_v1,fp32_mul,full_product_v2,180,20,2,0,solved,solved,True,8,20,20,1962.206124773249,180.31951460428536,2995204,1994219,2054.123074531555,3043,32,0,2,87.283,11.457,366.624,-1.0,0.9046,-1.0,-1.0,/home/josephluke/Program-Synthesis-for-Efficient-ML/results/hyperparameter_sweep/fine_v3/raw/fp32_mul_v1_t180_i20_r02.json,/home/josephluke/Program-Synthesis-for-Efficient-ML/results/hyperparameter_sweep/fine_v3/raw/fp32_mul_v1_t180_i20_r02.log
fp32_mul_v1,fp32_mul,full_product_v2,180,20,3,0,solved,solved,True,9,20,20,1293.9309590738267,180.32413045689464,4350037,8271,1384.7690329551697,3044,15,0,2,113.314,8.825,132.375,-1.0,0.5524,-1.0,-1.0,/home/josephluke/Program-Synthesis-for-Efficient-ML/results/hyperparameter_sweep/fine_v3/raw/fp32_mul_v1_t180_i20_r03.json,/home/josephluke/Program-Synthesis-for-Efficient-ML/results/hyperparameter_sweep/fine_v3/raw/fp32_mul_v1_t180_i20_r03.log
fp32_mul_v1,fp32_mul,full_product_v2,180,30,1,0,solved,solved,True,9,30,30,2830.657880783081,180.31342946738005,5214406,2350286,2922.6808240413666,3042,32,0,2,87.283,11.457,366.624,-1.0,0.9046,-1.0,-1.0,/home/josephluke/Program-Synthesis-for-Efficient-ML/results/hyperparameter_sweep/fine_v3/raw/fp32_mul_v1_t180_i30_r01.json,/home/josephluke/Program-Synthesis-for-Efficient-ML/results/hyperparameter_sweep/fine_v3/raw/fp32_mul_v1_t180_i30_r01.log
fp32_mul_v1,fp32_mul,full_product_v2,180,30,2,0,solved,solved,True,9,30,30,3725.780358651653,180.32378394529223,5276085,2280881,3818.1113681793213,3043,32,0,2,87.283,11.457,366.624,-1.0,0.9046,-1.0,-1.0,/home/josephluke/Program-Synthesis-for-Efficient-ML/results/hyperparameter_sweep/fine_v3/raw/fp32_mul_v1_t180_i30_r02.json,/home/josephluke/Program-Synthesis-for-Efficient-ML/results/hyperparameter_sweep/fine_v3/raw/fp32_mul_v1_t180_i30_r02.log
fp32_mul_v1,fp32_mul,full_product_v2,180,30,3,0,solved,solved,True,12,30,30,2558.378387885168,180.3266600742936,4379027,10060,2650.823358297348,3044,15,0,2,113.314,8.825,132.375,-1.0,0.5524,-1.0,-1.0,/home/josephluke/Program-Synthesis-for-Efficient-ML/results/hyperparameter_sweep/fine_v3/raw/fp32_mul_v1_t180_i30_r03.json,/home/josephluke/Program-Synthesis-for-Efficient-ML/results/hyperparameter_sweep/fine_v3/raw/fp32_mul_v1_t180_i30_r03.log
fp32_mul_v1,fp32_mul,full_product_v2,300,10,1,0,solved,solved,True,4,10,10,19.23991608247161,7.0634284894913435,492155,127710,110.55206489562988,3042,14,0,2,152.905,6.54,91.56,-1.0,0.5524,-1.0,-1.0,/home/josephluke/Program-Synthesis-for-Efficient-ML/results/hyperparameter_sweep/fine_v3/raw/fp32_mul_v1_t300_i10_r01.json,/home/josephluke/Program-Synthesis-for-Efficient-ML/results/hyperparameter_sweep/fine_v3/raw/fp32_mul_v1_t300_i10_r01.log
fp32_mul_v1,fp32_mul,full_product_v2,300,10,2,0,solved,solved,True,8,10,10,157.9511269684881,109.81940886005759,2995204,1994219,250.41542744636536,3043,32,0,2,87.283,11.457,366.624,-1.0,0.9046,-1.0,-1.0,/home/josephluke/Program-Synthesis-for-Efficient-ML/results/hyperparameter_sweep/fine_v3/raw/fp32_mul_v1_t300_i10_r02.json,/home/josephluke/Program-Synthesis-for-Efficient-ML/results/hyperparameter_sweep/fine_v3/raw/fp32_mul_v1_t300_i10_r02.log
fp32_mul_v1,fp32_mul,full_product_v2,300,10,3,0,solved,solved,True,5,10,10,211.26078936643898,101.8972842246294,4322810,1918049,304.38391399383545,3044,15,0,2,113.314,8.825,132.375,-1.0,0.5524,-1.0,-1.0,/home/josephluke/Program-Synthesis-for-Efficient-ML/results/hyperparameter_sweep/fine_v3/raw/fp32_mul_v1_t300_i10_r03.json,/home/josephluke/Program-Synthesis-for-Efficient-ML/results/hyperparameter_sweep/fine_v3/raw/fp32_mul_v1_t300_i10_r03.log
fp32_mul_v1,fp32_mul,full_product_v2,300,15,1,0,solved,solved,True,7,15,15,328.5458501651883,300.43998286500573,717183,6928,421.3290367126465,3042,15,0,2,113.314,8.825,132.375,-1.0,0.5524,-1.0,-1.0,/home/josephluke/Program-Synthesis-for-Efficient-ML/results/hyperparameter_sweep/fine_v3/raw/fp32_mul_v1_t300_i15_r01.json,/home/josephluke/Program-Synthesis-for-Efficient-ML/results/hyperparameter_sweep/fine_v3/raw/fp32_mul_v1_t300_i15_r01.log
fp32_mul_v1,fp32_mul,full_product_v2,300,15,2,0,solved,solved,True,8,15,15,1666.6167575195432,300.4540495034307,2995204,1994219,1760.837368965149,3043,32,0,2,87.283,11.457,366.624,-1.0,0.9046,-1.0,-1.0,/home/josephluke/Program-Synthesis-for-Efficient-ML/results/hyperparameter_sweep/fine_v3/raw/fp32_mul_v1_t300_i15_r02.json,/home/josephluke/Program-Synthesis-for-Efficient-ML/results/hyperparameter_sweep/fine_v3/raw/fp32_mul_v1_t300_i15_r02.log
fp32_mul_v1,fp32_mul,full_product_v2,300,15,3,0,solved,solved,True,8,15,15,1031.79891913943,300.47567901946604,7779358,3445227,1124.296371936798,3044,32,0,2,87.283,11.457,366.624,-1.0,0.9046,-1.0,-1.0,/home/josephluke/Program-Synthesis-for-Efficient-ML/results/hyperparameter_sweep/fine_v3/raw/fp32_mul_v1_t300_i15_r03.json,/home/josephluke/Program-Synthesis-for-Efficient-ML/results/hyperparameter_sweep/fine_v3/raw/fp32_mul_v1_t300_i15_r03.log
fp32_mul_v1,fp32_mul,full_product_v2,300,20,1,0,solved,solved,True,8,20,20,1656.9345084019005,300.4510880243033,2864120,2146937,1748.0094363689423,3042,32,0,2,87.283,11.457,366.624,-1.0,0.9046,-1.0,-1.0,/home/josephluke/Program-Synthesis-for-Efficient-ML/results/hyperparameter_sweep/fine_v3/raw/fp32_mul_v1_t300_i20_r01.json,/home/josephluke/Program-Synthesis-for-Efficient-ML/results/hyperparameter_sweep/fine_v3/raw/fp32_mul_v1_t300_i20_r01.log
fp32_mul_v1,fp32_mul,full_product_v2,300,20,2,0,solved,solved,True,8,20,20,3167.064542349428,300.4491038750857,2995204,1994219,3259.3703322410583,3043,32,0,2,87.283,11.457,366.624,-1.0,0.9046,-1.0,-1.0,/home/josephluke/Program-Synthesis-for-Efficient-ML/results/hyperparameter_sweep/fine_v3/raw/fp32_mul_v1_t300_i20_r02.json,/home/josephluke/Program-Synthesis-for-Efficient-ML/results/hyperparameter_sweep/fine_v3/raw/fp32_mul_v1_t300_i20_r02.log
fp32_mul_v1,fp32_mul,full_product_v2,300,20,3,0,solved,solved,True,9,20,20,2445.9655612669885,300.4461304116994,11582178,3802820,2537.720979452133,3044,32,0,2,87.283,11.457,366.624,-1.0,0.9046,-1.0,-1.0,/home/josephluke/Program-Synthesis-for-Efficient-ML/results/hyperparameter_sweep/fine_v3/raw/fp32_mul_v1_t300_i20_r03.json,/home/josephluke/Program-Synthesis-for-Efficient-ML/results/hyperparameter_sweep/fine_v3/raw/fp32_mul_v1_t300_i20_r03.log
fp32_mul_v1,fp32_mul,full_product_v2,300,30,1,0,solved,solved,True,10,30,30,4398.051841378212,300.44469245523214,8020247,2805841,4490.533856868744,3042,32,0,2,87.283,11.457,366.624,-1.0,0.9046,-1.0,-1.0,/home/josephluke/Program-Synthesis-for-Efficient-ML/results/hyperparameter_sweep/fine_v3/raw/fp32_mul_v1_t300_i30_r01.json,/home/josephluke/Program-Synthesis-for-Efficient-ML/results/hyperparameter_sweep/fine_v3/raw/fp32_mul_v1_t300_i30_r01.log
fp32_mul_v1,fp32_mul,full_product_v2,300,30,2,0,solved,solved,True,9,30,30,6007.273165909573,300.4556463714689,5276085,2280881,6099.232425451279,3043,32,0,2,87.283,11.457,366.624,-1.0,0.9046,-1.0,-1.0,/home/josephluke/Program-Synthesis-for-Efficient-ML/results/hyperparameter_sweep/fine_v3/raw/fp32_mul_v1_t300_i30_r02.json,/home/josephluke/Program-Synthesis-for-Efficient-ML/results/hyperparameter_sweep/fine_v3/raw/fp32_mul_v1_t300_i30_r02.log
fp32_mul_v1,fp32_mul,full_product_v2,300,30,3,0,solved,solved,True,9,30,30,5471.862276637927,300.46179128065705,11582178,3802820,5564.915118932724,3044,32,0,2,87.283,11.457,366.624,-1.0,0.9046,-1.0,-1.0,/home/josephluke/Program-Synthesis-for-Efficient-ML/results/hyperparameter_sweep/fine_v3/raw/fp32_mul_v1_t300_i30_r03.json,/home/josephluke/Program-Synthesis-for-Efficient-ML/results/hyperparameter_sweep/fine_v3/raw/fp32_mul_v1_t300_i30_r03.log
mxint8_add,mxint8_add,full_sum_v2,30,10,1,0,solved,solved,True,6,10,10,90.68617416359484,30.047105638310313,262785,125831,211.62262082099915,4042,71,0,0,42.569,23.4913,1667.8823,-1.0,0.8802,2.1371934375,48.0,/home/josephluke/Program-Synthesis-for-Efficient-ML/results/hyperparameter_sweep/fine_v3/raw/mxint8_add_t30_i10_r01.json,/home/josephluke/Program-Synthesis-for-Efficient-ML/results/hyperparameter_sweep/fine_v3/raw/mxint8_add_t30_i10_r01.log
mxint8_add,mxint8_add,full_sum_v2,30,10,2,0,solved,solved,True,2,10,10,2.8145965933799744,0.5928582642227411,45167,7417,122.03368258476257,4043,81,0,0,43.812,22.8248,1848.8088,-1.0,0.32299999999999995,15.715595,56.0,/home/josephluke/Program-Synthesis-for-Efficient-ML/results/hyperparameter_sweep/fine_v3/raw/mxint8_add_t30_i10_r02.json,/home/josephluke/Program-Synthesis-for-Efficient-ML/results/hyperparameter_sweep/fine_v3/raw/mxint8_add_t30_i10_r02.log
mxint8_add,mxint8_add,full_sum_v2,30,10,3,0,solved,solved,True,3,10,10,0.7890322152525187,0.13116278313100338,13226,2075,119.72930383682251,4044,26,0,0,69.425,14.404,374.504,-1.0,0.1512,52.316544375,136.0,/home/josephluke/Program-Synthesis-for-Efficient-ML/results/hyperparameter_sweep/fine_v3/raw/mxint8_add_t30_i10_r03.json,/home/josephluke/Program-Synthesis-for-Efficient-ML/results/hyperparameter_sweep/fine_v3/raw/mxint8_add_t30_i10_r03.log
mxint8_add,mxint8_add,full_sum_v2,30,15,1,0,solved,solved,True,7,15,15,231.60163759998977,30.04796359874308,416783,153998,351.23273038864136,4042,71,0,0,42.569,23.4913,1667.8823,-1.0,0.8791,2.1581284375,48.0,/home/josephluke/Program-Synthesis-for-Efficient-ML/results/hyperparameter_sweep/fine_v3/raw/mxint8_add_t30_i15_r01.json,/home/josephluke/Program-Synthesis-for-Efficient-ML/results/hyperparameter_sweep/fine_v3/raw/mxint8_add_t30_i15_r01.log
mxint8_add,mxint8_add,full_sum_v2,30,15,2,0,solved,solved,True,5,15,15,6.204819722101092,1.4185942076146603,92264,16747,125.11097764968872,4043,57,0,0,43.812,22.8248,1301.0136,-1.0,0.3233,15.6786725,56.0,/home/josephluke/Program-Synthesis-for-Efficient-ML/results/hyperparameter_sweep/fine_v3/raw/mxint8_add_t30_i15_r02.json,/home/josephluke/Program-Synthesis-for-Efficient-ML/results/hyperparameter_sweep/fine_v3/raw/mxint8_add_t30_i15_r02.log
mxint8_add,mxint8_add,full_sum_v2,30,15,3,0,solved,solved,True,4,15,15,1.5563842952251434,0.2509709820151329,24889,2819,120.90763854980469,4044,26,0,0,69.425,14.404,374.504,-1.0,0.1519,52.520546875,136.0,/home/josephluke/Program-Synthesis-for-Efficient-ML/results/hyperparameter_sweep/fine_v3/raw/mxint8_add_t30_i15_r03.json,/home/josephluke/Program-Synthesis-for-Efficient-ML/results/hyperparameter_sweep/fine_v3/raw/mxint8_add_t30_i15_r03.log
mxint8_add,mxint8_add,full_sum_v2,30,20,1,0,solved,solved,True,8,20,20,373.75452292338014,30.05287542939186,572277,155494,494.09493613243103,4042,71,0,0,42.569,23.4913,1667.8823,-1.0,0.8789,2.173100625,48.0,/home/josephluke/Program-Synthesis-for-Efficient-ML/results/hyperparameter_sweep/fine_v3/raw/mxint8_add_t30_i20_r01.json,/home/josephluke/Program-Synthesis-for-Efficient-ML/results/hyperparameter_sweep/fine_v3/raw/mxint8_add_t30_i20_r01.log
mxint8_add,mxint8_add,full_sum_v2,30,20,2,0,solved,solved,True,6,20,20,129.08833872899413,30.0491979457438,118319,26055,249.4244191646576,4043,54,0,0,40.791,24.5152,1323.8208,-1.0,0.38539999999999996,15.364838125,56.0,/home/josephluke/Program-Synthesis-for-Efficient-ML/results/hyperparameter_sweep/fine_v3/raw/mxint8_add_t30_i20_r02.json,/home/josephluke/Program-Synthesis-for-Efficient-ML/results/hyperparameter_sweep/fine_v3/raw/mxint8_add_t30_i20_r02.log
mxint8_add,mxint8_add,full_sum_v2,30,20,3,0,solved,solved,True,6,20,20,1.8018592912703753,0.24068332463502884,28916,149,119.82696080207825,4044,26,0,0,69.425,14.404,374.504,-1.0,0.1514,52.375501875,136.0,/home/josephluke/Program-Synthesis-for-Efficient-ML/results/hyperparameter_sweep/fine_v3/raw/mxint8_add_t30_i20_r03.json,/home/josephluke/Program-Synthesis-for-Efficient-ML/results/hyperparameter_sweep/fine_v3/raw/mxint8_add_t30_i20_r03.log
mxint8_add,mxint8_add,full_sum_v2,30,30,1,0,solved,solved,True,11,30,30,663.6569132097065,30.050397912040353,1044975,158602,783.4146783351898,4042,71,0,0,42.569,23.4913,1667.8823,-1.0,0.88,2.1466290625,48.0,/home/josephluke/Program-Synthesis-for-Efficient-ML/results/hyperparameter_sweep/fine_v3/raw/mxint8_add_t30_i30_r01.json,/home/josephluke/Program-Synthesis-for-Efficient-ML/results/hyperparameter_sweep/fine_v3/raw/mxint8_add_t30_i30_r01.log
mxint8_add,mxint8_add,full_sum_v2,30,30,2,0,solved,solved,True,9,30,30,419.0311704520136,30.050081929191947,612145,166251,538.7341141700745,4043,92,0,0,42.569,23.4913,2161.1996,-1.0,0.9020999999999999,1.774180625,48.0,/home/josephluke/Program-Synthesis-for-Efficient-ML/results/hyperparameter_sweep/fine_v3/raw/mxint8_add_t30_i30_r02.json,/home/josephluke/Program-Synthesis-for-Efficient-ML/results/hyperparameter_sweep/fine_v3/raw/mxint8_add_t30_i30_r02.log
mxint8_add,mxint8_add,full_sum_v2,30,30,3,0,solved,solved,True,9,30,30,2.6728988736867905,0.24442716874182224,39766,149,119.79202675819397,4044,26,0,0,69.425,14.404,374.504,-1.0,0.1531,52.45708,136.0,/home/josephluke/Program-Synthesis-for-Efficient-ML/results/hyperparameter_sweep/fine_v3/raw/mxint8_add_t30_i30_r03.json,/home/josephluke/Program-Synthesis-for-Efficient-ML/results/hyperparameter_sweep/fine_v3/raw/mxint8_add_t30_i30_r03.log
mxint8_add,mxint8_add,full_sum_v2,60,10,1,0,solved,solved,True,7,10,10,153.10897522047162,60.092973966151476,665302,282819,272.1969151496887,4042,71,0,0,42.569,23.4913,1667.8823,-1.0,0.8797,2.1211609375,48.0,/home/josephluke/Program-Synthesis-for-Efficient-ML/results/hyperparameter_sweep/fine_v3/raw/mxint8_add_t60_i10_r01.json,/home/josephluke/Program-Synthesis-for-Efficient-ML/results/hyperparameter_sweep/fine_v3/raw/mxint8_add_t60_i10_r01.log
mxint8_add,mxint8_add,full_sum_v2,60,10,2,0,solved,solved,True,2,10,10,2.7646822687238455,0.5928989425301552,45167,7417,121.34948635101318,4043,81,0,0,43.812,22.8248,1848.8088,-1.0,0.3226,15.72300046875,56.0,/home/josephluke/Program-Synthesis-for-Efficient-ML/results/hyperparameter_sweep/fine_v3/raw/mxint8_add_t60_i10_r02.json,/home/josephluke/Program-Synthesis-for-Efficient-ML/results/hyperparameter_sweep/fine_v3/raw/mxint8_add_t60_i10_r02.log
mxint8_add,mxint8_add,full_sum_v2,60,10,3,0,solved,solved,True,3,10,10,0.7473324798047543,0.12707025185227394,13226,2075,118.21359372138977,4044,26,0,0,69.425,14.404,374.504,-1.0,0.15130000000000002,52.38797515625,136.0,/home/josephluke/Program-Synthesis-for-Efficient-ML/results/hyperparameter_sweep/fine_v3/raw/mxint8_add_t60_i10_r03.json,/home/josephluke/Program-Synthesis-for-Efficient-ML/results/hyperparameter_sweep/fine_v3/raw/mxint8_add_t60_i10_r03.log
mxint8_add,mxint8_add,full_sum_v2,60,15,1,0,solved,solved,True,8,15,15,449.61439246311784,60.092664021998644,999105,333803,568.7711222171783,4042,71,0,0,42.569,23.4913,1667.8823,-1.0,0.8814,2.121613125,48.0,/home/josephluke/Program-Synthesis-for-Efficient-ML/results/hyperparameter_sweep/fine_v3/raw/mxint8_add_t60_i15_r01.json,/home/josephluke/Program-Synthesis-for-Efficient-ML/results/hyperparameter_sweep/fine_v3/raw/mxint8_add_t60_i15_r01.log
mxint8_add,mxint8_add,full_sum_v2,60,15,2,0,solved,solved,True,5,15,15,6.1321723982691765,1.3633671384304762,92264,16747,124.32748889923096,4043,57,0,0,43.812,22.8248,1301.0136,-1.0,0.3239,15.7356546875,56.0,/home/josephluke/Program-Synthesis-for-Efficient-ML/results/hyperparameter_sweep/fine_v3/raw/mxint8_add_t60_i15_r02.json,/home/josephluke/Program-Synthesis-for-Efficient-ML/results/hyperparameter_sweep/fine_v3/raw/mxint8_add_t60_i15_r02.log
mxint8_add,mxint8_add,full_sum_v2,60,15,3,0,solved,solved,True,4,15,15,1.4476840253919363,0.23830892145633698,24889,2819,115.47263360023499,4044,26,0,0,69.425,14.404,374.504,-1.0,0.1522,52.44974109375,136.0,/home/josephluke/Program-Synthesis-for-Efficient-ML/results/hyperparameter_sweep/fine_v3/raw/mxint8_add_t60_i15_r03.json,/home/josephluke/Program-Synthesis-for-Efficient-ML/results/hyperparameter_sweep/fine_v3/raw/mxint8_add_t60_i15_r03.log
mxint8_add,mxint8_add,full_sum_v2,60,20,1,0,solved,solved,True,9,20,20,737.9782685320824,60.097031434997916,1334178,335073,856.3744308948517,4042,71,0,0,42.569,23.4913,1667.8823,-1.0,0.8795999999999999,2.140016875,48.0,/home/josephluke/Program-Synthesis-for-Efficient-ML/results/hyperparameter_sweep/fine_v3/raw/mxint8_add_t60_i20_r01.json,/home/josephluke/Program-Synthesis-for-Efficient-ML/results/hyperparameter_sweep/fine_v3/raw/mxint8_add_t60_i20_r01.log
mxint8_add,mxint8_add,full_sum_v2,60,20,2,0,solved,solved,True,7,20,20,227.09586839564145,60.09610849991441,695611,255453,344.69753336906433,4043,92,0,0,42.569,23.4913,2161.1996,-1.0,0.9045000000000001,1.728156875,48.0,/home/josephluke/Program-Synthesis-for-Efficient-ML/results/hyperparameter_sweep/fine_v3/raw/mxint8_add_t60_i20_r02.json,/home/josephluke/Program-Synthesis-for-Efficient-ML/results/hyperparameter_sweep/fine_v3/raw/mxint8_add_t60_i20_r02.log
mxint8_add,mxint8_add,full_sum_v2,60,20,3,0,solved,solved,True,6,20,20,1.7873547691851854,0.2400678675621748,28916,149,117.29429149627686,4044,26,0,0,69.425,14.404,374.504,-1.0,0.1521,52.3303234375,136.0,/home/josephluke/Program-Synthesis-for-Efficient-ML/results/hyperparameter_sweep/fine_v3/raw/mxint8_add_t60_i20_r03.json,/home/josephluke/Program-Synthesis-for-Efficient-ML/results/hyperparameter_sweep/fine_v3/raw/mxint8_add_t60_i20_r03.log
mxint8_add,mxint8_add,full_sum_v2,60,30,1,0,solved,solved,True,9,30,30,1348.5925341136754,60.09448813833296,1333606,334501,1465.6118354797363,4042,71,0,0,42.569,23.4913,1667.8823,-1.0,0.8811,2.12094703125,48.0,/home/josephluke/Program-Synthesis-for-Efficient-ML/results/hyperparameter_sweep/fine_v3/raw/mxint8_add_t60_i30_r01.json,/home/josephluke/Program-Synthesis-for-Efficient-ML/results/hyperparameter_sweep/fine_v3/raw/mxint8_add_t60_i30_r01.log
mxint8_add,mxint8_add,full_sum_v2,60,30,2,0,solved,solved,True,8,30,30,825.4089847225696,60.094069140031934,1014696,319085,944.7624242305756,4043,92,0,0,42.569,23.4913,2161.1996,-1.0,0.9037999999999999,1.74413125,48.0,/home/josephluke/Program-Synthesis-for-Efficient-ML/results/hyperparameter_sweep/fine_v3/raw/mxint8_add_t60_i30_r02.json,/home/josephluke/Program-Synthesis-for-Efficient-ML/results/hyperparameter_sweep/fine_v3/raw/mxint8_add_t60_i30_r02.log
mxint8_add,mxint8_add,full_sum_v2,60,30,3,0,solved,solved,True,9,30,30,2.657397085800767,0.24034804478287697,39766,149,119.1733787059784,4044,26,0,0,69.425,14.404,374.504,-1.0,0.1521,52.4578834375,136.0,/home/josephluke/Program-Synthesis-for-Efficient-ML/results/hyperparameter_sweep/fine_v3/raw/mxint8_add_t60_i30_r03.json,/home/josephluke/Program-Synthesis-for-Efficient-ML/results/hyperparameter_sweep/fine_v3/raw/mxint8_add_t60_i30_r03.log
mxint8_add,mxint8_add,full_sum_v2,120,10,1,0,solved,solved,True,7,10,10,306.7703482620418,120.15918994322419,1170597,559047,424.562096118927,4042,81,0,0,42.569,23.4913,1902.7953,-1.0,0.7902,5.9204865625,96.0,/home/josephluke/Program-Synthesis-for-Efficient-ML/results/hyperparameter_sweep/fine_v3/raw/mxint8_add_t120_i10_r01.json,/home/josephluke/Program-Synthesis-for-Efficient-ML/results/hyperparameter_sweep/fine_v3/raw/mxint8_add_t120_i10_r01.log
mxint8_add,mxint8_add,full_sum_v2,120,10,2,0,solved,solved,True,2,10,10,2.7699617128819227,0.5914292894303799,45167,7417,119.70017910003662,4043,81,0,0,43.812,22.8248,1848.8088,-1.0,0.32409999999999994,15.7294459765625,56.0,/home/josephluke/Program-Synthesis-for-Efficient-ML/results/hyperparameter_sweep/fine_v3/raw/mxint8_add_t120_i10_r02.json,/home/josephluke/Program-Synthesis-for-Efficient-ML/results/hyperparameter_sweep/fine_v3/raw/mxint8_add_t120_i10_r02.log
mxint8_add,mxint8_add,full_sum_v2,120,10,3,0,solved,solved,True,3,10,10,0.7435273546725512,0.1245889961719513,13226,2075,117.98111701011658,4044,26,0,0,69.425,14.404,374.504,-1.0,0.1527,52.332905,136.0,/home/josephluke/Program-Synthesis-for-Efficient-ML/results/hyperparameter_sweep/fine_v3/raw/mxint8_add_t120_i10_r03.json,/home/josephluke/Program-Synthesis-for-Efficient-ML/results/hyperparameter_sweep/fine_v3/raw/mxint8_add_t120_i10_r03.log
mxint8_add,mxint8_add,full_sum_v2,120,15,1,0,solved,solved,True,7,15,15,907.1992853581905,120.16190815158188,1170597,559047,1026.8482284545898,4042,81,0,0,42.569,23.4913,1902.7953,-1.0,0.7926000000000001,5.9315578125,96.0,/home/josephluke/Program-Synthesis-for-Efficient-ML/results/hyperparameter_sweep/fine_v3/raw/mxint8_add_t120_i15_r01.json,/home/josephluke/Program-Synthesis-for-Efficient-ML/results/hyperparameter_sweep/fine_v3/raw/mxint8_add_t120_i15_r01.log
mxint8_add,mxint8_add,full_sum_v2,120,15,2,0,solved,solved,True,5,15,15,6.148441446945071,1.362997256219387,92264,16747,123.50107526779175,4043,57,0,0,43.812,22.8248,1301.0136,-1.0,0.32280000000000003,15.659690859375,56.0,/home/josephluke/Program-Synthesis-for-Efficient-ML/results/hyperparameter_sweep/fine_v3/raw/mxint8_add_t120_i15_r02.json,/home/josephluke/Program-Synthesis-for-Efficient-ML/results/hyperparameter_sweep/fine_v3/raw/mxint8_add_t120_i15_r02.log
mxint8_add,mxint8_add,full_sum_v2,120,15,3,0,solved,solved,True,4,15,15,1.4540437366813421,0.23931738175451756,24889,2819,118.53588819503784,4044,26,0,0,69.425,14.404,374.504,-1.0,0.1507,52.598396796875,136.0,/home/josephluke/Program-Synthesis-for-Efficient-ML/results/hyperparameter_sweep/fine_v3/raw/mxint8_add_t120_i15_r03.json,/home/josephluke/Program-Synthesis-for-Efficient-ML/results/hyperparameter_sweep/fine_v3/raw/mxint8_add_t120_i15_r03.log
mxint8_add,mxint8_add,full_sum_v2,120,20,1,0,solved,solved,True,8,20,20,1493.6793104745448,120.16151892393827,1741854,571257,1611.8043549060822,4042,81,0,0,42.569,23.4913,1902.7953,-1.0,0.7917000000000001,5.879720625,96.0,/home/josephluke/Program-Synthesis-for-Efficient-ML/results/hyperparameter_sweep/fine_v3/raw/mxint8_add_t120_i20_r01.json,/home/josephluke/Program-Synthesis-for-Efficient-ML/results/hyperparameter_sweep/fine_v3/raw/mxint8_add_t120_i20_r01.log
mxint8_add,mxint8_add,full_sum_v2,120,20,2,0,solved,solved,True,8,20,20,343.4478928744793,120.15682893432677,1341157,428874,462.6736488342285,4043,91,0,0,42.569,23.4913,2137.7083,-1.0,0.8629000000000001,2.289871875,56.0,/home/josephluke/Program-Synthesis-for-Efficient-ML/results/hyperparameter_sweep/fine_v3/raw/mxint8_add_t120_i20_r02.json,/home/josephluke/Program-Synthesis-for-Efficient-ML/results/hyperparameter_sweep/fine_v3/raw/mxint8_add_t120_i20_r02.log
mxint8_add,mxint8_add,full_sum_v2,120,20,3,0,solved,solved,True,6,20,20,1.7905554715543985,0.24282385222613811,28916,149,118.6006407737732,4044,26,0,0,69.425,14.404,374.504,-1.0,0.1509,52.650343203125,136.0,/home/josephluke/Program-Synthesis-for-Efficient-ML/results/hyperparameter_sweep/fine_v3/raw/mxint8_add_t120_i20_r03.json,/home/josephluke/Program-Synthesis-for-Efficient-ML/results/hyperparameter_sweep/fine_v3/raw/mxint8_add_t120_i20_r03.log
mxint8_add,mxint8_add,full_sum_v2,120,30,1,0,solved,solved,True,9,30,30,2688.69780376181,120.16237183660269,2313111,571257,2807.9346237182617,4042,81,0,0,42.569,23.4913,1902.7953,-1.0,0.7922,5.907295,96.0,/home/josephluke/Program-Synthesis-for-Efficient-ML/results/hyperparameter_sweep/fine_v3/raw/mxint8_add_t120_i30_r01.json,/home/josephluke/Program-Synthesis-for-Efficient-ML/results/hyperparameter_sweep/fine_v3/raw/mxint8_add_t120_i30_r01.log
mxint8_add,mxint8_add,full_sum_v2,120,30,2,0,solved,solved,True,10,30,30,1519.3829187285155,120.15819106437266,2408256,540443,1637.1254086494446,4043,91,0,0,42.569,23.4913,2137.7083,-1.0,0.8639,2.2908478125,56.0,/home/josephluke/Program-Synthesis-for-Efficient-ML/results/hyperparameter_sweep/fine_v3/raw/mxint8_add_t120_i30_r02.json,/home/josephluke/Program-Synthesis-for-Efficient-ML/results/hyperparameter_sweep/fine_v3/raw/mxint8_add_t120_i30_r02.log
mxint8_add,mxint8_add,full_sum_v2,120,30,3,0,solved,solved,True,9,30,30,2.6421586349606514,0.2410313654690981,39766,149,117.9917471408844,4044,26,0,0,69.425,14.404,374.504,-1.0,0.15259999999999999,52.3096703125,136.0,/home/josephluke/Program-Synthesis-for-Efficient-ML/results/hyperparameter_sweep/fine_v3/raw/mxint8_add_t120_i30_r03.json,/home/josephluke/Program-Synthesis-for-Efficient-ML/results/hyperparameter_sweep/fine_v3/raw/mxint8_add_t120_i30_r03.log
mxint8_add,mxint8_add,full_sum_v2,180,10,1,0,solved,solved,True,7,10,10,366.83247429318726,180.17888049967587,1170597,559047,482.6560881137848,4042,81,0,0,42.569,23.4913,1902.7953,-1.0,0.7917000000000001,5.8730915625,96.0,/home/josephluke/Program-Synthesis-for-Efficient-ML/results/hyperparameter_sweep/fine_v3/raw/mxint8_add_t180_i10_r01.json,/home/josephluke/Program-Synthesis-for-Efficient-ML/results/hyperparameter_sweep/fine_v3/raw/mxint8_add_t180_i10_r01.log
mxint8_add,mxint8_add,full_sum_v2,180,10,2,0,solved,solved,True,2,10,10,2.758357899263501,0.5888286530971527,45167,7417,119.54943895339966,4043,81,0,0,43.812,22.8248,1848.8088,-1.0,0.321,15.7426725,56.0,/home/josephluke/Program-Synthesis-for-Efficient-ML/results/hyperparameter_sweep/fine_v3/raw/mxint8_add_t180_i10_r02.json,/home/josephluke/Program-Synthesis-for-Efficient-ML/results/hyperparameter_sweep/fine_v3/raw/mxint8_add_t180_i10_r02.log
mxint8_add,mxint8_add,full_sum_v2,180,10,3,0,solved,solved,True,3,10,10,0.7470688112080097,0.12533342465758324,13226,2075,117.882395029068,4044,26,0,0,69.425,14.404,374.504,-1.0,0.152,52.42531375,136.0,/home/josephluke/Program-Synthesis-for-Efficient-ML/results/hyperparameter_sweep/fine_v3/raw/mxint8_add_t180_i10_r03.json,/home/josephluke/Program-Synthesis-for-Efficient-ML/results/hyperparameter_sweep/fine_v3/raw/mxint8_add_t180_i10_r03.log
mxint8_add,mxint8_add,full_sum_v2,180,15,1,0,solved,solved,True,8,15,15,1215.3176263924688,180.17977877892554,1846851,676254,1332.7061190605164,4042,81,0,0,42.569,23.4913,1902.7953,-1.0,0.7909999999999999,5.8854453125,96.0,/home/josephluke/Program-Synthesis-for-Efficient-ML/results/hyperparameter_sweep/fine_v3/raw/mxint8_add_t180_i15_r01.json,/home/josephluke/Program-Synthesis-for-Efficient-ML/results/hyperparameter_sweep/fine_v3/raw/mxint8_add_t180_i15_r01.log
mxint8_add,mxint8_add,full_sum_v2,180,15,2,0,solved,solved,True,5,15,15,6.130490779876709,1.3659657593816519,92264,16747,124.23796606063843,4043,57,0,0,43.812,22.8248,1301.0136,-1.0,0.32380000000000003,15.6421828125,56.0,/home/josephluke/Program-Synthesis-for-Efficient-ML/results/hyperparameter_sweep/fine_v3/raw/mxint8_add_t180_i15_r02.json,/home/josephluke/Program-Synthesis-for-Efficient-ML/results/hyperparameter_sweep/fine_v3/raw/mxint8_add_t180_i15_r02.log
mxint8_add,mxint8_add,full_sum_v2,180,15,3,0,solved,solved,True,4,15,15,1.4576530661433935,0.23840603604912758,24889,2819,118.80404996871948,4044,26,0,0,69.425,14.404,374.504,-1.0,0.1514,52.62856015625,136.0,/home/josephluke/Program-Synthesis-for-Efficient-ML/results/hyperparameter_sweep/fine_v3/raw/mxint8_add_t180_i15_r03.json,/home/josephluke/Program-Synthesis-for-Efficient-ML/results/hyperparameter_sweep/fine_v3/raw/mxint8_add_t180_i15_r03.log
mxint8_add,mxint8_add,full_sum_v2,180,20,1,0,solved,solved,True,9,20,20,2071.0329451858997,180.18107374943793,2525867,679016,2190.1268169879913,4042,81,0,0,42.569,23.4913,1902.7953,-1.0,0.7895,5.976394375,96.0,/home/josephluke/Program-Synthesis-for-Efficient-ML/results/hyperparameter_sweep/fine_v3/raw/mxint8_add_t180_i20_r01.json,/home/josephluke/Program-Synthesis-for-Efficient-ML/results/hyperparameter_sweep/fine_v3/raw/mxint8_add_t180_i20_r01.log
mxint8_add,mxint8_add,full_sum_v2,180,20,2,0,solved,solved,True,8,20,20,403.03401987813413,180.1815024279058,1341157,428874,522.4980299472809,4043,91,0,0,42.569,23.4913,2137.7083,-1.0,0.8647,2.2823728125,56.0,/home/josephluke/Program-Synthesis-for-Efficient-ML/results/hyperparameter_sweep/fine_v3/raw/mxint8_add_t180_i20_r02.json,/home/josephluke/Program-Synthesis-for-Efficient-ML/results/hyperparameter_sweep/fine_v3/raw/mxint8_add_t180_i20_r02.log
mxint8_add,mxint8_add,full_sum_v2,180,20,3,0,solved,solved,True,6,20,20,1.7749815043061972,0.23662692494690418,28916,149,119.26428604125977,4044,26,0,0,69.425,14.404,374.504,-1.0,0.1495,52.66433390625,136.0,/home/josephluke/Program-Synthesis-for-Efficient-ML/results/hyperparameter_sweep/fine_v3/raw/mxint8_add_t180_i20_r03.json,/home/josephluke/Program-Synthesis-for-Efficient-ML/results/hyperparameter_sweep/fine_v3/raw/mxint8_add_t180_i20_r03.log
mxint8_add,mxint8_add,full_sum_v2,180,30,1,0,solved,solved,True,13,30,30,3805.1316045969725,180.18306854739785,5294863,696660,3924.454685688019,4042,81,0,0,42.569,23.4913,1902.7953,-1.0,0.7901,5.95126,96.0,/home/josephluke/Program-Synthesis-for-Efficient-ML/results/hyperparameter_sweep/fine_v3/raw/mxint8_add_t180_i30_r01.json,/home/josephluke/Program-Synthesis-for-Efficient-ML/results/hyperparameter_sweep/fine_v3/raw/mxint8_add_t180_i30_r01.log
mxint8_add,mxint8_add,full_sum_v2,180,30,2,0,solved,solved,True,12,30,30,1989.235929807648,180.1824020240456,3623505,674806,2109.343155145645,4043,91,0,0,42.569,23.4913,2137.7083,-1.0,0.8648,2.269743125,56.0,/home/josephluke/Program-Synthesis-for-Efficient-ML/results/hyperparameter_sweep/fine_v3/raw/mxint8_add_t180_i30_r02.json,/home/josephluke/Program-Synthesis-for-Efficient-ML/results/hyperparameter_sweep/fine_v3/raw/mxint8_add_t180_i30_r02.log
mxint8_add,mxint8_add,full_sum_v2,180,30,3,0,solved,solved,True,9,30,30,2.655424300581217,0.2406584918498993,39766,149,120.05532336235046,4044,26,0,0,69.425,14.404,374.504,-1.0,0.1519,52.29948375,136.0,/home/josephluke/Program-Synthesis-for-Efficient-ML/results/hyperparameter_sweep/fine_v3/raw/mxint8_add_t180_i30_r03.json,/home/josephluke/Program-Synthesis-for-Efficient-ML/results/hyperparameter_sweep/fine_v3/raw/mxint8_add_t180_i30_r03.log
mxint8_add,mxint8_add,full_sum_v2,300,10,1,0,solved,solved,True,8,10,10,552.3717231359333,253.6244129948318,2912420,1209653,671.6903021335602,4042,81,0,0,42.569,23.4913,1902.7953,-1.0,0.7907,5.86550125,96.0,/home/josephluke/Program-Synthesis-for-Efficient-ML/results/hyperparameter_sweep/fine_v3/raw/mxint8_add_t300_i10_r01.json,/home/josephluke/Program-Synthesis-for-Efficient-ML/results/hyperparameter_sweep/fine_v3/raw/mxint8_add_t300_i10_r01.log
mxint8_add,mxint8_add,full_sum_v2,300,10,2,0,solved,solved,True,2,10,10,2.772051550447941,0.5972348395735025,45167,7417,120.75489735603333,4043,81,0,0,43.812,22.8248,1848.8088,-1.0,0.32189999999999996,15.8206365625,56.0,/home/josephluke/Program-Synthesis-for-Efficient-ML/results/hyperparameter_sweep/fine_v3/raw/mxint8_add_t300_i10_r02.json,/home/josephluke/Program-Synthesis-for-Efficient-ML/results/hyperparameter_sweep/fine_v3/raw/mxint8_add_t300_i10_r02.log
mxint8_add,mxint8_add,full_sum_v2,300,10,3,0,solved,solved,True,3,10,10,0.7459815703332424,0.12544425576925278,13226,2075,118.05017614364624,4044,26,0,0,69.425,14.404,374.504,-1.0,0.1532,52.4218709375,136.0,/home/josephluke/Program-Synthesis-for-Efficient-ML/results/hyperparameter_sweep/fine_v3/raw/mxint8_add_t300_i10_r03.json,/home/josephluke/Program-Synthesis-for-Efficient-ML/results/hyperparameter_sweep/fine_v3/raw/mxint8_add_t300_i10_r03.log
mxint8_add,mxint8_add,full_sum_v2,300,15,1,0,solved,solved,True,8,15,15,2049.826205784455,300.22247957997024,2912420,1209653,2169.116372823715,4042,81,0,0,42.569,23.4913,1902.7953,-1.0,0.7923,5.890796875,96.0,/home/josephluke/Program-Synthesis-for-Efficient-ML/results/hyperparameter_sweep/fine_v3/raw/mxint8_add_t300_i15_r01.json,/home/josephluke/Program-Synthesis-for-Efficient-ML/results/hyperparameter_sweep/fine_v3/raw/mxint8_add_t300_i15_r01.log
mxint8_add,mxint8_add,full_sum_v2,300,15,2,0,solved,solved,True,5,15,15,6.112528141587973,1.3551447968930006,92264,16747,124.73396325111389,4043,57,0,0,43.812,22.8248,1301.0136,-1.0,0.3212,15.77381625,56.0,/home/josephluke/Program-Synthesis-for-Efficient-ML/results/hyperparameter_sweep/fine_v3/raw/mxint8_add_t300_i15_r02.json,/home/josephluke/Program-Synthesis-for-Efficient-ML/results/hyperparameter_sweep/fine_v3/raw/mxint8_add_t300_i15_r02.log
mxint8_add,mxint8_add,full_sum_v2,300,15,3,0,solved,solved,True,4,15,15,1.4530042838305235,0.2380594965070486,24889,2819,116.83696150779724,4044,26,0,0,69.425,14.404,374.504,-1.0,0.1506,52.6783553125,136.0,/home/josephluke/Program-Synthesis-for-Efficient-ML/results/hyperparameter_sweep/fine_v3/raw/mxint8_add_t300_i15_r03.json,/home/josephluke/Program-Synthesis-for-Efficient-ML/results/hyperparameter_sweep/fine_v3/raw/mxint8_add_t300_i15_r03.log
mxint8_add,mxint8_add,full_sum_v2,300,20,1,0,solved,solved,True,9,20,20,3526.982478549704,300.22331540845335,4124803,1212383,3645.7795639038086,4042,81,0,0,42.569,23.4913,1902.7953,-1.0,0.7901,5.91785234375,96.0,/home/josephluke/Program-Synthesis-for-Efficient-ML/results/hyperparameter_sweep/fine_v3/raw/mxint8_add_t300_i20_r01.json,/home/josephluke/Program-Synthesis-for-Efficient-ML/results/hyperparameter_sweep/fine_v3/raw/mxint8_add_t300_i20_r01.log
mxint8_add,mxint8_add,full_sum_v2,300,20,2,0,solved,solved,True,9,20,20,427.4457981418818,203.05127771571279,2315760,974603,546.9788019657135,4043,91,0,0,42.569,23.4913,2137.7083,-1.0,0.8626,2.2931275,56.0,/home/josephluke/Program-Synthesis-for-Efficient-ML/results/hyperparameter_sweep/fine_v3/raw/mxint8_add_t300_i20_r02.json,/home/josephluke/Program-Synthesis-for-Efficient-ML/results/hyperparameter_sweep/fine_v3/raw/mxint8_add_t300_i20_r02.log
mxint8_add,mxint8_add,full_sum_v2,300,20,3,0,solved,solved,True,6,20,20,1.7836137544363737,0.23907332867383957,28916,149,116.79814076423645,4044,26,0,0,69.425,14.404,374.504,-1.0,0.1514,52.41789671875,136.0,/home/josephluke/Program-Synthesis-for-Efficient-ML/results/hyperparameter_sweep/fine_v3/raw/mxint8_add_t300_i20_r03.json,/home/josephluke/Program-Synthesis-for-Efficient-ML/results/hyperparameter_sweep/fine_v3/raw/mxint8_add_t300_i20_r03.log
mxint8_add,mxint8_add,full_sum_v2,300,30,1,0,solved,solved,True,9,30,30,6519.183334335685,300.2274854555726,4324221,1411801,6636.465402126312,4042,81,0,0,42.569,23.4913,1902.7953,-1.0,0.7901,5.9654925,96.0,/home/josephluke/Program-Synthesis-for-Efficient-ML/results/hyperparameter_sweep/fine_v3/raw/mxint8_add_t300_i30_r01.json,/home/josephluke/Program-Synthesis-for-Efficient-ML/results/hyperparameter_sweep/fine_v3/raw/mxint8_add_t300_i30_r01.log
mxint8_add,mxint8_add,full_sum_v2,300,30,2,0,solved,solved,True,11,30,30,3370.8098144978285,300.2125992104411,4665458,1242959,3490.5714762210846,4043,91,0,0,42.569,23.4913,2137.7083,-1.0,0.8654999999999999,2.2618671875,56.0,/home/josephluke/Program-Synthesis-for-Efficient-ML/results/hyperparameter_sweep/fine_v3/raw/mxint8_add_t300_i30_r02.json,/home/josephluke/Program-Synthesis-for-Efficient-ML/results/hyperparameter_sweep/fine_v3/raw/mxint8_add_t300_i30_r02.log
mxint8_add,mxint8_add,full_sum_v2,300,30,3,0,solved,solved,True,9,30,30,2.656976420432329,0.2425760179758072,39766,149,119.98189067840576,4044,26,0,0,69.425,14.404,374.504,-1.0,0.1523,52.388556875,136.0,/home/josephluke/Program-Synthesis-for-Efficient-ML/results/hyperparameter_sweep/fine_v3/raw/mxint8_add_t300_i30_r03.json,/home/josephluke/Program-Synthesis-for-Efficient-ML/results/hyperparameter_sweep/fine_v3/raw/mxint8_add_t300_i30_r03.log
mxint8_mul,mxint8_mul,full_product_v2,30,10,1,0,solved,solved,True,8,10,10,0.6713471654802561,0.5272584669291973,105384,108,117.17301273345947,5042,15,0,0,301.568,3.316,49.739999999999995,-1.0,0.6362,18.14078727050781,224.0,/home/josephluke/Program-Synthesis-for-Efficient-ML/results/hyperparameter_sweep/fine_v3/raw/mxint8_mul_t30_i10_r01.json,/home/josephluke/Program-Synthesis-for-Efficient-ML/results/hyperparameter_sweep/fine_v3/raw/mxint8_mul_t30_i10_r01.log
mxint8_mul,mxint8_mul,full_product_v2,30,10,2,0,solved,solved,True,6,10,10,1.455697687342763,1.0079725943505764,235180,176681,117.81325030326843,5043,15,0,0,301.568,3.316,49.739999999999995,-1.0,0.6386,18.025857451171873,224.0,/home/josephluke/Program-Synthesis-for-Efficient-ML/results/hyperparameter_sweep/fine_v3/raw/mxint8_mul_t30_i10_r02.json,/home/josephluke/Program-Synthesis-for-Efficient-ML/results/hyperparameter_sweep/fine_v3/raw/mxint8_mul_t30_i10_r02.log
mxint8_mul,mxint8_mul,full_product_v2,30,10,3,0,solved,solved,True,3,10,10,2.4395305514335632,0.6347106378525496,431119,12556,118.68601202964783,5044,23,0,0,427.35,2.34,53.81999999999999,-1.0,0.8606999999999999,6.718179194335938,128.0,/home/josephluke/Program-Synthesis-for-Efficient-ML/results/hyperparameter_sweep/fine_v3/raw/mxint8_mul_t30_i10_r03.json,/home/josephluke/Program-Synthesis-for-Efficient-ML/results/hyperparameter_sweep/fine_v3/raw/mxint8_mul_t30_i10_r03.log
mxint8_mul,mxint8_mul,full_product_v2,30,15,1,0,solved,solved,True,10,15,15,3.1494471076875925,1.0958930030465126,534520,114,119.19025135040283,5042,15,0,0,301.568,3.316,49.739999999999995,-1.0,0.6383,18.008444189453126,224.0,/home/josephluke/Program-Synthesis-for-Efficient-ML/results/hyperparameter_sweep/fine_v3/raw/mxint8_mul_t30_i15_r01.json,/home/josephluke/Program-Synthesis-for-Efficient-ML/results/hyperparameter_sweep/fine_v3/raw/mxint8_mul_t30_i15_r01.log
mxint8_mul,mxint8_mul,full_product_v2,30,15,2,0,solved,solved,True,6,15,15,4.586874274536967,1.0507042426615953,841548,210460,121.06144404411316,5043,15,0,0,301.568,3.316,49.739999999999995,-1.0,0.636,18.047323637695314,224.0,/home/josephluke/Program-Synthesis-for-Efficient-ML/results/hyperparameter_sweep/fine_v3/raw/mxint8_mul_t30_i15_r02.json,/home/josephluke/Program-Synthesis-for-Efficient-ML/results/hyperparameter_sweep/fine_v3/raw/mxint8_mul_t30_i15_r02.log
mxint8_mul,mxint8_mul,full_product_v2,30,15,3,0,solved,solved,True,6,15,15,3.188237240538001,0.6350398045033216,555542,22,119.33018064498901,5044,23,0,0,427.35,2.34,53.81999999999999,-1.0,0.8597,6.80650451171875,128.0,/home/josephluke/Program-Synthesis-for-Efficient-ML/results/hyperparameter_sweep/fine_v3/raw/mxint8_mul_t30_i15_r03.json,/home/josephluke/Program-Synthesis-for-Efficient-ML/results/hyperparameter_sweep/fine_v3/raw/mxint8_mul_t30_i15_r03.log
mxint8_mul,mxint8_mul,full_product_v2,30,20,1,0,solved,solved,True,14,20,20,5.230518845841289,2.0675082355737686,924466,389466,121.44258284568787,5042,15,0,0,301.568,3.316,49.739999999999995,-1.0,0.6394,17.921238896484375,224.0,/home/josephluke/Program-Synthesis-for-Efficient-ML/results/hyperparameter_sweep/fine_v3/raw/mxint8_mul_t30_i20_r01.json,/home/josephluke/Program-Synthesis-for-Efficient-ML/results/hyperparameter_sweep/fine_v3/raw/mxint8_mul_t30_i20_r01.log
mxint8_mul,mxint8_mul,full_product_v2,30,20,2,0,solved,solved,True,7,20,20,7.966623786836863,1.053863724693656,1514886,108,124.28484225273132,5043,15,0,0,301.568,3.316,49.739999999999995,-1.0,0.6363,18.254433159179687,224.0,/home/josephluke/Program-Synthesis-for-Efficient-ML/results/hyperparameter_sweep/fine_v3/raw/mxint8_mul_t30_i20_r02.json,/home/josephluke/Program-Synthesis-for-Efficient-ML/results/hyperparameter_sweep/fine_v3/raw/mxint8_mul_t30_i20_r02.log
mxint8_mul,mxint8_mul,full_product_v2,30,20,3,0,solved,solved,True,8,20,20,60.4752272348851,19.379986070096493,11896979,3780569,176.675466299057,5044,23,0,0,427.35,2.34,53.81999999999999,-1.0,0.858,6.86856732421875,128.0,/home/josephluke/Program-Synthesis-for-Efficient-ML/results/hyperparameter_sweep/fine_v3/raw/mxint8_mul_t30_i20_r03.json,/home/josephluke/Program-Synthesis-for-Efficient-ML/results/hyperparameter_sweep/fine_v3/raw/mxint8_mul_t30_i20_r03.log
mxint8_mul,mxint8_mul,full_product_v2,30,30,1,0,solved,solved,True,22,30,30,9.697569685056806,2.2172098141163588,1704369,126,125.66151237487793,5042,15,0,0,301.568,3.316,49.739999999999995,-1.0,0.6369,18.129229067382813,224.0,/home/josephluke/Program-Synthesis-for-Efficient-ML/results/hyperparameter_sweep/fine_v3/raw/mxint8_mul_t30_i30_r01.json,/home/josephluke/Program-Synthesis-for-Efficient-ML/results/hyperparameter_sweep/fine_v3/raw/mxint8_mul_t30_i30_r01.log
mxint8_mul,mxint8_mul,full_product_v2,30,30,2,0,solved,solved,True,13,30,30,20.25838216021657,5.086364235728979,3944171,126,136.37304854393005,5043,15,0,0,301.568,3.316,49.739999999999995,-1.0,0.6376,18.077610092773437,224.0,/home/josephluke/Program-Synthesis-for-Efficient-ML/results/hyperparameter_sweep/fine_v3/raw/mxint8_mul_t30_i30_r02.json,/home/josephluke/Program-Synthesis-for-Efficient-ML/results/hyperparameter_sweep/fine_v3/raw/mxint8_mul_t30_i30_r02.log
mxint8_mul,mxint8_mul,full_product_v2,30,30,3,0,solved,solved,True,12,30,30,184.8960119187832,26.79667634703219,35616652,22,301.3016335964203,5044,23,0,0,427.35,2.34,53.81999999999999,-1.0,0.8592,6.746675322265625,128.0,/home/josephluke/Program-Synthesis-for-Efficient-ML/results/hyperparameter_sweep/fine_v3/raw/mxint8_mul_t30_i30_r03.json,/home/josephluke/Program-Synthesis-for-Efficient-ML/results/hyperparameter_sweep/fine_v3/raw/mxint8_mul_t30_i30_r03.log
mxint8_mul,mxint8_mul,full_product_v2,60,10,1,0,solved,solved,True,8,10,10,0.6694048643112183,0.5253377072513103,105384,108,116.84117221832275,5042,15,0,0,301.568,3.316,49.739999999999995,-1.0,0.6396000000000001,17.979558046875,224.0,/home/josephluke/Program-Synthesis-for-Efficient-ML/results/hyperparameter_sweep/fine_v3/raw/mxint8_mul_t60_i10_r01.json,/home/josephluke/Program-Synthesis-for-Efficient-ML/results/hyperparameter_sweep/fine_v3/raw/mxint8_mul_t60_i10_r01.log
mxint8_mul,mxint8_mul,full_product_v2,60,10,2,0,solved,solved,True,6,10,10,1.4650034867227077,1.0191799830645323,235180,176681,117.39993000030518,5043,15,0,0,301.568,3.316,49.739999999999995,-1.0,0.6349,18.23355607910156,224.0,/home/josephluke/Program-Synthesis-for-Efficient-ML/results/hyperparameter_sweep/fine_v3/raw/mxint8_mul_t60_i10_r02.json,/home/josephluke/Program-Synthesis-for-Efficient-ML/results/hyperparameter_sweep/fine_v3/raw/mxint8_mul_t60_i10_r02.log
mxint8_mul,mxint8_mul,full_product_v2,60,10,3,0,solved,solved,True,3,10,10,2.4309181459248066,0.6310444884002209,431119,12556,118.49472403526306,5044,23,0,0,427.35,2.34,53.81999999999999,-1.0,0.8590000000000001,6.859298305664063,128.0,/home/josephluke/Program-Synthesis-for-Efficient-ML/results/hyperparameter_sweep/fine_v3/raw/mxint8_mul_t60_i10_r03.json,/home/josephluke/Program-Synthesis-for-Efficient-ML/results/hyperparameter_sweep/fine_v3/raw/mxint8_mul_t60_i10_r03.log
mxint8_mul,mxint8_mul,full_product_v2,60,15,1,0,solved,solved,True,10,15,15,3.125884920358658,1.0927430670708418,534520,114,119.27367973327637,5042,15,0,0,301.568,3.316,49.739999999999995,-1.0,0.6375,18.011187412109376,224.0,/home/josephluke/Program-Synthesis-for-Efficient-ML/results/hyperparameter_sweep/fine_v3/raw/mxint8_mul_t60_i15_r01.json,/home/josephluke/Program-Synthesis-for-Efficient-ML/results/hyperparameter_sweep/fine_v3/raw/mxint8_mul_t60_i15_r01.log
mxint8_mul,mxint8_mul,full_product_v2,60,15,2,0,solved,solved,True,6,15,15,4.605656407773495,1.0597331505268812,841548,210460,121.07543778419495,5043,15,0,0,301.568,3.316,49.739999999999995,-1.0,0.6385000000000001,18.125692294921876,224.0,/home/josephluke/Program-Synthesis-for-Efficient-ML/results/hyperparameter_sweep/fine_v3/raw/mxint8_mul_t60_i15_r02.json,/home/josephluke/Program-Synthesis-for-Efficient-ML/results/hyperparameter_sweep/fine_v3/raw/mxint8_mul_t60_i15_r02.log
mxint8_mul,mxint8_mul,full_product_v2,60,15,3,0,solved,solved,True,6,15,15,3.171834835782647,0.6305718440562487,555542,22,115.90422058105469,5044,23,0,0,427.35,2.34,53.81999999999999,-1.0,0.8597,6.951004228515625,128.0,/home/josephluke/Program-Synthesis-for-Efficient-ML/results/hyperparameter_sweep/fine_v3/raw/mxint8_mul_t60_i15_r03.json,/home/josephluke/Program-Synthesis-for-Efficient-ML/results/hyperparameter_sweep/fine_v3/raw/mxint8_mul_t60_i15_r03.log
mxint8_mul,mxint8_mul,full_product_v2,60,20,1,0,solved,solved,True,14,20,20,5.239602727815509,2.069441867992282,924466,389466,120.45539665222168,5042,15,0,0,301.568,3.316,49.739999999999995,-1.0,0.6384000000000001,18.019958520507814,224.0,/home/josephluke/Program-Synthesis-for-Efficient-ML/results/hyperparameter_sweep/fine_v3/raw/mxint8_mul_t60_i20_r01.json,/home/josephluke/Program-Synthesis-for-Efficient-ML/results/hyperparameter_sweep/fine_v3/raw/mxint8_mul_t60_i20_r01.log
mxint8_mul,mxint8_mul,full_product_v2,60,20,2,0,solved,solved,True,7,20,20,7.977802447974682,1.0550418570637703,1514886,108,123.93956637382507,5043,15,0,0,301.568,3.316,49.739999999999995,-1.0,0.6405,17.973939326171877,224.0,/home/josephluke/Program-Synthesis-for-Efficient-ML/results/hyperparameter_sweep/fine_v3/raw/mxint8_mul_t60_i20_r02.json,/home/josephluke/Program-Synthesis-for-Efficient-ML/results/hyperparameter_sweep/fine_v3/raw/mxint8_mul_t60_i20_r02.log
mxint8_mul,mxint8_mul,full_product_v2,60,20,3,0,solved,solved,True,8,20,20,60.34397547133267,19.273847069591284,11896979,3780569,176.50083661079407,5044,23,0,0,427.35,2.34,53.81999999999999,-1.0,0.8584999999999999,6.760069912109375,128.0,/home/josephluke/Program-Synthesis-for-Efficient-ML/results/hyperparameter_sweep/fine_v3/raw/mxint8_mul_t60_i20_r03.json,/home/josephluke/Program-Synthesis-for-Efficient-ML/results/hyperparameter_sweep/fine_v3/raw/mxint8_mul_t60_i20_r03.log
mxint8_mul,mxint8_mul,full_product_v2,60,30,1,0,solved,solved,True,22,30,30,9.802798317745328,2.2354618795216084,1704369,126,125.55186629295349,5042,15,0,0,301.568,3.316,49.739999999999995,-1.0,0.6378,18.14999533203125,224.0,/home/josephluke/Program-Synthesis-for-Efficient-ML/results/hyperparameter_sweep/fine_v3/raw/mxint8_mul_t60_i30_r01.json,/home/josephluke/Program-Synthesis-for-Efficient-ML/results/hyperparameter_sweep/fine_v3/raw/mxint8_mul_t60_i30_r01.log
mxint8_mul,mxint8_mul,full_product_v2,60,30,2,0,solved,solved,True,13,30,30,20.393185587599874,5.104399975389242,3944171,126,137.10984587669373,5043,15,0,0,301.568,3.316,49.739999999999995,-1.0,0.6361,18.06321509765625,224.0,/home/josephluke/Program-Synthesis-for-Efficient-ML/results/hyperparameter_sweep/fine_v3/raw/mxint8_mul_t60_i30_r02.json,/home/josephluke/Program-Synthesis-for-Efficient-ML/results/hyperparameter_sweep/fine_v3/raw/mxint8_mul_t60_i30_r02.log
mxint8_mul,mxint8_mul,full_product_v2,60,30,3,0,solved,solved,True,12,30,30,185.432889200747,26.825824519619346,35616652,22,301.7539162635803,5044,23,0,0,427.35,2.34,53.81999999999999,-1.0,0.8597,6.852315649414063,128.0,/home/josephluke/Program-Synthesis-for-Efficient-ML/results/hyperparameter_sweep/fine_v3/raw/mxint8_mul_t60_i30_r03.json,/home/josephluke/Program-Synthesis-for-Efficient-ML/results/hyperparameter_sweep/fine_v3/raw/mxint8_mul_t60_i30_r03.log
mxint8_mul,mxint8_mul,full_product_v2,120,10,1,0,solved,solved,True,8,10,10,0.6702623870223761,0.5257491879165173,105384,108,116.99910688400269,5042,15,0,0,301.568,3.316,49.739999999999995,-1.0,0.6386,17.940830239257814,224.0,/home/josephluke/Program-Synthesis-for-Efficient-ML/results/hyperparameter_sweep/fine_v3/raw/mxint8_mul_t120_i10_r01.json,/home/josephluke/Program-Synthesis-for-Efficient-ML/results/hyperparameter_sweep/fine_v3/raw/mxint8_mul_t120_i10_r01.log
mxint8_mul,mxint8_mul,full_product_v2,120,10,2,0,solved,solved,True,6,10,10,1.4786279387772083,1.0293891821056604,235180,176681,117.67590689659119,5043,15,0,0,301.568,3.316,49.739999999999995,-1.0,0.6355,18.12549402832031,224.0,/home/josephluke/Program-Synthesis-for-Efficient-ML/results/hyperparameter_sweep/fine_v3/raw/mxint8_mul_t120_i10_r02.json,/home/josephluke/Program-Synthesis-for-Efficient-ML/results/hyperparameter_sweep/fine_v3/raw/mxint8_mul_t120_i10_r02.log
mxint8_mul,mxint8_mul,full_product_v2,120,10,3,0,solved,solved,True,3,10,10,2.4340218622237444,0.6316111702471972,431119,12556,119.1050353050232,5044,23,0,0,427.35,2.34,53.81999999999999,-1.0,0.8591,6.863297607421875,128.0,/home/josephluke/Program-Synthesis-for-Efficient-ML/results/hyperparameter_sweep/fine_v3/raw/mxint8_mul_t120_i10_r03.json,/home/josephluke/Program-Synthesis-for-Efficient-ML/results/hyperparameter_sweep/fine_v3/raw/mxint8_mul_t120_i10_r03.log
mxint8_mul,mxint8_mul,full_product_v2,120,15,1,0,solved,solved,True,10,15,15,3.118014791980386,1.092085799202323,534520,114,117.56222772598267,5042,15,0,0,301.568,3.316,49.739999999999995,-1.0,0.6364,17.98562029785156,224.0,/home/josephluke/Program-Synthesis-for-Efficient-ML/results/hyperparameter_sweep/fine_v3/raw/mxint8_mul_t120_i15_r01.json,/home/josephluke/Program-Synthesis-for-Efficient-ML/results/hyperparameter_sweep/fine_v3/raw/mxint8_mul_t120_i15_r01.log
mxint8_mul,mxint8_mul,full_product_v2,120,15,2,0,solved,solved,True,6,15,15,4.578667903319001,1.0438061226159334,841548,210460,121.36230754852295,5043,15,0,0,301.568,3.316,49.739999999999995,-1.0,0.6396000000000001,17.996397392578125,224.0,/home/josephluke/Program-Synthesis-for-Efficient-ML/results/hyperparameter_sweep/fine_v3/raw/mxint8_mul_t120_i15_r02.json,/home/josephluke/Program-Synthesis-for-Efficient-ML/results/hyperparameter_sweep/fine_v3/raw/mxint8_mul_t120_i15_r02.log
mxint8_mul,mxint8_mul,full_product_v2,120,15,3,0,solved,solved,True,6,15,15,3.220606580376625,0.6413108874112368,555542,22,119.47357892990112,5044,23,0,0,427.35,2.34,53.81999999999999,-1.0,0.8593999999999999,6.780140888671875,128.0,/home/josephluke/Program-Synthesis-for-Efficient-ML/results/hyperparameter_sweep/fine_v3/raw/mxint8_mul_t120_i15_r03.json,/home/josephluke/Program-Synthesis-for-Efficient-ML/results/hyperparameter_sweep/fine_v3/raw/mxint8_mul_t120_i15_r03.log
mxint8_mul,mxint8_mul,full_product_v2,120,20,1,0,solved,solved,True,14,20,20,5.270655298605561,2.074393678456545,924466,389466,121.85871505737305,5042,15,0,0,301.568,3.316,49.739999999999995,-1.0,0.6391,17.929545625,224.0,/home/josephluke/Program-Synthesis-for-Efficient-ML/results/hyperparameter_sweep/fine_v3/raw/mxint8_mul_t120_i20_r01.json,/home/josephluke/Program-Synthesis-for-Efficient-ML/results/hyperparameter_sweep/fine_v3/raw/mxint8_mul_t120_i20_r01.log
mxint8_mul,mxint8_mul,full_product_v2,120,20,2,0,solved,solved,True,7,20,20,7.98637467995286,1.0607526432722807,1514886,108,124.14603757858276,5043,15,0,0,301.568,3.316,49.739999999999995,-1.0,0.639,18.01259046875,224.0,/home/josephluke/Program-Synthesis-for-Efficient-ML/results/hyperparameter_sweep/fine_v3/raw/mxint8_mul_t120_i20_r02.json,/home/josephluke/Program-Synthesis-for-Efficient-ML/results/hyperparameter_sweep/fine_v3/raw/mxint8_mul_t120_i20_r02.log
mxint8_mul,mxint8_mul,full_product_v2,120,20,3,0,solved,solved,True,8,20,20,60.61308048851788,19.44437214359641,11896979,3780569,176.90563559532166,5044,23,0,0,427.35,2.34,53.81999999999999,-1.0,0.8581,6.87579244140625,128.0,/home/josephluke/Program-Synthesis-for-Efficient-ML/results/hyperparameter_sweep/fine_v3/raw/mxint8_mul_t120_i20_r03.json,/home/josephluke/Program-Synthesis-for-Efficient-ML/results/hyperparameter_sweep/fine_v3/raw/mxint8_mul_t120_i20_r03.log
mxint8_mul,mxint8_mul,full_product_v2,120,30,1,0,solved,solved,True,22,30,30,9.739137668162584,2.249442106112838,1704369,126,126.4538471698761,5042,15,0,0,301.568,3.316,49.739999999999995,-1.0,0.6384000000000001,18.020677553710936,224.0,/home/josephluke/Program-Synthesis-for-Efficient-ML/results/hyperparameter_sweep/fine_v3/raw/mxint8_mul_t120_i30_r01.json,/home/josephluke/Program-Synthesis-for-Efficient-ML/results/hyperparameter_sweep/fine_v3/raw/mxint8_mul_t120_i30_r01.log
mxint8_mul,mxint8_mul,full_product_v2,120,30,2,0,solved,solved,True,13,30,30,20.379570834338665,5.1136989165097475,3944171,126,136.4280264377594,5043,15,0,0,301.568,3.316,49.739999999999995,-1.0,0.6371,17.991465068359375,224.0,/home/josephluke/Program-Synthesis-for-Efficient-ML/results/hyperparameter_sweep/fine_v3/raw/mxint8_mul_t120_i30_r02.json,/home/josephluke/Program-Synthesis-for-Efficient-ML/results/hyperparameter_sweep/fine_v3/raw/mxint8_mul_t120_i30_r02.log
mxint8_mul,mxint8_mul,full_product_v2,120,30,3,0,solved,solved,True,12,30,30,185.63886307924986,26.87514054775238,35616652,22,302.00356435775757,5044,23,0,0,427.35,2.34,53.81999999999999,-1.0,0.8601000000000001,6.781910112304687,128.0,/home/josephluke/Program-Synthesis-for-Efficient-ML/results/hyperparameter_sweep/fine_v3/raw/mxint8_mul_t120_i30_r03.json,/home/josephluke/Program-Synthesis-for-Efficient-ML/results/hyperparameter_sweep/fine_v3/raw/mxint8_mul_t120_i30_r03.log
mxint8_mul,mxint8_mul,full_product_v2,180,10,1,0,solved,solved,True,8,10,10,0.6703651696443558,0.5273721348494291,105384,108,117.56407928466797,5042,15,0,0,301.568,3.316,49.739999999999995,-1.0,0.6346,18.152831591796875,224.0,/home/josephluke/Program-Synthesis-for-Efficient-ML/results/hyperparameter_sweep/fine_v3/raw/mxint8_mul_t180_i10_r01.json,/home/josephluke/Program-Synthesis-for-Efficient-ML/results/hyperparameter_sweep/fine_v3/raw/mxint8_mul_t180_i10_r01.log
mxint8_mul,mxint8_mul,full_product_v2,180,10,2,0,solved,solved,True,6,10,10,1.46554915048182,1.0160746667534113,235180,176681,117.28027820587158,5043,15,0,0,301.568,3.316,49.739999999999995,-1.0,0.6361,18.171661723632813,224.0,/home/josephluke/Program-Synthesis-for-Efficient-ML/results/hyperparameter_sweep/fine_v3/raw/mxint8_mul_t180_i10_r02.json,/home/josephluke/Program-Synthesis-for-Efficient-ML/results/hyperparameter_sweep/fine_v3/raw/mxint8_mul_t180_i10_r02.log
mxint8_mul,mxint8_mul,full_product_v2,180,10,3,0,solved,solved,True,3,10,10,2.4515707343816757,0.6419578157365322,431119,12556,117.51351714134216,5044,23,0,0,427.35,2.34,53.81999999999999,-1.0,0.8567,6.952237133789063,128.0,/home/josephluke/Program-Synthesis-for-Efficient-ML/results/hyperparameter_sweep/fine_v3/raw/mxint8_mul_t180_i10_r03.json,/home/josephluke/Program-Synthesis-for-Efficient-ML/results/hyperparameter_sweep/fine_v3/raw/mxint8_mul_t180_i10_r03.log
mxint8_mul,mxint8_mul,full_product_v2,180,15,1,0,solved,solved,True,10,15,15,3.1134566329419613,1.0917986519634724,534520,114,119.19569396972656,5042,15,0,0,301.568,3.316,49.739999999999995,-1.0,0.64,17.932735659179688,224.0,/home/josephluke/Program-Synthesis-for-Efficient-ML/results/hyperparameter_sweep/fine_v3/raw/mxint8_mul_t180_i15_r01.json,/home/josephluke/Program-Synthesis-for-Efficient-ML/results/hyperparameter_sweep/fine_v3/raw/mxint8_mul_t180_i15_r01.log
mxint8_mul,mxint8_mul,full_product_v2,180,15,2,0,solved,solved,True,6,15,15,4.6862549018114805,1.083150651305914,841548,210460,123.75657868385315,5043,15,0,0,301.568,3.316,49.739999999999995,-1.0,0.64,17.946869033203125,224.0,/home/josephluke/Program-Synthesis-for-Efficient-ML/results/hyperparameter_sweep/fine_v3/raw/mxint8_mul_t180_i15_r02.json,/home/josephluke/Program-Synthesis-for-Efficient-ML/results/hyperparameter_sweep/fine_v3/raw/mxint8_mul_t180_i15_r02.log
mxint8_mul,mxint8_mul,full_product_v2,180,15,3,0,solved,solved,True,6,15,15,3.186001528054476,0.6330060083419085,555542,22,119.96325206756592,5044,23,0,0,427.35,2.34,53.81999999999999,-1.0,0.8588,6.783931635742188,128.0,/home/josephluke/Program-Synthesis-for-Efficient-ML/results/hyperparameter_sweep/fine_v3/raw/mxint8_mul_t180_i15_r03.json,/home/josephluke/Program-Synthesis-for-Efficient-ML/results/hyperparameter_sweep/fine_v3/raw/mxint8_mul_t180_i15_r03.log
mxint8_mul,mxint8_mul,full_product_v2,180,20,1,0,solved,solved,True,14,20,20,5.496491972357035,2.166559284552932,924466,389466,124.62615203857422,5042,15,0,0,301.568,3.316,49.739999999999995,-1.0,0.6389,17.881114086914064,224.0,/home/josephluke/Program-Synthesis-for-Efficient-ML/results/hyperparameter_sweep/fine_v3/raw/mxint8_mul_t180_i20_r01.json,/home/josephluke/Program-Synthesis-for-Efficient-ML/results/hyperparameter_sweep/fine_v3/raw/mxint8_mul_t180_i20_r01.log
mxint8_mul,mxint8_mul,full_product_v2,180,20,2,0,solved,solved,True,7,20,20,8.454406982287765,1.1964220833033323,1514886,108,127.38179230690002,5043,15,0,0,301.568,3.316,49.739999999999995,-1.0,0.6396999999999999,18.032147080078126,224.0,/home/josephluke/Program-Synthesis-for-Efficient-ML/results/hyperparameter_sweep/fine_v3/raw/mxint8_mul_t180_i20_r02.json,/home/josephluke/Program-Synthesis-for-Efficient-ML/results/hyperparameter_sweep/fine_v3/raw/mxint8_mul_t180_i20_r02.log
mxint8_mul,mxint8_mul,full_product_v2,180,20,3,0,solved,solved,True,8,20,20,69.8218750115484,23.595774503424764,11896979,3780569,188.6632854938507,5044,23,0,0,427.35,2.34,53.81999999999999,-1.0,0.8606,6.736012387695313,128.0,/home/josephluke/Program-Synthesis-for-Efficient-ML/results/hyperparameter_sweep/fine_v3/raw/mxint8_mul_t180_i20_r03.json,/home/josephluke/Program-Synthesis-for-Efficient-ML/results/hyperparameter_sweep/fine_v3/raw/mxint8_mul_t180_i20_r03.log
mxint8_mul,mxint8_mul,full_product_v2,180,30,1,0,solved,solved,True,22,30,30,10.27189564704895,2.411586806178093,1704369,126,128.23878145217896,5042,15,0,0,301.568,3.316,49.739999999999995,-1.0,0.6382,18.0548463671875,224.0,/home/josephluke/Program-Synthesis-for-Efficient-ML/results/hyperparameter_sweep/fine_v3/raw/mxint8_mul_t180_i30_r01.json,/home/josephluke/Program-Synthesis-for-Efficient-ML/results/hyperparameter_sweep/fine_v3/raw/mxint8_mul_t180_i30_r01.log
mxint8_mul,mxint8_mul,full_product_v2,180,30,2,0,solved,solved,True,13,30,30,21.419049175456166,5.473234813660383,3944171,126,140.7225260734558,5043,15,0,0,301.568,3.316,49.739999999999995,-1.0,0.6394,18.033601977539064,224.0,/home/josephluke/Program-Synthesis-for-Efficient-ML/results/hyperparameter_sweep/fine_v3/raw/mxint8_mul_t180_i30_r02.json,/home/josephluke/Program-Synthesis-for-Efficient-ML/results/hyperparameter_sweep/fine_v3/raw/mxint8_mul_t180_i30_r02.log
mxint8_mul,mxint8_mul,full_product_v2,180,30,3,0,solved,solved,True,12,30,30,199.8408767543733,31.129729636013508,35616652,22,317.8128185272217,5044,23,0,0,427.35,2.34,53.81999999999999,-1.0,0.8603000000000001,6.81497705078125,128.0,/home/josephluke/Program-Synthesis-for-Efficient-ML/results/hyperparameter_sweep/fine_v3/raw/mxint8_mul_t180_i30_r03.json,/home/josephluke/Program-Synthesis-for-Efficient-ML/results/hyperparameter_sweep/fine_v3/raw/mxint8_mul_t180_i30_r03.log
mxint8_mul,mxint8_mul,full_product_v2,300,10,1,0,solved,solved,True,8,10,10,0.7155714742839336,0.5576947871595621,105384,108,119.4102635383606,5042,15,0,0,301.568,3.316,49.739999999999995,-1.0,0.6378,18.04914828125,224.0,/home/josephluke/Program-Synthesis-for-Efficient-ML/results/hyperparameter_sweep/fine_v3/raw/mxint8_mul_t300_i10_r01.json,/home/josephluke/Program-Synthesis-for-Efficient-ML/results/hyperparameter_sweep/fine_v3/raw/mxint8_mul_t300_i10_r01.log
mxint8_mul,mxint8_mul,full_product_v2,300,10,2,0,solved,solved,True,6,10,10,1.4587601255625486,1.0099209770560265,235180,176681,120.13156771659851,5043,15,0,0,301.568,3.316,49.739999999999995,-1.0,0.6357,18.162721162109374,224.0,/home/josephluke/Program-Synthesis-for-Efficient-ML/results/hyperparameter_sweep/fine_v3/raw/mxint8_mul_t300_i10_r02.json,/home/josephluke/Program-Synthesis-for-Efficient-ML/results/hyperparameter_sweep/fine_v3/raw/mxint8_mul_t300_i10_r02.log
mxint8_mul,mxint8_mul,full_product_v2,300,10,3,0,solved,solved,True,3,10,10,2.5919101517647505,0.6725769434124231,431119,12556,121.57880783081055,5044,23,0,0,427.35,2.34,53.81999999999999,-1.0,0.8606,6.731080419921875,128.0,/home/josephluke/Program-Synthesis-for-Efficient-ML/results/hyperparameter_sweep/fine_v3/raw/mxint8_mul_t300_i10_r03.json,/home/josephluke/Program-Synthesis-for-Efficient-ML/results/hyperparameter_sweep/fine_v3/raw/mxint8_mul_t300_i10_r03.log
mxint8_mul,mxint8_mul,full_product_v2,300,15,1,0,solved,solved,True,10,15,15,3.24495929479599,1.1286891661584377,534520,114,121.79252028465271,5042,15,0,0,301.568,3.316,49.739999999999995,-1.0,0.6382,17.96301927734375,224.0,/home/josephluke/Program-Synthesis-for-Efficient-ML/results/hyperparameter_sweep/fine_v3/raw/mxint8_mul_t300_i15_r01.json,/home/josephluke/Program-Synthesis-for-Efficient-ML/results/hyperparameter_sweep/fine_v3/raw/mxint8_mul_t300_i15_r01.log
mxint8_mul,mxint8_mul,full_product_v2,300,15,2,0,solved,solved,True,6,15,15,4.70217364653945,1.097571363672614,841548,210460,124.0117576122284,5043,15,0,0,301.568,3.316,49.739999999999995,-1.0,0.637,18.047188974609377,224.0,/home/josephluke/Program-Synthesis-for-Efficient-ML/results/hyperparameter_sweep/fine_v3/raw/mxint8_mul_t300_i15_r02.json,/home/josephluke/Program-Synthesis-for-Efficient-ML/results/hyperparameter_sweep/fine_v3/raw/mxint8_mul_t300_i15_r02.log
mxint8_mul,mxint8_mul,full_product_v2,300,15,3,0,solved,solved,True,6,15,15,3.3682000059634447,0.6850217785686255,555542,22,122.95357370376587,5044,23,0,0,427.35,2.34,53.81999999999999,-1.0,0.8575,6.871731044921875,128.0,/home/josephluke/Program-Synthesis-for-Efficient-ML/results/hyperparameter_sweep/fine_v3/raw/mxint8_mul_t300_i15_r03.json,/home/josephluke/Program-Synthesis-for-Efficient-ML/results/hyperparameter_sweep/fine_v3/raw/mxint8_mul_t300_i15_r03.log
mxint8_mul,mxint8_mul,full_product_v2,300,20,1,0,solved,solved,True,14,20,20,5.6167109832167625,2.223484193906188,924466,389466,123.18922829627991,5042,15,0,0,301.568,3.316,49.739999999999995,-1.0,0.6352,18.282775659179688,224.0,/home/josephluke/Program-Synthesis-for-Efficient-ML/results/hyperparameter_sweep/fine_v3/raw/mxint8_mul_t300_i20_r01.json,/home/josephluke/Program-Synthesis-for-Efficient-ML/results/hyperparameter_sweep/fine_v3/raw/mxint8_mul_t300_i20_r01.log
mxint8_mul,mxint8_mul,full_product_v2,300,20,2,0,solved,solved,True,7,20,20,8.39750635996461,1.108949065208435,1514886,108,126.47763299942017,5043,15,0,0,301.568,3.316,49.739999999999995,-1.0,0.6402,17.9371284375,224.0,/home/josephluke/Program-Synthesis-for-Efficient-ML/results/hyperparameter_sweep/fine_v3/raw/mxint8_mul_t300_i20_r02.json,/home/josephluke/Program-Synthesis-for-Efficient-ML/results/hyperparameter_sweep/fine_v3/raw/mxint8_mul_t300_i20_r02.log
mxint8_mul,mxint8_mul,full_product_v2,300,20,3,0,solved,solved,True,8,20,20,66.1118190176785,22.065270772203803,11896979,3780569,184.3129222393036,5044,23,0,0,427.35,2.34,53.81999999999999,-1.0,0.8599,6.849155322265625,128.0,/home/josephluke/Program-Synthesis-for-Efficient-ML/results/hyperparameter_sweep/fine_v3/raw/mxint8_mul_t300_i20_r03.json,/home/josephluke/Program-Synthesis-for-Efficient-ML/results/hyperparameter_sweep/fine_v3/raw/mxint8_mul_t300_i20_r03.log
mxint8_mul,mxint8_mul,full_product_v2,300,30,1,0,solved,solved,True,22,30,30,10.204525152221322,2.4069271218031645,1704369,126,128.1436996459961,5042,15,0,0,301.568,3.316,49.739999999999995,-1.0,0.6369,18.1596790625,224.0,/home/josephluke/Program-Synthesis-for-Efficient-ML/results/hyperparameter_sweep/fine_v3/raw/mxint8_mul_t300_i30_r01.json,/home/josephluke/Program-Synthesis-for-Efficient-ML/results/hyperparameter_sweep/fine_v3/raw/mxint8_mul_t300_i30_r01.log
mxint8_mul,mxint8_mul,full_product_v2,300,30,2,0,solved,solved,True,13,30,30,20.485830802470446,5.124061536043882,3944171,126,136.94628143310547,5043,15,0,0,301.568,3.316,49.739999999999995,-1.0,0.6376,17.874094663085938,224.0,/home/josephluke/Program-Synthesis-for-Efficient-ML/results/hyperparameter_sweep/fine_v3/raw/mxint8_mul_t300_i30_r02.json,/home/josephluke/Program-Synthesis-for-Efficient-ML/results/hyperparameter_sweep/fine_v3/raw/mxint8_mul_t300_i30_r02.log
mxint8_mul,mxint8_mul,full_product_v2,300,30,3,0,solved,solved,True,12,30,30,187.3471954986453,28.38253746367991,35616652,22,303.9971561431885,5044,23,0,0,427.35,2.34,53.81999999999999,-1.0,0.8606,6.657299809570312,128.0,/home/josephluke/Program-Synthesis-for-Efficient-ML/results/hyperparameter_sweep/fine_v3/raw/mxint8_mul_t300_i30_r03.json,/home/josephluke/Program-Synthesis-for-Efficient-ML/results/hyperparameter_sweep/fine_v3/raw/mxint8_mul_t300_i30_r03.log
fp32_add,fp32_add,full_sum_v2,30,10,1,0,solved,solved,True,3,10,10,3.603394629433751,2.6116440687328577,74912,3402,97.02528381347656,6042,41,0,0,-1,-1,-1.0,-1.0,0.129,-1.0,-1.0,/home/josephluke/Program-Synthesis-for-Efficient-ML/results/hyperparameter_sweep/fine_v3/raw/fp32_add_t30_i10_r01.json,/home/josephluke/Program-Synthesis-for-Efficient-ML/results/hyperparameter_sweep/fine_v3/raw/fp32_add_t30_i10_r01.log
fp32_add,fp32_add,full_sum_v2,30,10,2,0,solved,solved,True,3,10,10,3.4261963982135057,2.472669342532754,74912,3402,98.05399107933044,6043,41,0,0,-1,-1,-1.0,-1.0,0.129,-1.0,-1.0,/home/josephluke/Program-Synthesis-for-Efficient-ML/results/hyperparameter_sweep/fine_v3/raw/fp32_add_t30_i10_r02.json,/home/josephluke/Program-Synthesis-for-Efficient-ML/results/hyperparameter_sweep/fine_v3/raw/fp32_add_t30_i10_r02.log
fp32_add,fp32_add,full_sum_v2,30,10,3,0,solved,solved,True,3,10,10,3.557969184592366,2.5928771644830704,74912,3402,98.83994269371033,6044,41,0,0,-1,-1,-1.0,-1.0,0.129,-1.0,-1.0,/home/josephluke/Program-Synthesis-for-Efficient-ML/results/hyperparameter_sweep/fine_v3/raw/fp32_add_t30_i10_r03.json,/home/josephluke/Program-Synthesis-for-Efficient-ML/results/hyperparameter_sweep/fine_v3/raw/fp32_add_t30_i10_r03.log
fp32_add,fp32_add,full_sum_v2,30,15,1,0,solved,solved,True,6,15,15,49.16897740215063,30.035999171435833,639474,1985,153.3271200656891,6042,320,0,0,133.316,7.501,2400.32,-1.0,0.2005,-1.0,-1.0,/home/josephluke/Program-Synthesis-for-Efficient-ML/results/hyperparameter_sweep/fine_v3/raw/fp32_add_t30_i15_r01.json,/home/josephluke/Program-Synthesis-for-Efficient-ML/results/hyperparameter_sweep/fine_v3/raw/fp32_add_t30_i15_r01.log
fp32_add,fp32_add,full_sum_v2,30,15,2,0,solved,solved,True,6,15,15,47.68473622575402,30.04235615953803,637622,133,142.282466173172,6043,45,0,0,-1,-1,-1.0,-1.0,0.129,-1.0,-1.0,/home/josephluke/Program-Synthesis-for-Efficient-ML/results/hyperparameter_sweep/fine_v3/raw/fp32_add_t30_i15_r02.json,/home/josephluke/Program-Synthesis-for-Efficient-ML/results/hyperparameter_sweep/fine_v3/raw/fp32_add_t30_i15_r02.log
fp32_add,fp32_add,full_sum_v2,30,15,3,0,solved,solved,True,7,15,15,20.039122506976128,13.893382394686341,648835,5673,119.5797655582428,6044,349,0,0,239.292,4.179,1458.471,-1.0,0.3326,-1.0,-1.0,/home/josephluke/Program-Synthesis-for-Efficient-ML/results/hyperparameter_sweep/fine_v3/raw/fp32_add_t30_i15_r03.json,/home/josephluke/Program-Synthesis-for-Efficient-ML/results/hyperparameter_sweep/fine_v3/raw/fp32_add_t30_i15_r03.log
fp32_add,fp32_add,full_sum_v2,30,20,1,0,solved,solved,True,8,20,20,120.68140380084515,30.04213687032461,665639,2140,225.0193910598755,6042,320,0,0,133.316,7.501,2400.32,-1.0,0.2005,-1.0,-1.0,/home/josephluke/Program-Synthesis-for-Efficient-ML/results/hyperparameter_sweep/fine_v3/raw/fp32_add_t30_i20_r01.json,/home/josephluke/Program-Synthesis-for-Efficient-ML/results/hyperparameter_sweep/fine_v3/raw/fp32_add_t30_i20_r01.log
fp32_add,fp32_add,full_sum_v2,30,20,2,0,solved,solved,True,9,20,20,113.23104142583907,30.041026830673218,654953,8175,211.41754269599915,6043,349,0,0,239.292,4.179,1458.471,-1.0,0.3326,-1.0,-1.0,/home/josephluke/Program-Synthesis-for-Efficient-ML/results/hyperparameter_sweep/fine_v3/raw/fp32_add_t30_i20_r02.json,/home/josephluke/Program-Synthesis-for-Efficient-ML/results/hyperparameter_sweep/fine_v3/raw/fp32_add_t30_i20_r02.log
fp32_add,fp32_add,full_sum_v2,30,20,3,0,solved,solved,True,8,20,20,141.4069496244192,30.04160670377314,654365,5530,239.5552840232849,6044,349,0,0,239.292,4.179,1458.471,-1.0,0.3326,-1.0,-1.0,/home/josephluke/Program-Synthesis-for-Efficient-ML/results/hyperparameter_sweep/fine_v3/raw/fp32_add_t30_i20_r03.json,/home/josephluke/Program-Synthesis-for-Efficient-ML/results/hyperparameter_sweep/fine_v3/raw/fp32_add_t30_i20_r03.log
fp32_add,fp32_add,full_sum_v2,30,30,1,0,solved,solved,True,8,30,30,409.259405978024,30.042458647862077,695213,29574,512.3144128322601,6042,320,0,0,133.316,7.501,2400.32,-1.0,0.2005,-1.0,-1.0,/home/josephluke/Program-Synthesis-for-Efficient-ML/results/hyperparameter_sweep/fine_v3/raw/fp32_add_t30_i30_r01.json,/home/josephluke/Program-Synthesis-for-Efficient-ML/results/hyperparameter_sweep/fine_v3/raw/fp32_add_t30_i30_r01.log
fp32_add,fp32_add,full_sum_v2,30,30,2,0,solved,solved,True,14,30,30,308.6463282853365,30.042895436286926,1002385,105171,409.6144812107086,6043,434,0,0,239.292,4.179,1813.6860000000001,-1.0,0.4407,-1.0,-1.0,/home/josephluke/Program-Synthesis-for-Efficient-ML/results/hyperparameter_sweep/fine_v3/raw/fp32_add_t30_i30_r02.json,/home/josephluke/Program-Synthesis-for-Efficient-ML/results/hyperparameter_sweep/fine_v3/raw/fp32_add_t30_i30_r02.log
fp32_add,fp32_add,full_sum_v2,30,30,3,0,solved,solved,True,10,30,30,386.8401245325804,30.043548703193665,667940,8045,483.7551875114441,6044,349,0,0,239.292,4.179,1458.471,-1.0,0.3326,-1.0,-1.0,/home/josephluke/Program-Synthesis-for-Efficient-ML/results/hyperparameter_sweep/fine_v3/raw/fp32_add_t30_i30_r03.json,/home/josephluke/Program-Synthesis-for-Efficient-ML/results/hyperparameter_sweep/fine_v3/raw/fp32_add_t30_i30_r03.log
fp32_add,fp32_add,full_sum_v2,60,10,1,0,solved,solved,True,3,10,10,3.3840422220528126,2.4506413359194994,74912,3402,98.20428943634033,6042,41,0,0,-1,-1,-1.0,-1.0,0.129,-1.0,-1.0,/home/josephluke/Program-Synthesis-for-Efficient-ML/results/hyperparameter_sweep/fine_v3/raw/fp32_add_t60_i10_r01.json,/home/josephluke/Program-Synthesis-for-Efficient-ML/results/hyperparameter_sweep/fine_v3/raw/fp32_add_t60_i10_r01.log
fp32_add,fp32_add,full_sum_v2,60,10,2,0,solved,solved,True,3,10,10,3.617224143818021,2.632466847077012,74912,3402,101.43551898002625,6043,41,0,0,-1,-1,-1.0,-1.0,0.129,-1.0,-1.0,/home/josephluke/Program-Synthesis-for-Efficient-ML/results/hyperparameter_sweep/fine_v3/raw/fp32_add_t60_i10_r02.json,/home/josephluke/Program-Synthesis-for-Efficient-ML/results/hyperparameter_sweep/fine_v3/raw/fp32_add_t60_i10_r02.log
fp32_add,fp32_add,full_sum_v2,60,10,3,0,solved,solved,True,3,10,10,3.6059075742959976,2.6151890978217125,74912,3402,99.72510075569153,6044,41,0,0,-1,-1,-1.0,-1.0,0.129,-1.0,-1.0,/home/josephluke/Program-Synthesis-for-Efficient-ML/results/hyperparameter_sweep/fine_v3/raw/fp32_add_t60_i10_r03.json,/home/josephluke/Program-Synthesis-for-Efficient-ML/results/hyperparameter_sweep/fine_v3/raw/fp32_add_t60_i10_r03.log
fp32_add,fp32_add,full_sum_v2,60,15,1,0,solved,solved,True,6,15,15,77.93878510780632,60.07968808338046,639474,1985,181.08252930641174,6042,320,0,0,133.316,7.501,2400.32,-1.0,0.2005,-1.0,-1.0,/home/josephluke/Program-Synthesis-for-Efficient-ML/results/hyperparameter_sweep/fine_v3/raw/fp32_add_t60_i15_r01.json,/home/josephluke/Program-Synthesis-for-Efficient-ML/results/hyperparameter_sweep/fine_v3/raw/fp32_add_t60_i15_r01.log
fp32_add,fp32_add,full_sum_v2,60,15,2,0,solved,solved,True,6,15,15,77.78854082524776,60.0775106754154,637622,133,172.90146803855896,6043,45,0,0,-1,-1,-1.0,-1.0,0.129,-1.0,-1.0,/home/josephluke/Program-Synthesis-for-Efficient-ML/results/hyperparameter_sweep/fine_v3/raw/fp32_add_t60_i15_r02.json,/home/josephluke/Program-Synthesis-for-Efficient-ML/results/hyperparameter_sweep/fine_v3/raw/fp32_add_t60_i15_r02.log
fp32_add,fp32_add,full_sum_v2,60,15,3,0,solved,solved,True,7,15,15,20.54574043676257,14.214544976130128,648835,5673,119.8021080493927,6044,349,0,0,239.292,4.179,1458.471,-1.0,0.3326,-1.0,-1.0,/home/josephluke/Program-Synthesis-for-Efficient-ML/results/hyperparameter_sweep/fine_v3/raw/fp32_add_t60_i15_r03.json,/home/josephluke/Program-Synthesis-for-Efficient-ML/results/hyperparameter_sweep/fine_v3/raw/fp32_add_t60_i15_r03.log
fp32_add,fp32_add,full_sum_v2,60,20,1,0,solved,solved,True,8,20,20,209.4541245661676,60.079897206276655,665639,2140,316.18740820884705,6042,320,0,0,133.316,7.501,2400.32,-1.0,0.2005,-1.0,-1.0,/home/josephluke/Program-Synthesis-for-Efficient-ML/results/hyperparameter_sweep/fine_v3/raw/fp32_add_t60_i20_r01.json,/home/josephluke/Program-Synthesis-for-Efficient-ML/results/hyperparameter_sweep/fine_v3/raw/fp32_add_t60_i20_r01.log
fp32_add,fp32_add,full_sum_v2,60,20,2,0,solved,solved,True,10,20,20,196.91188716329634,60.075322195887566,1685455,1030502,299.6233651638031,6043,388,0,0,239.292,4.179,1621.452,-1.0,0.5045000000000001,-1.0,-1.0,/home/josephluke/Program-Synthesis-for-Efficient-ML/results/hyperparameter_sweep/fine_v3/raw/fp32_add_t60_i20_r02.json,/home/josephluke/Program-Synthesis-for-Efficient-ML/results/hyperparameter_sweep/fine_v3/raw/fp32_add_t60_i20_r02.log
fp32_add,fp32_add,full_sum_v2,60,20,3,0,solved,solved,True,8,20,20,264.0897666346282,60.07650993578136,654365,5530,365.2158844470978,6044,349,0,0,239.292,4.179,1458.471,-1.0,0.3326,-1.0,-1.0,/home/josephluke/Program-Synthesis-for-Efficient-ML/results/hyperparameter_sweep/fine_v3/raw/fp32_add_t60_i20_r03.json,/home/josephluke/Program-Synthesis-for-Efficient-ML/results/hyperparameter_sweep/fine_v3/raw/fp32_add_t60_i20_r03.log
fp32_add,fp32_add,full_sum_v2,60,30,1,0,solved,solved,True,8,30,30,768.3396601099521,60.0779288392514,695213,29574,873.0879123210907,6042,320,0,0,133.316,7.501,2400.32,-1.0,0.2005,-1.0,-1.0,/home/josephluke/Program-Synthesis-for-Efficient-ML/results/hyperparameter_sweep/fine_v3/raw/fp32_add_t60_i30_r01.json,/home/josephluke/Program-Synthesis-for-Efficient-ML/results/hyperparameter_sweep/fine_v3/raw/fp32_add_t60_i30_r01.log
fp32_add,fp32_add,full_sum_v2,60,30,2,0,solved,solved,True,13,30,30,784.7155584134161,60.079517249017954,4782160,1032549,884.687433719635,6043,388,0,0,239.292,4.179,1621.452,-1.0,0.5045000000000001,-1.0,-1.0,/home/josephluke/Program-Synthesis-for-Efficient-ML/results/hyperparameter_sweep/fine_v3/raw/fp32_add_t60_i30_r02.json,/home/josephluke/Program-Synthesis-for-Efficient-ML/results/hyperparameter_sweep/fine_v3/raw/fp32_add_t60_i30_r02.log
fp32_add,fp32_add,full_sum_v2,60,30,3,0,solved,solved,True,10,30,30,745.7603991478682,60.080182859674096,667940,8045,844.5171985626221,6044,349,0,0,239.292,4.179,1458.471,-1.0,0.3326,-1.0,-1.0,/home/josephluke/Program-Synthesis-for-Efficient-ML/results/hyperparameter_sweep/fine_v3/raw/fp32_add_t60_i30_r03.json,/home/josephluke/Program-Synthesis-for-Efficient-ML/results/hyperparameter_sweep/fine_v3/raw/fp32_add_t60_i30_r03.log
fp32_add,fp32_add,full_sum_v2,120,10,1,0,solved,solved,True,3,10,10,3.4263902846723795,2.476978365331888,74912,3402,95.92984104156494,6042,41,0,0,-1,-1,-1.0,-1.0,0.129,-1.0,-1.0,/home/josephluke/Program-Synthesis-for-Efficient-ML/results/hyperparameter_sweep/fine_v3/raw/fp32_add_t120_i10_r01.json,/home/josephluke/Program-Synthesis-for-Efficient-ML/results/hyperparameter_sweep/fine_v3/raw/fp32_add_t120_i10_r01.log
fp32_add,fp32_add,full_sum_v2,120,10,2,0,solved,solved,True,3,10,10,3.1948987636715174,2.3052580431103706,74912,3402,95.63045501708984,6043,41,0,0,-1,-1,-1.0,-1.0,0.129,-1.0,-1.0,/home/josephluke/Program-Synthesis-for-Efficient-ML/results/hyperparameter_sweep/fine_v3/raw/fp32_add_t120_i10_r02.json,/home/josephluke/Program-Synthesis-for-Efficient-ML/results/hyperparameter_sweep/fine_v3/raw/fp32_add_t120_i10_r02.log
fp32_add,fp32_add,full_sum_v2,120,10,3,0,solved,solved,True,3,10,10,3.4680692944675684,2.511563777923584,74912,3402,97.13990521430969,6044,41,0,0,-1,-1,-1.0,-1.0,0.129,-1.0,-1.0,/home/josephluke/Program-Synthesis-for-Efficient-ML/results/hyperparameter_sweep/fine_v3/raw/fp32_add_t120_i10_r03.json,/home/josephluke/Program-Synthesis-for-Efficient-ML/results/hyperparameter_sweep/fine_v3/raw/fp32_add_t120_i10_r03.log
fp32_add,fp32_add,full_sum_v2,120,15,1,0,solved,solved,True,6,15,15,137.071051934734,120.13239345140755,639474,1985,237.67586946487427,6042,320,0,0,133.316,7.501,2400.32,-1.0,0.2005,-1.0,-1.0,/home/josephluke/Program-Synthesis-for-Efficient-ML/results/hyperparameter_sweep/fine_v3/raw/fp32_add_t120_i15_r01.json,/home/josephluke/Program-Synthesis-for-Efficient-ML/results/hyperparameter_sweep/fine_v3/raw/fp32_add_t120_i15_r01.log
fp32_add,fp32_add,full_sum_v2,120,15,2,0,solved,solved,True,6,15,15,137.47646908275783,120.05115612782538,637622,133,231.7595818042755,6043,45,0,0,-1,-1,-1.0,-1.0,0.129,-1.0,-1.0,/home/josephluke/Program-Synthesis-for-Efficient-ML/results/hyperparameter_sweep/fine_v3/raw/fp32_add_t120_i15_r02.json,/home/josephluke/Program-Synthesis-for-Efficient-ML/results/hyperparameter_sweep/fine_v3/raw/fp32_add_t120_i15_r02.log
fp32_add,fp32_add,full_sum_v2,120,15,3,0,solved,solved,True,7,15,15,20.246761210262775,14.056870276108384,648835,5673,117.13707852363586,6044,349,0,0,239.292,4.179,1458.471,-1.0,0.3326,-1.0,-1.0,/home/josephluke/Program-Synthesis-for-Efficient-ML/results/hyperparameter_sweep/fine_v3/raw/fp32_add_t120_i15_r03.json,/home/josephluke/Program-Synthesis-for-Efficient-ML/results/hyperparameter_sweep/fine_v3/raw/fp32_add_t120_i15_r03.log
fp32_add,fp32_add,full_sum_v2,120,20,1,0,solved,solved,True,8,20,20,389.685986187309,120.13250598311424,665639,2140,490.8426606655121,6042,320,0,0,133.316,7.501,2400.32,-1.0,0.2005,-1.0,-1.0,/home/josephluke/Program-Synthesis-for-Efficient-ML/results/hyperparameter_sweep/fine_v3/raw/fp32_add_t120_i20_r01.json,/home/josephluke/Program-Synthesis-for-Efficient-ML/results/hyperparameter_sweep/fine_v3/raw/fp32_add_t120_i20_r01.log
fp32_add,fp32_add,full_sum_v2,120,20,2,0,solved,solved,True,10,20,20,310.1587599180639,120.13186501152813,1685455,1030502,407.88207960128784,6043,388,0,0,239.292,4.179,1621.452,-1.0,0.5045000000000001,-1.0,-1.0,/home/josephluke/Program-Synthesis-for-Efficient-ML/results/hyperparameter_sweep/fine_v3/raw/fp32_add_t120_i20_r02.json,/home/josephluke/Program-Synthesis-for-Efficient-ML/results/hyperparameter_sweep/fine_v3/raw/fp32_add_t120_i20_r02.log
fp32_add,fp32_add,full_sum_v2,120,20,3,0,solved,solved,True,8,20,20,501.92005475983024,120.12991927936673,654365,5530,598.1680393218994,6044,349,0,0,239.292,4.179,1458.471,-1.0,0.3326,-1.0,-1.0,/home/josephluke/Program-Synthesis-for-Efficient-ML/results/hyperparameter_sweep/fine_v3/raw/fp32_add_t120_i20_r03.json,/home/josephluke/Program-Synthesis-for-Efficient-ML/results/hyperparameter_sweep/fine_v3/raw/fp32_add_t120_i20_r03.log
fp32_add,fp32_add,full_sum_v2,120,30,1,0,solved,solved,True,8,30,30,1486.1024169139564,120.13213509507477,695213,29574,1588.352017879486,6042,320,0,0,133.316,7.501,2400.32,-1.0,0.2005,-1.0,-1.0,/home/josephluke/Program-Synthesis-for-Efficient-ML/results/hyperparameter_sweep/fine_v3/raw/fp32_add_t120_i30_r01.json,/home/josephluke/Program-Synthesis-for-Efficient-ML/results/hyperparameter_sweep/fine_v3/raw/fp32_add_t120_i30_r01.log
fp32_add,fp32_add,full_sum_v2,120,30,2,0,solved,solved,True,15,30,30,1211.9254247620702,120.1333928219974,6901806,1048047,1308.704802274704,6043,388,0,0,239.292,4.179,1621.452,-1.0,0.5045000000000001,-1.0,-1.0,/home/josephluke/Program-Synthesis-for-Efficient-ML/results/hyperparameter_sweep/fine_v3/raw/fp32_add_t120_i30_r02.json,/home/josephluke/Program-Synthesis-for-Efficient-ML/results/hyperparameter_sweep/fine_v3/raw/fp32_add_t120_i30_r02.log
fp32_add,fp32_add,full_sum_v2,120,30,3,0,solved,solved,True,10,30,30,1465.7422583512962,120.13427713885903,667940,8045,1564.0348699092865,6044,349,0,0,239.292,4.179,1458.471,-1.0,0.3326,-1.0,-1.0,/home/josephluke/Program-Synthesis-for-Efficient-ML/results/hyperparameter_sweep/fine_v3/raw/fp32_add_t120_i30_r03.json,/home/josephluke/Program-Synthesis-for-Efficient-ML/results/hyperparameter_sweep/fine_v3/raw/fp32_add_t120_i30_r03.log
fp32_add,fp32_add,full_sum_v2,180,10,1,0,solved,solved,True,3,10,10,3.385772144421935,2.4430862851440907,74912,3402,97.7006950378418,6042,41,0,0,-1,-1,-1.0,-1.0,0.129,-1.0,-1.0,/home/josephluke/Program-Synthesis-for-Efficient-ML/results/hyperparameter_sweep/fine_v3/raw/fp32_add_t180_i10_r01.json,/home/josephluke/Program-Synthesis-for-Efficient-ML/results/hyperparameter_sweep/fine_v3/raw/fp32_add_t180_i10_r01.log
fp32_add,fp32_add,full_sum_v2,180,10,2,0,solved,solved,True,3,10,10,3.3757797107100487,2.435890855267644,74912,3402,97.46122527122498,6043,41,0,0,-1,-1,-1.0,-1.0,0.129,-1.0,-1.0,/home/josephluke/Program-Synthesis-for-Efficient-ML/results/hyperparameter_sweep/fine_v3/raw/fp32_add_t180_i10_r02.json,/home/josephluke/Program-Synthesis-for-Efficient-ML/results/hyperparameter_sweep/fine_v3/raw/fp32_add_t180_i10_r02.log
fp32_add,fp32_add,full_sum_v2,180,10,3,0,solved,solved,True,3,10,10,3.3784700743854046,2.4356045350432396,74912,3402,97.640634059906,6044,41,0,0,-1,-1,-1.0,-1.0,0.129,-1.0,-1.0,/home/josephluke/Program-Synthesis-for-Efficient-ML/results/hyperparameter_sweep/fine_v3/raw/fp32_add_t180_i10_r03.json,/home/josephluke/Program-Synthesis-for-Efficient-ML/results/hyperparameter_sweep/fine_v3/raw/fp32_add_t180_i10_r03.log
fp32_add,fp32_add,full_sum_v2,180,15,1,0,solved,solved,True,6,15,15,197.7630270179361,180.04918965697289,639474,1985,300.18519258499146,6042,320,0,0,133.316,7.501,2400.32,-1.0,0.2005,-1.0,-1.0,/home/josephluke/Program-Synthesis-for-Efficient-ML/results/hyperparameter_sweep/fine_v3/raw/fp32_add_t180_i15_r01.json,/home/josephluke/Program-Synthesis-for-Efficient-ML/results/hyperparameter_sweep/fine_v3/raw/fp32_add_t180_i15_r01.log
fp32_add,fp32_add,full_sum_v2,180,15,2,0,solved,solved,True,6,15,15,197.42279902659357,180.0673989187926,637622,133,291.5242121219635,6043,45,0,0,-1,-1,-1.0,-1.0,0.129,-1.0,-1.0,/home/josephluke/Program-Synthesis-for-Efficient-ML/results/hyperparameter_sweep/fine_v3/raw/fp32_add_t180_i15_r02.json,/home/josephluke/Program-Synthesis-for-Efficient-ML/results/hyperparameter_sweep/fine_v3/raw/fp32_add_t180_i15_r02.log
fp32_add,fp32_add,full_sum_v2,180,15,3,0,solved,solved,True,7,15,15,19.84299706481397,13.703457061201334,648835,5673,116.1851282119751,6044,349,0,0,239.292,4.179,1458.471,-1.0,0.3326,-1.0,-1.0,/home/josephluke/Program-Synthesis-for-Efficient-ML/results/hyperparameter_sweep/fine_v3/raw/fp32_add_t180_i15_r03.json,/home/josephluke/Program-Synthesis-for-Efficient-ML/results/hyperparameter_sweep/fine_v3/raw/fp32_add_t180_i15_r03.log
fp32_add,fp32_add,full_sum_v2,180,20,1,0,solved,solved,True,8,20,20,569.3426999580115,180.14095324464142,665639,2140,671.7737350463867,6042,320,0,0,133.316,7.501,2400.32,-1.0,0.2005,-1.0,-1.0,/home/josephluke/Program-Synthesis-for-Efficient-ML/results/hyperparameter_sweep/fine_v3/raw/fp32_add_t180_i20_r01.json,/home/josephluke/Program-Synthesis-for-Efficient-ML/results/hyperparameter_sweep/fine_v3/raw/fp32_add_t180_i20_r01.log
fp32_add,fp32_add,full_sum_v2,180,20,2,0,solved,solved,True,10,20,20,430.31833608448505,180.14190672896802,1685455,1030502,527.8020288944244,6043,388,0,0,239.292,4.179,1621.452,-1.0,0.5045000000000001,-1.0,-1.0,/home/josephluke/Program-Synthesis-for-Efficient-ML/results/hyperparameter_sweep/fine_v3/raw/fp32_add_t180_i20_r02.json,/home/josephluke/Program-Synthesis-for-Efficient-ML/results/hyperparameter_sweep/fine_v3/raw/fp32_add_t180_i20_r02.log
fp32_add,fp32_add,full_sum_v2,180,20,3,0,solved,solved,True,8,20,20,741.6886811628938,180.1393171492964,654365,5530,840.1142814159393,6044,349,0,0,239.292,4.179,1458.471,-1.0,0.3326,-1.0,-1.0,/home/josephluke/Program-Synthesis-for-Efficient-ML/results/hyperparameter_sweep/fine_v3/raw/fp32_add_t180_i20_r03.json,/home/josephluke/Program-Synthesis-for-Efficient-ML/results/hyperparameter_sweep/fine_v3/raw/fp32_add_t180_i20_r03.log
fp32_add,fp32_add,full_sum_v2,180,30,1,0,solved,solved,True,8,30,30,2206.5708186253905,180.14258643612266,695213,29574,2308.79488158226,6042,320,0,0,133.316,7.501,2400.32,-1.0,0.2005,-1.0,-1.0,/home/josephluke/Program-Synthesis-for-Efficient-ML/results/hyperparameter_sweep/fine_v3/raw/fp32_add_t180_i30_r01.json,/home/josephluke/Program-Synthesis-for-Efficient-ML/results/hyperparameter_sweep/fine_v3/raw/fp32_add_t180_i30_r01.log
fp32_add,fp32_add,full_sum_v2,180,30,2,0,solved,solved,True,15,30,30,1633.2264521513134,180.14345449395478,6901806,1048047,1731.6023313999176,6043,388,0,0,239.292,4.179,1621.452,-1.0,0.5045000000000001,-1.0,-1.0,/home/josephluke/Program-Synthesis-for-Efficient-ML/results/hyperparameter_sweep/fine_v3/raw/fp32_add_t180_i30_r02.json,/home/josephluke/Program-Synthesis-for-Efficient-ML/results/hyperparameter_sweep/fine_v3/raw/fp32_add_t180_i30_r02.log
fp32_add,fp32_add,full_sum_v2,180,30,3,0,solved,solved,True,10,30,30,2186.29066522792,180.14261638000607,667940,8045,2284.6612889766693,6044,349,0,0,239.292,4.179,1458.471,-1.0,0.3326,-1.0,-1.0,/home/josephluke/Program-Synthesis-for-Efficient-ML/results/hyperparameter_sweep/fine_v3/raw/fp32_add_t180_i30_r03.json,/home/josephluke/Program-Synthesis-for-Efficient-ML/results/hyperparameter_sweep/fine_v3/raw/fp32_add_t180_i30_r03.log
fp32_add,fp32_add,full_sum_v2,300,10,1,0,solved,solved,True,3,10,10,3.383524229750037,2.441745262593031,74912,3402,97.64851117134094,6042,41,0,0,-1,-1,-1.0,-1.0,0.129,-1.0,-1.0,/home/josephluke/Program-Synthesis-for-Efficient-ML/results/hyperparameter_sweep/fine_v3/raw/fp32_add_t300_i10_r01.json,/home/josephluke/Program-Synthesis-for-Efficient-ML/results/hyperparameter_sweep/fine_v3/raw/fp32_add_t300_i10_r01.log
fp32_add,fp32_add,full_sum_v2,300,10,2,0,solved,solved,True,3,10,10,3.3798066582530737,2.440929079428315,74912,3402,97.8754014968872,6043,41,0,0,-1,-1,-1.0,-1.0,0.129,-1.0,-1.0,/home/josephluke/Program-Synthesis-for-Efficient-ML/results/hyperparameter_sweep/fine_v3/raw/fp32_add_t300_i10_r02.json,/home/josephluke/Program-Synthesis-for-Efficient-ML/results/hyperparameter_sweep/fine_v3/raw/fp32_add_t300_i10_r02.log
fp32_add,fp32_add,full_sum_v2,300,10,3,0,solved,solved,True,3,10,10,3.3801293540745974,2.4380031004548073,74912,3402,97.77367234230042,6044,41,0,0,-1,-1,-1.0,-1.0,0.129,-1.0,-1.0,/home/josephluke/Program-Synthesis-for-Efficient-ML/results/hyperparameter_sweep/fine_v3/raw/fp32_add_t300_i10_r03.json,/home/josephluke/Program-Synthesis-for-Efficient-ML/results/hyperparameter_sweep/fine_v3/raw/fp32_add_t300_i10_r03.log
fp32_add,fp32_add,full_sum_v2,300,15,1,0,solved,solved,True,6,15,15,317.97060165181756,300.1614906396717,639474,1985,420.69996547698975,6042,320,0,0,133.316,7.501,2400.32,-1.0,0.2005,-1.0,-1.0,/home/josephluke/Program-Synthesis-for-Efficient-ML/results/hyperparameter_sweep/fine_v3/raw/fp32_add_t300_i15_r01.json,/home/josephluke/Program-Synthesis-for-Efficient-ML/results/hyperparameter_sweep/fine_v3/raw/fp32_add_t300_i15_r01.log
fp32_add,fp32_add,full_sum_v2,300,15,2,0,solved,solved,True,6,15,15,317.2892836742103,300.161786923185,637622,133,411.7448630332947,6043,45,0,0,-1,-1,-1.0,-1.0,0.129,-1.0,-1.0,/home/josephluke/Program-Synthesis-for-Efficient-ML/results/hyperparameter_sweep/fine_v3/raw/fp32_add_t300_i15_r02.json,/home/josephluke/Program-Synthesis-for-Efficient-ML/results/hyperparameter_sweep/fine_v3/raw/fp32_add_t300_i15_r02.log
fp32_add,fp32_add,full_sum_v2,300,15,3,0,solved,solved,True,7,15,15,19.863903993740678,13.724008653312922,648835,5673,118.19325613975525,6044,349,0,0,239.292,4.179,1458.471,-1.0,0.3326,-1.0,-1.0,/home/josephluke/Program-Synthesis-for-Efficient-ML/results/hyperparameter_sweep/fine_v3/raw/fp32_add_t300_i15_r03.json,/home/josephluke/Program-Synthesis-for-Efficient-ML/results/hyperparameter_sweep/fine_v3/raw/fp32_add_t300_i15_r03.log
fp32_add,fp32_add,full_sum_v2,300,20,1,0,solved,solved,True,8,20,20,929.6507791783661,300.1634990721941,665639,2140,1032.12632894516,6042,320,0,0,133.316,7.501,2400.32,-1.0,0.2005,-1.0,-1.0,/home/josephluke/Program-Synthesis-for-Efficient-ML/results/hyperparameter_sweep/fine_v3/raw/fp32_add_t300_i20_r01.json,/home/josephluke/Program-Synthesis-for-Efficient-ML/results/hyperparameter_sweep/fine_v3/raw/fp32_add_t300_i20_r01.log
fp32_add,fp32_add,full_sum_v2,300,20,2,0,solved,solved,True,10,20,20,669.5166572947055,300.143243374303,1685455,1030502,768.1005654335022,6043,388,0,0,239.292,4.179,1621.452,-1.0,0.5045000000000001,-1.0,-1.0,/home/josephluke/Program-Synthesis-for-Efficient-ML/results/hyperparameter_sweep/fine_v3/raw/fp32_add_t300_i20_r02.json,/home/josephluke/Program-Synthesis-for-Efficient-ML/results/hyperparameter_sweep/fine_v3/raw/fp32_add_t300_i20_r02.log
fp32_add,fp32_add,full_sum_v2,300,20,3,0,solved,solved,True,8,20,20,1221.6932496596128,300.1574276071042,654365,5530,1319.99942278862,6044,349,0,0,239.292,4.179,1458.471,-1.0,0.3326,-1.0,-1.0,/home/josephluke/Program-Synthesis-for-Efficient-ML/results/hyperparameter_sweep/fine_v3/raw/fp32_add_t300_i20_r03.json,/home/josephluke/Program-Synthesis-for-Efficient-ML/results/hyperparameter_sweep/fine_v3/raw/fp32_add_t300_i20_r03.log
fp32_add,fp32_add,full_sum_v2,300,30,1,0,solved,solved,True,8,30,30,3646.6338687781245,300.16292939707637,695213,29574,3748.81121969223,6042,320,0,0,133.316,7.501,2400.32,-1.0,0.2005,-1.0,-1.0,/home/josephluke/Program-Synthesis-for-Efficient-ML/results/hyperparameter_sweep/fine_v3/raw/fp32_add_t300_i30_r01.json,/home/josephluke/Program-Synthesis-for-Efficient-ML/results/hyperparameter_sweep/fine_v3/raw/fp32_add_t300_i30_r01.log
fp32_add,fp32_add,full_sum_v2,300,30,2,0,solved,solved,True,15,30,30,2474.284756667912,300.1625978015363,6901806,1048047,2573.04780960083,6043,388,0,0,239.292,4.179,1621.452,-1.0,0.5045000000000001,-1.0,-1.0,/home/josephluke/Program-Synthesis-for-Efficient-ML/results/hyperparameter_sweep/fine_v3/raw/fp32_add_t300_i30_r02.json,/home/josephluke/Program-Synthesis-for-Efficient-ML/results/hyperparameter_sweep/fine_v3/raw/fp32_add_t300_i30_r02.log
fp32_add,fp32_add,full_sum_v2,300,30,3,0,solved,solved,True,10,30,30,3626.436558622867,300.1635703947395,667940,8045,3724.8536355495453,6044,349,0,0,239.292,4.179,1458.471,-1.0,0.3326,-1.0,-1.0,/home/josephluke/Program-Synthesis-for-Efficient-ML/results/hyperparameter_sweep/fine_v3/raw/fp32_add_t300_i30_r03.json,/home/josephluke/Program-Synthesis-for-Efficient-ML/results/hyperparameter_sweep/fine_v3/raw/fp32_add_t300_i30_r03.log
fp32_mul,fp32_mul,full_product_v2,30,10,1,0,solved,solved,True,10,10,10,0.425666531547904,0.05153377167880535,1826,356,92.39808177947998,7042,32,0,2,87.283,11.457,366.624,-1.0,0.9046,-1.0,-1.0,/home/josephluke/Program-Synthesis-for-Efficient-ML/results/hyperparameter_sweep/fine_v3/raw/fp32_mul_t30_i10_r01.json,/home/josephluke/Program-Synthesis-for-Efficient-ML/results/hyperparameter_sweep/fine_v3/raw/fp32_mul_t30_i10_r01.log
fp32_mul,fp32_mul,full_product_v2,30,10,2,0,solved,solved,True,10,10,10,0.43116457015275955,0.05273554287850857,1964,386,92.61478519439697,7043,32,0,2,87.283,11.457,366.624,-1.0,0.9046,-1.0,-1.0,/home/josephluke/Program-Synthesis-for-Efficient-ML/results/hyperparameter_sweep/fine_v3/raw/fp32_mul_t30_i10_r02.json,/home/josephluke/Program-Synthesis-for-Efficient-ML/results/hyperparameter_sweep/fine_v3/raw/fp32_mul_t30_i10_r02.log
fp32_mul,fp32_mul,full_product_v2,30,10,3,0,solved,solved,True,10,10,10,0.41738091595470905,0.05277619510889053,1537,397,92.51638698577881,7044,32,0,2,87.283,11.457,366.624,-1.0,0.9046,-1.0,-1.0,/home/josephluke/Program-Synthesis-for-Efficient-ML/results/hyperparameter_sweep/fine_v3/raw/fp32_mul_t30_i10_r03.json,/home/josephluke/Program-Synthesis-for-Efficient-ML/results/hyperparameter_sweep/fine_v3/raw/fp32_mul_t30_i10_r03.log
fp32_mul,fp32_mul,full_product_v2,30,15,1,0,solved,solved,True,15,15,15,0.7081320565193892,0.05976453237235546,3835,409,92.61753845214844,7042,32,0,2,87.283,11.457,366.624,-1.0,0.9046,-1.0,-1.0,/home/josephluke/Program-Synthesis-for-Efficient-ML/results/hyperparameter_sweep/fine_v3/raw/fp32_mul_t30_i15_r01.json,/home/josephluke/Program-Synthesis-for-Efficient-ML/results/hyperparameter_sweep/fine_v3/raw/fp32_mul_t30_i15_r01.log
fp32_mul,fp32_mul,full_product_v2,30,15,2,0,solved,solved,True,15,15,15,0.7212465964257717,0.06138473190367222,4027,423,92.78192710876465,7043,32,0,2,87.283,11.457,366.624,-1.0,0.9046,-1.0,-1.0,/home/josephluke/Program-Synthesis-for-Efficient-ML/results/hyperparameter_sweep/fine_v3/raw/fp32_mul_t30_i15_r02.json,/home/josephluke/Program-Synthesis-for-Efficient-ML/results/hyperparameter_sweep/fine_v3/raw/fp32_mul_t30_i15_r02.log
fp32_mul,fp32_mul,full_product_v2,30,15,3,0,solved,solved,True,15,15,15,0.7114409636706114,0.062007270753383636,3694,437,92.72918796539307,7044,32,0,2,87.283,11.457,366.624,-1.0,0.9046,-1.0,-1.0,/home/josephluke/Program-Synthesis-for-Efficient-ML/results/hyperparameter_sweep/fine_v3/raw/fp32_mul_t30_i15_r03.json,/home/josephluke/Program-Synthesis-for-Efficient-ML/results/hyperparameter_sweep/fine_v3/raw/fp32_mul_t30_i15_r03.log
fp32_mul,fp32_mul,full_product_v2,30,20,1,0,solved,solved,True,20,20,20,1.0742225237190723,0.07094228826463223,5936,423,93.0121340751648,7042,32,0,2,87.283,11.457,366.624,-1.0,0.9046,-1.0,-1.0,/home/josephluke/Program-Synthesis-for-Efficient-ML/results/hyperparameter_sweep/fine_v3/raw/fp32_mul_t30_i20_r01.json,/home/josephluke/Program-Synthesis-for-Efficient-ML/results/hyperparameter_sweep/fine_v3/raw/fp32_mul_t30_i20_r01.log
fp32_mul,fp32_mul,full_product_v2,30,20,2,0,solved,solved,True,20,20,20,1.0486610364168882,0.06859232671558857,6212,437,93.32916712760925,7043,32,0,2,87.283,11.457,366.624,-1.0,0.9046,-1.0,-1.0,/home/josephluke/Program-Synthesis-for-Efficient-ML/results/hyperparameter_sweep/fine_v3/raw/fp32_mul_t30_i20_r02.json,/home/josephluke/Program-Synthesis-for-Efficient-ML/results/hyperparameter_sweep/fine_v3/raw/fp32_mul_t30_i20_r02.log
fp32_mul,fp32_mul,full_product_v2,30,20,3,0,solved,solved,True,20,20,20,1.042380003258586,0.06880252435803413,5879,437,92.98898673057556,7044,32,0,2,87.283,11.457,366.624,-1.0,0.9046,-1.0,-1.0,/home/josephluke/Program-Synthesis-for-Efficient-ML/results/hyperparameter_sweep/fine_v3/raw/fp32_mul_t30_i20_r03.json,/home/josephluke/Program-Synthesis-for-Efficient-ML/results/hyperparameter_sweep/fine_v3/raw/fp32_mul_t30_i20_r03.log
fp32_mul,fp32_mul,full_product_v2,30,30,1,0,solved,solved,True,30,30,30,1.798406133428216,0.08189941011369228,10292,437,93.53266382217407,7042,32,0,2,87.283,11.457,366.624,-1.0,0.9046,-1.0,-1.0,/home/josephluke/Program-Synthesis-for-Efficient-ML/results/hyperparameter_sweep/fine_v3/raw/fp32_mul_t30_i30_r01.json,/home/josephluke/Program-Synthesis-for-Efficient-ML/results/hyperparameter_sweep/fine_v3/raw/fp32_mul_t30_i30_r01.log
fp32_mul,fp32_mul,full_product_v2,30,30,2,0,solved,solved,True,30,30,30,1.8176228422671556,0.08391596004366875,10582,437,93.91714143753052,7043,32,0,2,87.283,11.457,366.624,-1.0,0.9046,-1.0,-1.0,/home/josephluke/Program-Synthesis-for-Efficient-ML/results/hyperparameter_sweep/fine_v3/raw/fp32_mul_t30_i30_r02.json,/home/josephluke/Program-Synthesis-for-Efficient-ML/results/hyperparameter_sweep/fine_v3/raw/fp32_mul_t30_i30_r02.log
fp32_mul,fp32_mul,full_product_v2,30,30,3,0,solved,solved,True,30,30,30,1.8049423266202211,0.08329500444233418,10249,437,93.70441770553589,7044,32,0,2,87.283,11.457,366.624,-1.0,0.9046,-1.0,-1.0,/home/josephluke/Program-Synthesis-for-Efficient-ML/results/hyperparameter_sweep/fine_v3/raw/fp32_mul_t30_i30_r03.json,/home/josephluke/Program-Synthesis-for-Efficient-ML/results/hyperparameter_sweep/fine_v3/raw/fp32_mul_t30_i30_r03.log
fp32_mul,fp32_mul,full_product_v2,60,10,1,0,solved,solved,True,10,10,10,0.42199055664241314,0.05107123404741287,1826,356,92.41271543502808,7042,32,0,2,87.283,11.457,366.624,-1.0,0.9046,-1.0,-1.0,/home/josephluke/Program-Synthesis-for-Efficient-ML/results/hyperparameter_sweep/fine_v3/raw/fp32_mul_t60_i10_r01.json,/home/josephluke/Program-Synthesis-for-Efficient-ML/results/hyperparameter_sweep/fine_v3/raw/fp32_mul_t60_i10_r01.log
fp32_mul,fp32_mul,full_product_v2,60,10,2,0,solved,solved,True,10,10,10,0.42911595292389393,0.05241111479699612,1964,386,92.30323719978333,7043,32,0,2,87.283,11.457,366.624,-1.0,0.9046,-1.0,-1.0,/home/josephluke/Program-Synthesis-for-Efficient-ML/results/hyperparameter_sweep/fine_v3/raw/fp32_mul_t60_i10_r02.json,/home/josephluke/Program-Synthesis-for-Efficient-ML/results/hyperparameter_sweep/fine_v3/raw/fp32_mul_t60_i10_r02.log
fp32_mul,fp32_mul,full_product_v2,60,10,3,0,solved,solved,True,10,10,10,0.4161177258938551,0.05325588770210743,1537,397,92.41441082954407,7044,32,0,2,87.283,11.457,366.624,-1.0,0.9046,-1.0,-1.0,/home/josephluke/Program-Synthesis-for-Efficient-ML/results/hyperparameter_sweep/fine_v3/raw/fp32_mul_t60_i10_r03.json,/home/josephluke/Program-Synthesis-for-Efficient-ML/results/hyperparameter_sweep/fine_v3/raw/fp32_mul_t60_i10_r03.log
fp32_mul,fp32_mul,full_product_v2,60,15,1,0,solved,solved,True,15,15,15,0.7098399642854929,0.06001617759466171,3835,409,92.81026339530945,7042,32,0,2,87.283,11.457,366.624,-1.0,0.9046,-1.0,-1.0,/home/josephluke/Program-Synthesis-for-Efficient-ML/results/hyperparameter_sweep/fine_v3/raw/fp32_mul_t60_i15_r01.json,/home/josephluke/Program-Synthesis-for-Efficient-ML/results/hyperparameter_sweep/fine_v3/raw/fp32_mul_t60_i15_r01.log
fp32_mul,fp32_mul,full_product_v2,60,15,2,0,solved,solved,True,15,15,15,0.7190125565975904,0.06084373593330383,4027,423,92.74680948257446,7043,32,0,2,87.283,11.457,366.624,-1.0,0.9046,-1.0,-1.0,/home/josephluke/Program-Synthesis-for-Efficient-ML/results/hyperparameter_sweep/fine_v3/raw/fp32_mul_t60_i15_r02.json,/home/josephluke/Program-Synthesis-for-Efficient-ML/results/hyperparameter_sweep/fine_v3/raw/fp32_mul_t60_i15_r02.log
fp32_mul,fp32_mul,full_product_v2,60,15,3,0,solved,solved,True,15,15,15,0.7096000071614981,0.061641741544008255,3694,437,92.64408326148987,7044,32,0,2,87.283,11.457,366.624,-1.0,0.9046,-1.0,-1.0,/home/josephluke/Program-Synthesis-for-Efficient-ML/results/hyperparameter_sweep/fine_v3/raw/fp32_mul_t60_i15_r03.json,/home/josephluke/Program-Synthesis-for-Efficient-ML/results/hyperparameter_sweep/fine_v3/raw/fp32_mul_t60_i15_r03.log
fp32_mul,fp32_mul,full_product_v2,60,20,1,0,solved,solved,True,20,20,20,1.0365207847207785,0.06785336509346962,5936,423,93.23907160758972,7042,32,0,2,87.283,11.457,366.624,-1.0,0.9046,-1.0,-1.0,/home/josephluke/Program-Synthesis-for-Efficient-ML/results/hyperparameter_sweep/fine_v3/raw/fp32_mul_t60_i20_r01.json,/home/josephluke/Program-Synthesis-for-Efficient-ML/results/hyperparameter_sweep/fine_v3/raw/fp32_mul_t60_i20_r01.log
fp32_mul,fp32_mul,full_product_v2,60,20,2,0,solved,solved,True,20,20,20,1.0484894756227732,0.06912712380290031,6212,437,93.23971676826477,7043,32,0,2,87.283,11.457,366.624,-1.0,0.9046,-1.0,-1.0,/home/josephluke/Program-Synthesis-for-Efficient-ML/results/hyperparameter_sweep/fine_v3/raw/fp32_mul_t60_i20_r02.json,/home/josephluke/Program-Synthesis-for-Efficient-ML/results/hyperparameter_sweep/fine_v3/raw/fp32_mul_t60_i20_r02.log
fp32_mul,fp32_mul,full_product_v2,60,20,3,0,solved,solved,True,20,20,20,1.0417510028928518,0.06910965591669083,5879,437,92.91367936134338,7044,32,0,2,87.283,11.457,366.624,-1.0,0.9046,-1.0,-1.0,/home/josephluke/Program-Synthesis-for-Efficient-ML/results/hyperparameter_sweep/fine_v3/raw/fp32_mul_t60_i20_r03.json,/home/josephluke/Program-Synthesis-for-Efficient-ML/results/hyperparameter_sweep/fine_v3/raw/fp32_mul_t60_i20_r03.log
fp32_mul,fp32_mul,full_product_v2,60,30,1,0,solved,solved,True,30,30,30,1.8021042793989182,0.082635298371315,10292,437,93.88113641738892,7042,32,0,2,87.283,11.457,366.624,-1.0,0.9046,-1.0,-1.0,/home/josephluke/Program-Synthesis-for-Efficient-ML/results/hyperparameter_sweep/fine_v3/raw/fp32_mul_t60_i30_r01.json,/home/josephluke/Program-Synthesis-for-Efficient-ML/results/hyperparameter_sweep/fine_v3/raw/fp32_mul_t60_i30_r01.log
fp32_mul,fp32_mul,full_product_v2,60,30,2,0,solved,solved,True,30,30,30,1.8171940054744482,0.0829861480742693,10582,437,94.00933814048767,7043,32,0,2,87.283,11.457,366.624,-1.0,0.9046,-1.0,-1.0,/home/josephluke/Program-Synthesis-for-Efficient-ML/results/hyperparameter_sweep/fine_v3/raw/fp32_mul_t60_i30_r02.json,/home/josephluke/Program-Synthesis-for-Efficient-ML/results/hyperparameter_sweep/fine_v3/raw/fp32_mul_t60_i30_r02.log
fp32_mul,fp32_mul,full_product_v2,60,30,3,0,solved,solved,True,30,30,30,1.8073133025318384,0.08320898376405239,10249,437,91.63289999961853,7044,32,0,2,87.283,11.457,366.624,-1.0,0.9046,-1.0,-1.0,/home/josephluke/Program-Synthesis-for-Efficient-ML/results/hyperparameter_sweep/fine_v3/raw/fp32_mul_t60_i30_r03.json,/home/josephluke/Program-Synthesis-for-Efficient-ML/results/hyperparameter_sweep/fine_v3/raw/fp32_mul_t60_i30_r03.log
fp32_mul,fp32_mul,full_product_v2,120,10,1,0,solved,solved,True,10,10,10,0.4005432203412056,0.04823637939989567,1826,356,91.06466031074524,7042,32,0,2,87.283,11.457,366.624,-1.0,0.9046,-1.0,-1.0,/home/josephluke/Program-Synthesis-for-Efficient-ML/results/hyperparameter_sweep/fine_v3/raw/fp32_mul_t120_i10_r01.json,/home/josephluke/Program-Synthesis-for-Efficient-ML/results/hyperparameter_sweep/fine_v3/raw/fp32_mul_t120_i10_r01.log
fp32_mul,fp32_mul,full_product_v2,120,10,2,0,solved,solved,True,10,10,10,0.42934263683855534,0.05285306088626385,1964,386,90.29886722564697,7043,32,0,2,87.283,11.457,366.624,-1.0,0.9046,-1.0,-1.0,/home/josephluke/Program-Synthesis-for-Efficient-ML/results/hyperparameter_sweep/fine_v3/raw/fp32_mul_t120_i10_r02.json,/home/josephluke/Program-Synthesis-for-Efficient-ML/results/hyperparameter_sweep/fine_v3/raw/fp32_mul_t120_i10_r02.log
fp32_mul,fp32_mul,full_product_v2,120,10,3,0,solved,solved,True,10,10,10,0.4163670167326927,0.05303190089762211,1537,397,92.22861456871033,7044,32,0,2,87.283,11.457,366.624,-1.0,0.9046,-1.0,-1.0,/home/josephluke/Program-Synthesis-for-Efficient-ML/results/hyperparameter_sweep/fine_v3/raw/fp32_mul_t120_i10_r03.json,/home/josephluke/Program-Synthesis-for-Efficient-ML/results/hyperparameter_sweep/fine_v3/raw/fp32_mul_t120_i10_r03.log
fp32_mul,fp32_mul,full_product_v2,120,15,1,0,solved,solved,True,15,15,15,0.7092539593577385,0.060012441128492355,3835,409,92.90489506721497,7042,32,0,2,87.283,11.457,366.624,-1.0,0.9046,-1.0,-1.0,/home/josephluke/Program-Synthesis-for-Efficient-ML/results/hyperparameter_sweep/fine_v3/raw/fp32_mul_t120_i15_r01.json,/home/josephluke/Program-Synthesis-for-Efficient-ML/results/hyperparameter_sweep/fine_v3/raw/fp32_mul_t120_i15_r01.log
fp32_mul,fp32_mul,full_product_v2,120,15,2,0,solved,solved,True,15,15,15,0.7180194556713104,0.06095532514154911,4027,423,90.75727224349976,7043,32,0,2,87.283,11.457,366.624,-1.0,0.9046,-1.0,-1.0,/home/josephluke/Program-Synthesis-for-Efficient-ML/results/hyperparameter_sweep/fine_v3/raw/fp32_mul_t120_i15_r02.json,/home/josephluke/Program-Synthesis-for-Efficient-ML/results/hyperparameter_sweep/fine_v3/raw/fp32_mul_t120_i15_r02.log
fp32_mul,fp32_mul,full_product_v2,120,15,3,0,solved,solved,True,15,15,15,0.7103269211947918,0.06209639459848404,3694,437,91.23061442375183,7044,32,0,2,87.283,11.457,366.624,-1.0,0.9046,-1.0,-1.0,/home/josephluke/Program-Synthesis-for-Efficient-ML/results/hyperparameter_sweep/fine_v3/raw/fp32_mul_t120_i15_r03.json,/home/josephluke/Program-Synthesis-for-Efficient-ML/results/hyperparameter_sweep/fine_v3/raw/fp32_mul_t120_i15_r03.log
fp32_mul,fp32_mul,full_product_v2,120,20,1,0,solved,solved,True,20,20,20,1.0359159726649523,0.0679218377918005,5936,423,91.00860929489136,7042,32,0,2,87.283,11.457,366.624,-1.0,0.9046,-1.0,-1.0,/home/josephluke/Program-Synthesis-for-Efficient-ML/results/hyperparameter_sweep/fine_v3/raw/fp32_mul_t120_i20_r01.json,/home/josephluke/Program-Synthesis-for-Efficient-ML/results/hyperparameter_sweep/fine_v3/raw/fp32_mul_t120_i20_r01.log
fp32_mul,fp32_mul,full_product_v2,120,20,2,0,solved,solved,True,20,20,20,0.9875118192285299,0.06497330218553543,6212,437,93.00792217254639,7043,32,0,2,87.283,11.457,366.624,-1.0,0.9046,-1.0,-1.0,/home/josephluke/Program-Synthesis-for-Efficient-ML/results/hyperparameter_sweep/fine_v3/raw/fp32_mul_t120_i20_r02.json,/home/josephluke/Program-Synthesis-for-Efficient-ML/results/hyperparameter_sweep/fine_v3/raw/fp32_mul_t120_i20_r02.log
fp32_mul,fp32_mul,full_product_v2,120,20,3,0,solved,solved,True,20,20,20,1.042270578444004,0.06913394294679165,5879,437,91.11133861541748,7044,32,0,2,87.283,11.457,366.624,-1.0,0.9046,-1.0,-1.0,/home/josephluke/Program-Synthesis-for-Efficient-ML/results/hyperparameter_sweep/fine_v3/raw/fp32_mul_t120_i20_r03.json,/home/josephluke/Program-Synthesis-for-Efficient-ML/results/hyperparameter_sweep/fine_v3/raw/fp32_mul_t120_i20_r03.log
fp32_mul,fp32_mul,full_product_v2,120,30,1,0,solved,solved,True,30,30,30,1.800510624423623,0.08242386020720005,10292,437,93.670743227005,7042,32,0,2,87.283,11.457,366.624,-1.0,0.9046,-1.0,-1.0,/home/josephluke/Program-Synthesis-for-Efficient-ML/results/hyperparameter_sweep/fine_v3/raw/fp32_mul_t120_i30_r01.json,/home/josephluke/Program-Synthesis-for-Efficient-ML/results/hyperparameter_sweep/fine_v3/raw/fp32_mul_t120_i30_r01.log
fp32_mul,fp32_mul,full_product_v2,120,30,2,0,solved,solved,True,30,30,30,1.8130747601389885,0.08259230479598045,10582,437,92.1377866268158,7043,32,0,2,87.283,11.457,366.624,-1.0,0.9046,-1.0,-1.0,/home/josephluke/Program-Synthesis-for-Efficient-ML/results/hyperparameter_sweep/fine_v3/raw/fp32_mul_t120_i30_r02.json,/home/josephluke/Program-Synthesis-for-Efficient-ML/results/hyperparameter_sweep/fine_v3/raw/fp32_mul_t120_i30_r02.log
fp32_mul,fp32_mul,full_product_v2,120,30,3,0,solved,solved,True,30,30,30,1.710330193862319,0.07819927297532558,10249,437,92.99263310432434,7044,32,0,2,87.283,11.457,366.624,-1.0,0.9046,-1.0,-1.0,/home/josephluke/Program-Synthesis-for-Efficient-ML/results/hyperparameter_sweep/fine_v3/raw/fp32_mul_t120_i30_r03.json,/home/josephluke/Program-Synthesis-for-Efficient-ML/results/hyperparameter_sweep/fine_v3/raw/fp32_mul_t120_i30_r03.log
fp32_mul,fp32_mul,full_product_v2,180,10,1,0,solved,solved,True,10,10,10,0.4225401505827904,0.05132813937962055,1826,356,92.38176774978638,7042,32,0,2,87.283,11.457,366.624,-1.0,0.9046,-1.0,-1.0,/home/josephluke/Program-Synthesis-for-Efficient-ML/results/hyperparameter_sweep/fine_v3/raw/fp32_mul_t180_i10_r01.json,/home/josephluke/Program-Synthesis-for-Efficient-ML/results/hyperparameter_sweep/fine_v3/raw/fp32_mul_t180_i10_r01.log
fp32_mul,fp32_mul,full_product_v2,180,10,2,0,solved,solved,True,10,10,10,0.4287414140999317,0.05291540175676346,1964,386,91.75698709487915,7043,32,0,2,87.283,11.457,366.624,-1.0,0.9046,-1.0,-1.0,/home/josephluke/Program-Synthesis-for-Efficient-ML/results/hyperparameter_sweep/fine_v3/raw/fp32_mul_t180_i10_r02.json,/home/josephluke/Program-Synthesis-for-Efficient-ML/results/hyperparameter_sweep/fine_v3/raw/fp32_mul_t180_i10_r02.log
fp32_mul,fp32_mul,full_product_v2,180,10,3,0,solved,solved,True,10,10,10,0.4166325218975544,0.05320735089480877,1537,397,92.03979635238647,7044,32,0,2,87.283,11.457,366.624,-1.0,0.9046,-1.0,-1.0,/home/josephluke/Program-Synthesis-for-Efficient-ML/results/hyperparameter_sweep/fine_v3/raw/fp32_mul_t180_i10_r03.json,/home/josephluke/Program-Synthesis-for-Efficient-ML/results/hyperparameter_sweep/fine_v3/raw/fp32_mul_t180_i10_r03.log
fp32_mul,fp32_mul,full_product_v2,180,15,1,0,solved,solved,True,15,15,15,0.7200407888740301,0.061457281932234764,3835,409,92.51195502281189,7042,32,0,2,87.283,11.457,366.624,-1.0,0.9046,-1.0,-1.0,/home/josephluke/Program-Synthesis-for-Efficient-ML/results/hyperparameter_sweep/fine_v3/raw/fp32_mul_t180_i15_r01.json,/home/josephluke/Program-Synthesis-for-Efficient-ML/results/hyperparameter_sweep/fine_v3/raw/fp32_mul_t180_i15_r01.log
fp32_mul,fp32_mul,full_product_v2,180,15,2,0,solved,solved,True,15,15,15,0.7183474525809288,0.06177888438105583,4027,423,92.6978919506073,7043,32,0,2,87.283,11.457,366.624,-1.0,0.9046,-1.0,-1.0,/home/josephluke/Program-Synthesis-for-Efficient-ML/results/hyperparameter_sweep/fine_v3/raw/fp32_mul_t180_i15_r02.json,/home/josephluke/Program-Synthesis-for-Efficient-ML/results/hyperparameter_sweep/fine_v3/raw/fp32_mul_t180_i15_r02.log
fp32_mul,fp32_mul,full_product_v2,180,15,3,0,solved,solved,True,15,15,15,0.7204236667603254,0.06300486251711845,3694,437,92.42260503768921,7044,32,0,2,87.283,11.457,366.624,-1.0,0.9046,-1.0,-1.0,/home/josephluke/Program-Synthesis-for-Efficient-ML/results/hyperparameter_sweep/fine_v3/raw/fp32_mul_t180_i15_r03.json,/home/josephluke/Program-Synthesis-for-Efficient-ML/results/hyperparameter_sweep/fine_v3/raw/fp32_mul_t180_i15_r03.log
fp32_mul,fp32_mul,full_product_v2,180,20,1,0,solved,solved,True,20,20,20,1.0362480133771896,0.06860541738569736,5936,423,92.93928694725037,7042,32,0,2,87.283,11.457,366.624,-1.0,0.9046,-1.0,-1.0,/home/josephluke/Program-Synthesis-for-Efficient-ML/results/hyperparameter_sweep/fine_v3/raw/fp32_mul_t180_i20_r01.json,/home/josephluke/Program-Synthesis-for-Efficient-ML/results/hyperparameter_sweep/fine_v3/raw/fp32_mul_t180_i20_r01.log
fp32_mul,fp32_mul,full_product_v2,180,20,2,0,solved,solved,True,20,20,20,1.0461969766765833,0.06878069043159485,6212,437,92.95894145965576,7043,32,0,2,87.283,11.457,366.624,-1.0,0.9046,-1.0,-1.0,/home/josephluke/Program-Synthesis-for-Efficient-ML/results/hyperparameter_sweep/fine_v3/raw/fp32_mul_t180_i20_r02.json,/home/josephluke/Program-Synthesis-for-Efficient-ML/results/hyperparameter_sweep/fine_v3/raw/fp32_mul_t180_i20_r02.log
fp32_mul,fp32_mul,full_product_v2,180,20,3,0,solved,solved,True,20,20,20,1.045908235013485,0.0711736511439085,5879,437,92.82331538200378,7044,32,0,2,87.283,11.457,366.624,-1.0,0.9046,-1.0,-1.0,/home/josephluke/Program-Synthesis-for-Efficient-ML/results/hyperparameter_sweep/fine_v3/raw/fp32_mul_t180_i20_r03.json,/home/josephluke/Program-Synthesis-for-Efficient-ML/results/hyperparameter_sweep/fine_v3/raw/fp32_mul_t180_i20_r03.log
fp32_mul,fp32_mul,full_product_v2,180,30,1,0,solved,solved,True,30,30,30,1.7981478534638882,0.08197166584432125,10292,437,93.66488289833069,7042,32,0,2,87.283,11.457,366.624,-1.0,0.9046,-1.0,-1.0,/home/josephluke/Program-Synthesis-for-Efficient-ML/results/hyperparameter_sweep/fine_v3/raw/fp32_mul_t180_i30_r01.json,/home/josephluke/Program-Synthesis-for-Efficient-ML/results/hyperparameter_sweep/fine_v3/raw/fp32_mul_t180_i30_r01.log
fp32_mul,fp32_mul,full_product_v2,180,30,2,0,solved,solved,True,30,30,30,1.8189268819987774,0.08392012491822243,10582,437,93.79563665390015,7043,32,0,2,87.283,11.457,366.624,-1.0,0.9046,-1.0,-1.0,/home/josephluke/Program-Synthesis-for-Efficient-ML/results/hyperparameter_sweep/fine_v3/raw/fp32_mul_t180_i30_r02.json,/home/josephluke/Program-Synthesis-for-Efficient-ML/results/hyperparameter_sweep/fine_v3/raw/fp32_mul_t180_i30_r02.log
fp32_mul,fp32_mul,full_product_v2,180,30,3,0,solved,solved,True,30,30,30,1.8037776555866003,0.0826131571084261,10249,437,93.77309322357178,7044,32,0,2,87.283,11.457,366.624,-1.0,0.9046,-1.0,-1.0,/home/josephluke/Program-Synthesis-for-Efficient-ML/results/hyperparameter_sweep/fine_v3/raw/fp32_mul_t180_i30_r03.json,/home/josephluke/Program-Synthesis-for-Efficient-ML/results/hyperparameter_sweep/fine_v3/raw/fp32_mul_t180_i30_r03.log
fp32_mul,fp32_mul,full_product_v2,300,10,1,0,solved,solved,True,10,10,10,0.4242291785776615,0.051384225487709045,1826,356,92.36033582687378,7042,32,0,2,87.283,11.457,366.624,-1.0,0.9046,-1.0,-1.0,/home/josephluke/Program-Synthesis-for-Efficient-ML/results/hyperparameter_sweep/fine_v3/raw/fp32_mul_t300_i10_r01.json,/home/josephluke/Program-Synthesis-for-Efficient-ML/results/hyperparameter_sweep/fine_v3/raw/fp32_mul_t300_i10_r01.log
fp32_mul,fp32_mul,full_product_v2,300,10,2,0,solved,solved,True,10,10,10,0.4283325467258692,0.0523600485175848,1964,386,92.4596197605133,7043,32,0,2,87.283,11.457,366.624,-1.0,0.9046,-1.0,-1.0,/home/josephluke/Program-Synthesis-for-Efficient-ML/results/hyperparameter_sweep/fine_v3/raw/fp32_mul_t300_i10_r02.json,/home/josephluke/Program-Synthesis-for-Efficient-ML/results/hyperparameter_sweep/fine_v3/raw/fp32_mul_t300_i10_r02.log
fp32_mul,fp32_mul,full_product_v2,300,10,3,0,solved,solved,True,10,10,10,0.41454434022307396,0.0528172068297863,1537,397,92.59051942825317,7044,32,0,2,87.283,11.457,366.624,-1.0,0.9046,-1.0,-1.0,/home/josephluke/Program-Synthesis-for-Efficient-ML/results/hyperparameter_sweep/fine_v3/raw/fp32_mul_t300_i10_r03.json,/home/josephluke/Program-Synthesis-for-Efficient-ML/results/hyperparameter_sweep/fine_v3/raw/fp32_mul_t300_i10_r03.log
fp32_mul,fp32_mul,full_product_v2,300,15,1,0,solved,solved,True,15,15,15,0.7101860363036394,0.05998980812728405,3835,409,92.87871599197388,7042,32,0,2,87.283,11.457,366.624,-1.0,0.9046,-1.0,-1.0,/home/josephluke/Program-Synthesis-for-Efficient-ML/results/hyperparameter_sweep/fine_v3/raw/fp32_mul_t300_i15_r01.json,/home/josephluke/Program-Synthesis-for-Efficient-ML/results/hyperparameter_sweep/fine_v3/raw/fp32_mul_t300_i15_r01.log
fp32_mul,fp32_mul,full_product_v2,300,15,2,0,solved,solved,True,15,15,15,0.7181859519332647,0.06135907396674156,4027,423,92.59194254875183,7043,32,0,2,87.283,11.457,366.624,-1.0,0.9046,-1.0,-1.0,/home/josephluke/Program-Synthesis-for-Efficient-ML/results/hyperparameter_sweep/fine_v3/raw/fp32_mul_t300_i15_r02.json,/home/josephluke/Program-Synthesis-for-Efficient-ML/results/hyperparameter_sweep/fine_v3/raw/fp32_mul_t300_i15_r02.log
fp32_mul,fp32_mul,full_product_v2,300,15,3,0,solved,solved,True,15,15,15,0.7109912559390068,0.06278317049145699,3694,437,92.65198850631714,7044,32,0,2,87.283,11.457,366.624,-1.0,0.9046,-1.0,-1.0,/home/josephluke/Program-Synthesis-for-Efficient-ML/results/hyperparameter_sweep/fine_v3/raw/fp32_mul_t300_i15_r03.json,/home/josephluke/Program-Synthesis-for-Efficient-ML/results/hyperparameter_sweep/fine_v3/raw/fp32_mul_t300_i15_r03.log
fp32_mul,fp32_mul,full_product_v2,300,20,1,0,solved,solved,True,20,20,20,1.0343267135322094,0.06749401241540909,5936,423,92.99877882003784,7042,32,0,2,87.283,11.457,366.624,-1.0,0.9046,-1.0,-1.0,/home/josephluke/Program-Synthesis-for-Efficient-ML/results/hyperparameter_sweep/fine_v3/raw/fp32_mul_t300_i20_r01.json,/home/josephluke/Program-Synthesis-for-Efficient-ML/results/hyperparameter_sweep/fine_v3/raw/fp32_mul_t300_i20_r01.log
fp32_mul,fp32_mul,full_product_v2,300,20,2,0,solved,solved,True,20,20,20,1.0494672078639269,0.06913477554917336,6212,437,93.12142729759216,7043,32,0,2,87.283,11.457,366.624,-1.0,0.9046,-1.0,-1.0,/home/josephluke/Program-Synthesis-for-Efficient-ML/results/hyperparameter_sweep/fine_v3/raw/fp32_mul_t300_i20_r02.json,/home/josephluke/Program-Synthesis-for-Efficient-ML/results/hyperparameter_sweep/fine_v3/raw/fp32_mul_t300_i20_r02.log
fp32_mul,fp32_mul,full_product_v2,300,20,3,0,solved,solved,True,20,20,20,1.0425914488732815,0.06932224705815315,5879,437,93.03021812438965,7044,32,0,2,87.283,11.457,366.624,-1.0,0.9046,-1.0,-1.0,/home/josephluke/Program-Synthesis-for-Efficient-ML/results/hyperparameter_sweep/fine_v3/raw/fp32_mul_t300_i20_r03.json,/home/josephluke/Program-Synthesis-for-Efficient-ML/results/hyperparameter_sweep/fine_v3/raw/fp32_mul_t300_i20_r03.log
fp32_mul,fp32_mul,full_product_v2,300,30,1,0,solved,solved,True,30,30,30,1.7998790480196476,0.08204803243279457,10292,437,93.75883221626282,7042,32,0,2,87.283,11.457,366.624,-1.0,0.9046,-1.0,-1.0,/home/josephluke/Program-Synthesis-for-Efficient-ML/results/hyperparameter_sweep/fine_v3/raw/fp32_mul_t300_i30_r01.json,/home/josephluke/Program-Synthesis-for-Efficient-ML/results/hyperparameter_sweep/fine_v3/raw/fp32_mul_t300_i30_r01.log
fp32_mul,fp32_mul,full_product_v2,300,30,2,0,solved,solved,True,30,30,30,1.814899606630206,0.08298765681684017,10582,437,93.85592865943909,7043,32,0,2,87.283,11.457,366.624,-1.0,0.9046,-1.0,-1.0,/home/josephluke/Program-Synthesis-for-Efficient-ML/results/hyperparameter_sweep/fine_v3/raw/fp32_mul_t300_i30_r02.json,/home/josephluke/Program-Synthesis-for-Efficient-ML/results/hyperparameter_sweep/fine_v3/raw/fp32_mul_t300_i30_r02.log
fp32_mul,fp32_mul,full_product_v2,300,30,3,0,solved,solved,True,30,30,30,1.8043161258101463,0.0823878776282072,10249,437,93.68964695930481,7044,32,0,2,87.283,11.457,366.624,-1.0,0.9046,-1.0,-1.0,/home/josephluke/Program-Synthesis-for-Efficient-ML/results/hyperparameter_sweep/fine_v3/raw/fp32_mul_t300_i30_r03.json,/home/josephluke/Program-Synthesis-for-Efficient-ML/results/hyperparameter_sweep/fine_v3/raw/fp32_mul_t300_i30_r03.log
mxint8_add_sub,mxint8_add,full_sum,30,10,1,0,solved,solved,True,10,10,10,0.06893656216561794,0.007147904485464096,20,2,119.83915901184082,8042,70,0,0,33.996,29.4152,2059.064,-1.0,0.6779999999999999,4.8491065625,32.0,/home/josephluke/Program-Synthesis-for-Efficient-ML/results/hyperparameter_sweep/fine_v3/raw/mxint8_add_sub_t30_i10_r01.json,/home/josephluke/Program-Synthesis-for-Efficient-ML/results/hyperparameter_sweep/fine_v3/raw/mxint8_add_sub_t30_i10_r01.log
mxint8_add_sub,mxint8_add,full_sum,30,10,2,0,solved,solved,True,9,10,10,0.07038451731204987,0.0072419364005327225,20,2,119.7706880569458,8043,70,0,0,33.996,29.4152,2059.064,-1.0,0.6761,4.89866296875,32.0,/home/josephluke/Program-Synthesis-for-Efficient-ML/results/hyperparameter_sweep/fine_v3/raw/mxint8_add_sub_t30_i10_r02.json,/home/josephluke/Program-Synthesis-for-Efficient-ML/results/hyperparameter_sweep/fine_v3/raw/mxint8_add_sub_t30_i10_r02.log
mxint8_add_sub,mxint8_add,full_sum,30,10,3,0,solved,solved,True,9,10,10,0.06818865612149239,0.007104530930519104,20,2,119.6931962966919,8044,70,0,0,33.996,29.4152,2059.064,-1.0,0.6762999999999999,4.87146421875,32.0,/home/josephluke/Program-Synthesis-for-Efficient-ML/results/hyperparameter_sweep/fine_v3/raw/mxint8_add_sub_t30_i10_r03.json,/home/josephluke/Program-Synthesis-for-Efficient-ML/results/hyperparameter_sweep/fine_v3/raw/mxint8_add_sub_t30_i10_r03.log
mxint8_add_sub,mxint8_add,full_sum,30,15,1,0,solved,solved,True,15,15,15,0.11092658899724483,0.007892729714512825,30,2,120.38260555267334,8042,70,0,0,33.996,29.4152,2059.064,-1.0,0.6753,4.9131375,32.0,/home/josephluke/Program-Synthesis-for-Efficient-ML/results/hyperparameter_sweep/fine_v3/raw/mxint8_add_sub_t30_i15_r01.json,/home/josephluke/Program-Synthesis-for-Efficient-ML/results/hyperparameter_sweep/fine_v3/raw/mxint8_add_sub_t30_i15_r01.log
mxint8_add_sub,mxint8_add,full_sum,30,15,2,0,solved,solved,True,14,15,15,0.10572144016623497,0.007548799738287926,30,2,120.47476553916931,8043,70,0,0,33.996,29.4152,2059.064,-1.0,0.6753,4.912265625,32.0,/home/josephluke/Program-Synthesis-for-Efficient-ML/results/hyperparameter_sweep/fine_v3/raw/mxint8_add_sub_t30_i15_r02.json,/home/josephluke/Program-Synthesis-for-Efficient-ML/results/hyperparameter_sweep/fine_v3/raw/mxint8_add_sub_t30_i15_r02.log
mxint8_add_sub,mxint8_add,full_sum,30,15,3,0,solved,solved,True,14,15,15,0.10503729619085789,0.007794702425599098,30,2,120.38579249382019,8044,70,0,0,33.996,29.4152,2059.064,-1.0,0.6733,4.95722796875,32.0,/home/josephluke/Program-Synthesis-for-Efficient-ML/results/hyperparameter_sweep/fine_v3/raw/mxint8_add_sub_t30_i15_r03.json,/home/josephluke/Program-Synthesis-for-Efficient-ML/results/hyperparameter_sweep/fine_v3/raw/mxint8_add_sub_t30_i15_r03.log
mxint8_add_sub,mxint8_add,full_sum,30,20,1,0,solved,solved,True,20,20,20,0.14711383543908596,0.00795639306306839,40,2,122.6893949508667,8042,69,0,0,34.05,29.3686,2026.4334000000001,-1.0,0.677,4.86583109375,32.0,/home/josephluke/Program-Synthesis-for-Efficient-ML/results/hyperparameter_sweep/fine_v3/raw/mxint8_add_sub_t30_i20_r01.json,/home/josephluke/Program-Synthesis-for-Efficient-ML/results/hyperparameter_sweep/fine_v3/raw/mxint8_add_sub_t30_i20_r01.log
mxint8_add_sub,mxint8_add,full_sum,30,20,2,0,solved,solved,True,19,20,20,0.1437891386449337,0.007822193205356598,40,2,122.34169673919678,8043,59,0,0,34.05,29.3686,1732.7474,-1.0,0.6743000000000001,4.891155,32.0,/home/josephluke/Program-Synthesis-for-Efficient-ML/results/hyperparameter_sweep/fine_v3/raw/mxint8_add_sub_t30_i20_r02.json,/home/josephluke/Program-Synthesis-for-Efficient-ML/results/hyperparameter_sweep/fine_v3/raw/mxint8_add_sub_t30_i20_r02.log
mxint8_add_sub,mxint8_add,full_sum,30,20,3,0,solved,solved,True,19,20,20,0.14496657624840736,0.00776691734790802,40,2,122.1335518360138,8044,59,0,0,34.05,29.3686,1732.7474,-1.0,0.6755,4.88288375,32.0,/home/josephluke/Program-Synthesis-for-Efficient-ML/results/hyperparameter_sweep/fine_v3/raw/mxint8_add_sub_t30_i20_r03.json,/home/josephluke/Program-Synthesis-for-Efficient-ML/results/hyperparameter_sweep/fine_v3/raw/mxint8_add_sub_t30_i20_r03.log
mxint8_add_sub,mxint8_add,full_sum,30,30,1,0,solved,solved,True,29,30,30,0.22770018130540848,0.008410688489675522,60,2,130.40517830848694,8042,59,0,0,34.05,29.3686,1732.7474,-1.0,0.6759000000000001,4.8966421875,32.0,/home/josephluke/Program-Synthesis-for-Efficient-ML/results/hyperparameter_sweep/fine_v3/raw/mxint8_add_sub_t30_i30_r01.json,/home/josephluke/Program-Synthesis-for-Efficient-ML/results/hyperparameter_sweep/fine_v3/raw/mxint8_add_sub_t30_i30_r01.log
mxint8_add_sub,mxint8_add,full_sum,30,30,2,0,solved,solved,True,28,30,30,0.22434746101498604,0.008268164470791817,60,2,128.37633562088013,8043,59,0,0,34.05,29.3686,1732.7474,-1.0,0.6759999999999999,4.87897578125,32.0,/home/josephluke/Program-Synthesis-for-Efficient-ML/results/hyperparameter_sweep/fine_v3/raw/mxint8_add_sub_t30_i30_r02.json,/home/josephluke/Program-Synthesis-for-Efficient-ML/results/hyperparameter_sweep/fine_v3/raw/mxint8_add_sub_t30_i30_r02.log
mxint8_add_sub,mxint8_add,full_sum,30,30,3,0,solved,solved,True,29,30,30,0.2252467144280672,0.008331893011927605,60,2,128.96095299720764,8044,59,0,0,34.05,29.3686,1732.7474,-1.0,0.6744,4.9096596875,32.0,/home/josephluke/Program-Synthesis-for-Efficient-ML/results/hyperparameter_sweep/fine_v3/raw/mxint8_add_sub_t30_i30_r03.json,/home/josephluke/Program-Synthesis-for-Efficient-ML/results/hyperparameter_sweep/fine_v3/raw/mxint8_add_sub_t30_i30_r03.log
mxint8_add_sub,mxint8_add,full_sum,60,10,1,0,solved,solved,True,10,10,10,0.06921397522091866,0.007248265668749809,20,2,119.81874299049377,8042,70,0,0,33.996,29.4152,2059.064,-1.0,0.6748999999999999,4.912039453125,32.0,/home/josephluke/Program-Synthesis-for-Efficient-ML/results/hyperparameter_sweep/fine_v3/raw/mxint8_add_sub_t60_i10_r01.json,/home/josephluke/Program-Synthesis-for-Efficient-ML/results/hyperparameter_sweep/fine_v3/raw/mxint8_add_sub_t60_i10_r01.log
mxint8_add_sub,mxint8_add,full_sum,60,10,2,0,solved,solved,True,9,10,10,0.06959116086363792,0.007359255105257034,20,2,119.50751972198486,8043,70,0,0,33.996,29.4152,2059.064,-1.0,0.6758,4.8911359375,32.0,/home/josephluke/Program-Synthesis-for-Efficient-ML/results/hyperparameter_sweep/fine_v3/raw/mxint8_add_sub_t60_i10_r02.json,/home/josephluke/Program-Synthesis-for-Efficient-ML/results/hyperparameter_sweep/fine_v3/raw/mxint8_add_sub_t60_i10_r02.log
mxint8_add_sub,mxint8_add,full_sum,60,10,3,0,solved,solved,True,9,10,10,0.06868749111890793,0.007272183895111084,20,2,119.82597064971924,8044,70,0,0,33.996,29.4152,2059.064,-1.0,0.6753,4.878719375,32.0,/home/josephluke/Program-Synthesis-for-Efficient-ML/results/hyperparameter_sweep/fine_v3/raw/mxint8_add_sub_t60_i10_r03.json,/home/josephluke/Program-Synthesis-for-Efficient-ML/results/hyperparameter_sweep/fine_v3/raw/mxint8_add_sub_t60_i10_r03.log
mxint8_add_sub,mxint8_add,full_sum,60,15,1,0,solved,solved,True,15,15,15,0.1059330403804779,0.007473977282643318,30,2,120.95772552490234,8042,70,0,0,33.996,29.4152,2059.064,-1.0,0.6720999999999999,4.9468128125,32.0,/home/josephluke/Program-Synthesis-for-Efficient-ML/results/hyperparameter_sweep/fine_v3/raw/mxint8_add_sub_t60_i15_r01.json,/home/josephluke/Program-Synthesis-for-Efficient-ML/results/hyperparameter_sweep/fine_v3/raw/mxint8_add_sub_t60_i15_r01.log
mxint8_add_sub,mxint8_add,full_sum,60,15,2,0,solved,solved,True,14,15,15,0.10680177621543407,0.00754208117723465,30,2,120.23481130599976,8043,70,0,0,33.996,29.4152,2059.064,-1.0,0.6731999999999999,4.92845,32.0,/home/josephluke/Program-Synthesis-for-Efficient-ML/results/hyperparameter_sweep/fine_v3/raw/mxint8_add_sub_t60_i15_r02.json,/home/josephluke/Program-Synthesis-for-Efficient-ML/results/hyperparameter_sweep/fine_v3/raw/mxint8_add_sub_t60_i15_r02.log
mxint8_add_sub,mxint8_add,full_sum,60,15,3,0,solved,solved,True,14,15,15,0.10424302145838737,0.007357761263847351,30,2,120.29005336761475,8044,70,0,0,33.996,29.4152,2059.064,-1.0,0.6737000000000001,4.8950478125,32.0,/home/josephluke/Program-Synthesis-for-Efficient-ML/results/hyperparameter_sweep/fine_v3/raw/mxint8_add_sub_t60_i15_r03.json,/home/josephluke/Program-Synthesis-for-Efficient-ML/results/hyperparameter_sweep/fine_v3/raw/mxint8_add_sub_t60_i15_r03.log
mxint8_add_sub,mxint8_add,full_sum,60,20,1,0,solved,solved,True,20,20,20,0.14634821563959122,0.0077627841383218765,40,2,120.42550325393677,8042,69,0,0,34.05,29.3686,2026.4334000000001,-1.0,0.6757,4.9054728125,32.0,/home/josephluke/Program-Synthesis-for-Efficient-ML/results/hyperparameter_sweep/fine_v3/raw/mxint8_add_sub_t60_i20_r01.json,/home/josephluke/Program-Synthesis-for-Efficient-ML/results/hyperparameter_sweep/fine_v3/raw/mxint8_add_sub_t60_i20_r01.log
mxint8_add_sub,mxint8_add,full_sum,60,20,2,0,solved,solved,True,19,20,20,0.1506877075880766,0.008048823103308678,40,2,121.72220516204834,8043,59,0,0,34.05,29.3686,1732.7474,-1.0,0.6737000000000001,4.922559375,32.0,/home/josephluke/Program-Synthesis-for-Efficient-ML/results/hyperparameter_sweep/fine_v3/raw/mxint8_add_sub_t60_i20_r02.json,/home/josephluke/Program-Synthesis-for-Efficient-ML/results/hyperparameter_sweep/fine_v3/raw/mxint8_add_sub_t60_i20_r02.log
mxint8_add_sub,mxint8_add,full_sum,60,20,3,0,solved,solved,True,19,20,20,0.14419319294393063,0.007895464077591896,40,2,119.57225012779236,8044,59,0,0,34.05,29.3686,1732.7474,-1.0,0.6751999999999999,4.904584375,32.0,/home/josephluke/Program-Synthesis-for-Efficient-ML/results/hyperparameter_sweep/fine_v3/raw/mxint8_add_sub_t60_i20_r03.json,/home/josephluke/Program-Synthesis-for-Efficient-ML/results/hyperparameter_sweep/fine_v3/raw/mxint8_add_sub_t60_i20_r03.log
mxint8_add_sub,mxint8_add,full_sum,60,30,1,0,solved,solved,True,29,30,30,0.22141761146485806,0.008450429886579514,60,2,129.41118383407593,8042,59,0,0,34.05,29.3686,1732.7474,-1.0,0.6759000000000001,4.893980625,32.0,/home/josephluke/Program-Synthesis-for-Efficient-ML/results/hyperparameter_sweep/fine_v3/raw/mxint8_add_sub_t60_i30_r01.json,/home/josephluke/Program-Synthesis-for-Efficient-ML/results/hyperparameter_sweep/fine_v3/raw/mxint8_add_sub_t60_i30_r01.log
mxint8_add_sub,mxint8_add,full_sum,60,30,2,0,solved,solved,True,28,30,30,0.22818005830049515,0.008633144199848175,60,2,128.40002727508545,8043,59,0,0,34.05,29.3686,1732.7474,-1.0,0.6739,4.8850178125,32.0,/home/josephluke/Program-Synthesis-for-Efficient-ML/results/hyperparameter_sweep/fine_v3/raw/mxint8_add_sub_t60_i30_r02.json,/home/josephluke/Program-Synthesis-for-Efficient-ML/results/hyperparameter_sweep/fine_v3/raw/mxint8_add_sub_t60_i30_r02.log
mxint8_add_sub,mxint8_add,full_sum,60,30,3,0,solved,solved,True,29,30,30,0.22426221147179604,0.008565664291381836,60,2,128.67914938926697,8044,59,0,0,34.05,29.3686,1732.7474,-1.0,0.6776000000000001,4.88003,32.0,/home/josephluke/Program-Synthesis-for-Efficient-ML/results/hyperparameter_sweep/fine_v3/raw/mxint8_add_sub_t60_i30_r03.json,/home/josephluke/Program-Synthesis-for-Efficient-ML/results/hyperparameter_sweep/fine_v3/raw/mxint8_add_sub_t60_i30_r03.log
mxint8_add_sub,mxint8_add,full_sum,120,10,1,0,solved,solved,True,10,10,10,0.06901577487587929,0.00720149464905262,20,2,119.64455223083496,8042,70,0,0,33.996,29.4152,2059.064,-1.0,0.6766,4.8677846875,32.0,/home/josephluke/Program-Synthesis-for-Efficient-ML/results/hyperparameter_sweep/fine_v3/raw/mxint8_add_sub_t120_i10_r01.json,/home/josephluke/Program-Synthesis-for-Efficient-ML/results/hyperparameter_sweep/fine_v3/raw/mxint8_add_sub_t120_i10_r01.log
mxint8_add_sub,mxint8_add,full_sum,120,10,2,0,solved,solved,True,9,10,10,0.06786547228693962,0.007098831236362457,20,2,119.45440888404846,8043,70,0,0,33.996,29.4152,2059.064,-1.0,0.6770999999999999,4.8574296875,32.0,/home/josephluke/Program-Synthesis-for-Efficient-ML/results/hyperparameter_sweep/fine_v3/raw/mxint8_add_sub_t120_i10_r02.json,/home/josephluke/Program-Synthesis-for-Efficient-ML/results/hyperparameter_sweep/fine_v3/raw/mxint8_add_sub_t120_i10_r02.log
mxint8_add_sub,mxint8_add,full_sum,120,10,3,0,solved,solved,True,9,10,10,0.06803023628890514,0.00716441310942173,20,2,119.74426007270813,8044,70,0,0,33.996,29.4152,2059.064,-1.0,0.6740999999999999,4.89301265625,32.0,/home/josephluke/Program-Synthesis-for-Efficient-ML/results/hyperparameter_sweep/fine_v3/raw/mxint8_add_sub_t120_i10_r03.json,/home/josephluke/Program-Synthesis-for-Efficient-ML/results/hyperparameter_sweep/fine_v3/raw/mxint8_add_sub_t120_i10_r03.log
mxint8_add_sub,mxint8_add,full_sum,120,15,1,0,solved,solved,True,15,15,15,0.10580642335116863,0.007592286914587021,30,2,121.02708172798157,8042,70,0,0,33.996,29.4152,2059.064,-1.0,0.6766,4.87510515625,32.0,/home/josephluke/Program-Synthesis-for-Efficient-ML/results/hyperparameter_sweep/fine_v3/raw/mxint8_add_sub_t120_i15_r01.json,/home/josephluke/Program-Synthesis-for-Efficient-ML/results/hyperparameter_sweep/fine_v3/raw/mxint8_add_sub_t120_i15_r01.log
mxint8_add_sub,mxint8_add,full_sum,120,15,2,0,solved,solved,True,14,15,15,0.10478300042450428,0.007403019815683365,30,2,119.8629822731018,8043,70,0,0,33.996,29.4152,2059.064,-1.0,0.6759999999999999,4.87791265625,32.0,/home/josephluke/Program-Synthesis-for-Efficient-ML/results/hyperparameter_sweep/fine_v3/raw/mxint8_add_sub_t120_i15_r02.json,/home/josephluke/Program-Synthesis-for-Efficient-ML/results/hyperparameter_sweep/fine_v3/raw/mxint8_add_sub_t120_i15_r02.log
mxint8_add_sub,mxint8_add,full_sum,120,15,3,0,solved,solved,True,14,15,15,0.1046160738915205,0.0076890625059604645,30,2,120.46490216255188,8044,70,0,0,33.996,29.4152,2059.064,-1.0,0.6742,4.9168203125,32.0,/home/josephluke/Program-Synthesis-for-Efficient-ML/results/hyperparameter_sweep/fine_v3/raw/mxint8_add_sub_t120_i15_r03.json,/home/josephluke/Program-Synthesis-for-Efficient-ML/results/hyperparameter_sweep/fine_v3/raw/mxint8_add_sub_t120_i15_r03.log
mxint8_add_sub,mxint8_add,full_sum,120,20,1,0,solved,solved,True,20,20,20,0.15099399164319038,0.008462658151984215,40,2,122.35662698745728,8042,69,0,0,34.05,29.3686,2026.4334000000001,-1.0,0.6759000000000001,4.8768984375,32.0,/home/josephluke/Program-Synthesis-for-Efficient-ML/results/hyperparameter_sweep/fine_v3/raw/mxint8_add_sub_t120_i20_r01.json,/home/josephluke/Program-Synthesis-for-Efficient-ML/results/hyperparameter_sweep/fine_v3/raw/mxint8_add_sub_t120_i20_r01.log
mxint8_add_sub,mxint8_add,full_sum,120,20,2,0,solved,solved,True,19,20,20,0.1495700143277645,0.008323786780238152,40,2,121.48557686805725,8043,59,0,0,34.05,29.3686,1732.7474,-1.0,0.6748000000000001,4.9027965625,32.0,/home/josephluke/Program-Synthesis-for-Efficient-ML/results/hyperparameter_sweep/fine_v3/raw/mxint8_add_sub_t120_i20_r02.json,/home/josephluke/Program-Synthesis-for-Efficient-ML/results/hyperparameter_sweep/fine_v3/raw/mxint8_add_sub_t120_i20_r02.log
mxint8_add_sub,mxint8_add,full_sum,120,20,3,0,solved,solved,True,19,20,20,0.14339563436806202,0.007709631696343422,40,2,122.18562388420105,8044,59,0,0,34.05,29.3686,1732.7474,-1.0,0.6746,4.8949275,32.0,/home/josephluke/Program-Synthesis-for-Efficient-ML/results/hyperparameter_sweep/fine_v3/raw/mxint8_add_sub_t120_i20_r03.json,/home/josephluke/Program-Synthesis-for-Efficient-ML/results/hyperparameter_sweep/fine_v3/raw/mxint8_add_sub_t120_i20_r03.log
mxint8_add_sub,mxint8_add,full_sum,120,30,1,0,solved,solved,True,29,30,30,0.22701278142631054,0.008415263146162033,60,2,130.55996179580688,8042,59,0,0,34.05,29.3686,1732.7474,-1.0,0.6743000000000001,4.897411875,32.0,/home/josephluke/Program-Synthesis-for-Efficient-ML/results/hyperparameter_sweep/fine_v3/raw/mxint8_add_sub_t120_i30_r01.json,/home/josephluke/Program-Synthesis-for-Efficient-ML/results/hyperparameter_sweep/fine_v3/raw/mxint8_add_sub_t120_i30_r01.log
mxint8_add_sub,mxint8_add,full_sum,120,30,2,0,solved,solved,True,28,30,30,0.22524207271635532,0.008424852043390274,60,2,128.69461679458618,8043,59,0,0,34.05,29.3686,1732.7474,-1.0,0.6744,4.9404559375,32.0,/home/josephluke/Program-Synthesis-for-Efficient-ML/results/hyperparameter_sweep/fine_v3/raw/mxint8_add_sub_t120_i30_r02.json,/home/josephluke/Program-Synthesis-for-Efficient-ML/results/hyperparameter_sweep/fine_v3/raw/mxint8_add_sub_t120_i30_r02.log
mxint8_add_sub,mxint8_add,full_sum,120,30,3,0,solved,solved,True,29,30,30,0.22671730816364288,0.008420264348387718,60,2,128.48927903175354,8044,59,0,0,34.05,29.3686,1732.7474,-1.0,0.6729,4.96750625,32.0,/home/josephluke/Program-Synthesis-for-Efficient-ML/results/hyperparameter_sweep/fine_v3/raw/mxint8_add_sub_t120_i30_r03.json,/home/josephluke/Program-Synthesis-for-Efficient-ML/results/hyperparameter_sweep/fine_v3/raw/mxint8_add_sub_t120_i30_r03.log
mxint8_add_sub,mxint8_add,full_sum,180,10,1,0,solved,solved,True,10,10,10,0.06964562088251114,0.007401898503303528,20,2,116.42243719100952,8042,70,0,0,33.996,29.4152,2059.064,-1.0,0.6758,4.90618171875,32.0,/home/josephluke/Program-Synthesis-for-Efficient-ML/results/hyperparameter_sweep/fine_v3/raw/mxint8_add_sub_t180_i10_r01.json,/home/josephluke/Program-Synthesis-for-Efficient-ML/results/hyperparameter_sweep/fine_v3/raw/mxint8_add_sub_t180_i10_r01.log
mxint8_add_sub,mxint8_add,full_sum,180,10,2,0,solved,solved,True,9,10,10,0.06851139478385448,0.007394896820187569,20,2,119.11907601356506,8043,70,0,0,33.996,29.4152,2059.064,-1.0,0.675,4.91829875,32.0,/home/josephluke/Program-Synthesis-for-Efficient-ML/results/hyperparameter_sweep/fine_v3/raw/mxint8_add_sub_t180_i10_r02.json,/home/josephluke/Program-Synthesis-for-Efficient-ML/results/hyperparameter_sweep/fine_v3/raw/mxint8_add_sub_t180_i10_r02.log
mxint8_add_sub,mxint8_add,full_sum,180,10,3,0,solved,solved,True,9,10,10,0.06829819083213806,0.007230198010802269,20,2,119.9273898601532,8044,70,0,0,33.996,29.4152,2059.064,-1.0,0.6739,4.89886125,32.0,/home/josephluke/Program-Synthesis-for-Efficient-ML/results/hyperparameter_sweep/fine_v3/raw/mxint8_add_sub_t180_i10_r03.json,/home/josephluke/Program-Synthesis-for-Efficient-ML/results/hyperparameter_sweep/fine_v3/raw/mxint8_add_sub_t180_i10_r03.log
mxint8_add_sub,mxint8_add,full_sum,180,15,1,0,solved,solved,True,15,15,15,0.10541876778006554,0.007455198094248772,30,2,121.1441581249237,8042,70,0,0,33.996,29.4152,2059.064,-1.0,0.6745,4.8829234375,32.0,/home/josephluke/Program-Synthesis-for-Efficient-ML/results/hyperparameter_sweep/fine_v3/raw/mxint8_add_sub_t180_i15_r01.json,/home/josephluke/Program-Synthesis-for-Efficient-ML/results/hyperparameter_sweep/fine_v3/raw/mxint8_add_sub_t180_i15_r01.log
mxint8_add_sub,mxint8_add,full_sum,180,15,2,0,solved,solved,True,14,15,15,0.1045702937990427,0.007421616464853287,30,2,118.78319835662842,8043,70,0,0,33.996,29.4152,2059.064,-1.0,0.6733,4.926288125,32.0,/home/josephluke/Program-Synthesis-for-Efficient-ML/results/hyperparameter_sweep/fine_v3/raw/mxint8_add_sub_t180_i15_r02.json,/home/josephluke/Program-Synthesis-for-Efficient-ML/results/hyperparameter_sweep/fine_v3/raw/mxint8_add_sub_t180_i15_r02.log
mxint8_add_sub,mxint8_add,full_sum,180,15,3,0,solved,solved,True,14,15,15,0.10440099984407425,0.007445205003023148,30,2,118.92895197868347,8044,70,0,0,33.996,29.4152,2059.064,-1.0,0.6751,4.892055625,32.0,/home/josephluke/Program-Synthesis-for-Efficient-ML/results/hyperparameter_sweep/fine_v3/raw/mxint8_add_sub_t180_i15_r03.json,/home/josephluke/Program-Synthesis-for-Efficient-ML/results/hyperparameter_sweep/fine_v3/raw/mxint8_add_sub_t180_i15_r03.log
mxint8_add_sub,mxint8_add,full_sum,180,20,1,0,solved,solved,True,20,20,20,0.1448782104998827,0.007760254666209221,40,2,122.56465148925781,8042,69,0,0,34.05,29.3686,2026.4334000000001,-1.0,0.6758,4.89625625,32.0,/home/josephluke/Program-Synthesis-for-Efficient-ML/results/hyperparameter_sweep/fine_v3/raw/mxint8_add_sub_t180_i20_r01.json,/home/josephluke/Program-Synthesis-for-Efficient-ML/results/hyperparameter_sweep/fine_v3/raw/mxint8_add_sub_t180_i20_r01.log
mxint8_add_sub,mxint8_add,full_sum,180,20,2,0,solved,solved,True,19,20,20,0.14409218356013298,0.007950874045491219,40,2,120.91539907455444,8043,59,0,0,34.05,29.3686,1732.7474,-1.0,0.6757,4.90380765625,32.0,/home/josephluke/Program-Synthesis-for-Efficient-ML/results/hyperparameter_sweep/fine_v3/raw/mxint8_add_sub_t180_i20_r02.json,/home/josephluke/Program-Synthesis-for-Efficient-ML/results/hyperparameter_sweep/fine_v3/raw/mxint8_add_sub_t180_i20_r02.log
mxint8_add_sub,mxint8_add,full_sum,180,20,3,0,solved,solved,True,19,20,20,0.1423730719834566,0.007728109136223793,40,2,118.65696310997009,8044,59,0,0,34.05,29.3686,1732.7474,-1.0,0.6736,4.90260421875,32.0,/home/josephluke/Program-Synthesis-for-Efficient-ML/results/hyperparameter_sweep/fine_v3/raw/mxint8_add_sub_t180_i20_r03.json,/home/josephluke/Program-Synthesis-for-Efficient-ML/results/hyperparameter_sweep/fine_v3/raw/mxint8_add_sub_t180_i20_r03.log
mxint8_add_sub,mxint8_add,full_sum,180,30,1,0,solved,solved,True,29,30,30,0.25493481010198593,0.009467268362641335,60,2,129.0313105583191,8042,59,0,0,34.05,29.3686,1732.7474,-1.0,0.6751999999999999,4.91069375,32.0,/home/josephluke/Program-Synthesis-for-Efficient-ML/results/hyperparameter_sweep/fine_v3/raw/mxint8_add_sub_t180_i30_r01.json,/home/josephluke/Program-Synthesis-for-Efficient-ML/results/hyperparameter_sweep/fine_v3/raw/mxint8_add_sub_t180_i30_r01.log
mxint8_add_sub,mxint8_add,full_sum,180,30,2,0,solved,solved,True,28,30,30,0.22623441740870476,0.008420832455158234,60,2,129.15884709358215,8043,59,0,0,34.05,29.3686,1732.7474,-1.0,0.6753,4.905115625,32.0,/home/josephluke/Program-Synthesis-for-Efficient-ML/results/hyperparameter_sweep/fine_v3/raw/mxint8_add_sub_t180_i30_r02.json,/home/josephluke/Program-Synthesis-for-Efficient-ML/results/hyperparameter_sweep/fine_v3/raw/mxint8_add_sub_t180_i30_r02.log
mxint8_add_sub,mxint8_add,full_sum,180,30,3,0,solved,solved,True,29,30,30,0.22393730096518993,0.008600391447544098,60,2,125.2425217628479,8044,59,0,0,34.05,29.3686,1732.7474,-1.0,0.6734,4.93174,32.0,/home/josephluke/Program-Synthesis-for-Efficient-ML/results/hyperparameter_sweep/fine_v3/raw/mxint8_add_sub_t180_i30_r03.json,/home/josephluke/Program-Synthesis-for-Efficient-ML/results/hyperparameter_sweep/fine_v3/raw/mxint8_add_sub_t180_i30_r03.log
mxint8_add_sub,mxint8_add,full_sum,300,10,1,0,solved,solved,True,10,10,10,0.06788957491517067,0.00726175494492054,20,2,117.81842637062073,8042,70,0,0,33.996,29.4152,2059.064,-1.0,0.6757,4.87319390625,32.0,/home/josephluke/Program-Synthesis-for-Efficient-ML/results/hyperparameter_sweep/fine_v3/raw/mxint8_add_sub_t300_i10_r01.json,/home/josephluke/Program-Synthesis-for-Efficient-ML/results/hyperparameter_sweep/fine_v3/raw/mxint8_add_sub_t300_i10_r01.log
mxint8_add_sub,mxint8_add,full_sum,300,10,2,0,solved,solved,True,9,10,10,0.067957928404212,0.007101163268089294,20,2,116.6998643875122,8043,70,0,0,33.996,29.4152,2059.064,-1.0,0.6740999999999999,4.949704375,32.0,/home/josephluke/Program-Synthesis-for-Efficient-ML/results/hyperparameter_sweep/fine_v3/raw/mxint8_add_sub_t300_i10_r02.json,/home/josephluke/Program-Synthesis-for-Efficient-ML/results/hyperparameter_sweep/fine_v3/raw/mxint8_add_sub_t300_i10_r02.log
mxint8_add_sub,mxint8_add,full_sum,300,10,3,0,solved,solved,True,9,10,10,0.06793536432087421,0.00707169808447361,20,2,117.85520911216736,8044,70,0,0,33.996,29.4152,2059.064,-1.0,0.6754000000000001,4.919373828125,32.0,/home/josephluke/Program-Synthesis-for-Efficient-ML/results/hyperparameter_sweep/fine_v3/raw/mxint8_add_sub_t300_i10_r03.json,/home/josephluke/Program-Synthesis-for-Efficient-ML/results/hyperparameter_sweep/fine_v3/raw/mxint8_add_sub_t300_i10_r03.log
mxint8_add_sub,mxint8_add,full_sum,300,15,1,0,solved,solved,True,15,15,15,0.10613195225596428,0.007471097633242607,30,2,120.78059935569763,8042,70,0,0,33.996,29.4152,2059.064,-1.0,0.6773,4.860231875,32.0,/home/josephluke/Program-Synthesis-for-Efficient-ML/results/hyperparameter_sweep/fine_v3/raw/mxint8_add_sub_t300_i15_r01.json,/home/josephluke/Program-Synthesis-for-Efficient-ML/results/hyperparameter_sweep/fine_v3/raw/mxint8_add_sub_t300_i15_r01.log
mxint8_add_sub,mxint8_add,full_sum,300,15,2,0,solved,solved,True,14,15,15,0.10985221713781357,0.007899882271885872,30,2,120.34067678451538,8043,70,0,0,33.996,29.4152,2059.064,-1.0,0.675,4.899491875,32.0,/home/josephluke/Program-Synthesis-for-Efficient-ML/results/hyperparameter_sweep/fine_v3/raw/mxint8_add_sub_t300_i15_r02.json,/home/josephluke/Program-Synthesis-for-Efficient-ML/results/hyperparameter_sweep/fine_v3/raw/mxint8_add_sub_t300_i15_r02.log
mxint8_add_sub,mxint8_add,full_sum,300,15,3,0,solved,solved,True,14,15,15,0.1045320350676775,0.0075690168887376785,30,2,120.18510341644287,8044,70,0,0,33.996,29.4152,2059.064,-1.0,0.677,4.872693125,32.0,/home/josephluke/Program-Synthesis-for-Efficient-ML/results/hyperparameter_sweep/fine_v3/raw/mxint8_add_sub_t300_i15_r03.json,/home/josephluke/Program-Synthesis-for-Efficient-ML/results/hyperparameter_sweep/fine_v3/raw/mxint8_add_sub_t300_i15_r03.log
mxint8_add_sub,mxint8_add,full_sum,300,20,1,0,solved,solved,True,20,20,20,0.14727479219436646,0.007912982255220413,40,2,122.65395522117615,8042,69,0,0,34.05,29.3686,2026.4334000000001,-1.0,0.6731,4.924221875,32.0,/home/josephluke/Program-Synthesis-for-Efficient-ML/results/hyperparameter_sweep/fine_v3/raw/mxint8_add_sub_t300_i20_r01.json,/home/josephluke/Program-Synthesis-for-Efficient-ML/results/hyperparameter_sweep/fine_v3/raw/mxint8_add_sub_t300_i20_r01.log
mxint8_add_sub,mxint8_add,full_sum,300,20,2,0,solved,solved,True,19,20,20,0.14739372581243515,0.00824517197906971,40,2,121.80348777770996,8043,59,0,0,34.05,29.3686,1732.7474,-1.0,0.6768000000000001,4.872765625,32.0,/home/josephluke/Program-Synthesis-for-Efficient-ML/results/hyperparameter_sweep/fine_v3/raw/mxint8_add_sub_t300_i20_r02.json,/home/josephluke/Program-Synthesis-for-Efficient-ML/results/hyperparameter_sweep/fine_v3/raw/mxint8_add_sub_t300_i20_r02.log
mxint8_add_sub,mxint8_add,full_sum,300,20,3,0,solved,solved,True,19,20,20,0.1461290679872036,0.008041298016905785,40,2,122.48479056358337,8044,59,0,0,34.05,29.3686,1732.7474,-1.0,0.6751999999999999,4.9058721875,32.0,/home/josephluke/Program-Synthesis-for-Efficient-ML/results/hyperparameter_sweep/fine_v3/raw/mxint8_add_sub_t300_i20_r03.json,/home/josephluke/Program-Synthesis-for-Efficient-ML/results/hyperparameter_sweep/fine_v3/raw/mxint8_add_sub_t300_i20_r03.log
mxint8_add_sub,mxint8_add,full_sum,300,30,1,0,solved,solved,True,29,30,30,0.22616983391344547,0.008247898891568184,60,2,130.64185500144958,8042,59,0,0,34.05,29.3686,1732.7474,-1.0,0.6751,4.921795625,32.0,/home/josephluke/Program-Synthesis-for-Efficient-ML/results/hyperparameter_sweep/fine_v3/raw/mxint8_add_sub_t300_i30_r01.json,/home/josephluke/Program-Synthesis-for-Efficient-ML/results/hyperparameter_sweep/fine_v3/raw/mxint8_add_sub_t300_i30_r01.log
mxint8_add_sub,mxint8_add,full_sum,300,30,2,0,solved,solved,True,28,30,30,0.2248771134763956,0.008301284164190292,60,2,129.24939346313477,8043,59,0,0,34.05,29.3686,1732.7474,-1.0,0.675,4.9027565625,32.0,/home/josephluke/Program-Synthesis-for-Efficient-ML/results/hyperparameter_sweep/fine_v3/raw/mxint8_add_sub_t300_i30_r02.json,/home/josephluke/Program-Synthesis-for-Efficient-ML/results/hyperparameter_sweep/fine_v3/raw/mxint8_add_sub_t300_i30_r02.log
mxint8_add_sub,mxint8_add,full_sum,300,30,3,0,solved,solved,True,29,30,30,0.2328036203980446,0.008856680244207382,60,2,128.28791069984436,8044,59,0,0,34.05,29.3686,1732.7474,-1.0,0.6751,4.889820625,32.0,/home/josephluke/Program-Synthesis-for-Efficient-ML/results/hyperparameter_sweep/fine_v3/raw/mxint8_add_sub_t300_i30_r03.json,/home/josephluke/Program-Synthesis-for-Efficient-ML/results/hyperparameter_sweep/fine_v3/raw/mxint8_add_sub_t300_i30_r03.log
mxint8_mul_sub,mxint8_mul,full_product,30,10,1,0,solved,solved,True,4,10,10,0.04633367247879505,0.004897544160485268,50,5,97.94148278236389,9042,-1,-1,-1,-1,-1,-1.0,-1.0,-1.0,-1.0,-1.0,/home/josephluke/Program-Synthesis-for-Efficient-ML/results/hyperparameter_sweep/fine_v3/raw/mxint8_mul_sub_t30_i10_r01.json,/home/josephluke/Program-Synthesis-for-Efficient-ML/results/hyperparameter_sweep/fine_v3/raw/mxint8_mul_sub_t30_i10_r01.log
mxint8_mul_sub,mxint8_mul,full_product,30,10,2,0,solved,solved,True,4,10,10,0.04652693681418896,0.004817161709070206,50,5,98.28310894966125,9043,-1,-1,-1,-1,-1,-1.0,-1.0,-1.0,-1.0,-1.0,/home/josephluke/Program-Synthesis-for-Efficient-ML/results/hyperparameter_sweep/fine_v3/raw/mxint8_mul_sub_t30_i10_r02.json,/home/josephluke/Program-Synthesis-for-Efficient-ML/results/hyperparameter_sweep/fine_v3/raw/mxint8_mul_sub_t30_i10_r02.log
mxint8_mul_sub,mxint8_mul,full_product,30,10,3,0,solved,solved,True,6,10,10,0.05621333792805672,0.0058204736560583115,50,5,175.61357498168945,9044,30,0,0,119.89,8.341,250.23,-1.0,0.5224,18.240095068359373,128.0,/home/josephluke/Program-Synthesis-for-Efficient-ML/results/hyperparameter_sweep/fine_v3/raw/mxint8_mul_sub_t30_i10_r03.json,/home/josephluke/Program-Synthesis-for-Efficient-ML/results/hyperparameter_sweep/fine_v3/raw/mxint8_mul_sub_t30_i10_r03.log
mxint8_mul_sub,mxint8_mul,full_product,30,15,1,0,solved,solved,True,7,15,15,0.07295386120676994,0.00523354671895504,75,5,238.20074343681335,9042,32,0,0,118.203,8.46,270.72,-1.0,0.603,15.228951181640625,128.0,/home/josephluke/Program-Synthesis-for-Efficient-ML/results/hyperparameter_sweep/fine_v3/raw/mxint8_mul_sub_t30_i15_r01.json,/home/josephluke/Program-Synthesis-for-Efficient-ML/results/hyperparameter_sweep/fine_v3/raw/mxint8_mul_sub_t30_i15_r01.log
mxint8_mul_sub,mxint8_mul,full_product,30,15,2,0,solved,solved,True,6,15,15,0.07167806848883629,0.005516557022929192,75,5,269.20760011672974,9043,40,0,0,77.107,12.969,518.76,-1.0,0.5896,11.46353978515625,128.0,/home/josephluke/Program-Synthesis-for-Efficient-ML/results/hyperparameter_sweep/fine_v3/raw/mxint8_mul_sub_t30_i15_r02.json,/home/josephluke/Program-Synthesis-for-Efficient-ML/results/hyperparameter_sweep/fine_v3/raw/mxint8_mul_sub_t30_i15_r02.log
mxint8_mul_sub,mxint8_mul,full_product,30,15,3,0,solved,solved,True,7,15,15,0.0712166428565979,0.0051163844764232635,75,5,268.12590861320496,9044,33,0,0,106.61,9.38,309.54,-1.0,0.6376,12.39983853515625,128.0,/home/josephluke/Program-Synthesis-for-Efficient-ML/results/hyperparameter_sweep/fine_v3/raw/mxint8_mul_sub_t30_i15_r03.json,/home/josephluke/Program-Synthesis-for-Efficient-ML/results/hyperparameter_sweep/fine_v3/raw/mxint8_mul_sub_t30_i15_r03.log
mxint8_mul_sub,mxint8_mul,full_product,30,20,1,0,solved,solved,True,10,20,20,0.09706820733845234,0.005334852263331413,100,5,238.1611306667328,9042,40,0,0,93.721,10.67,426.8,-1.0,0.65,14.328760649414063,128.0,/home/josephluke/Program-Synthesis-for-Efficient-ML/results/hyperparameter_sweep/fine_v3/raw/mxint8_mul_sub_t30_i20_r01.json,/home/josephluke/Program-Synthesis-for-Efficient-ML/results/hyperparameter_sweep/fine_v3/raw/mxint8_mul_sub_t30_i20_r01.log
mxint8_mul_sub,mxint8_mul,full_product,30,20,2,0,solved,solved,True,8,20,20,0.09772597998380661,0.005231775343418121,100,5,299.797878742218,9043,40,0,0,89.015,11.2341,449.364,-1.0,0.6818000000000001,11.752601411132812,128.0,/home/josephluke/Program-Synthesis-for-Efficient-ML/results/hyperparameter_sweep/fine_v3/raw/mxint8_mul_sub_t30_i20_r02.json,/home/josephluke/Program-Synthesis-for-Efficient-ML/results/hyperparameter_sweep/fine_v3/raw/mxint8_mul_sub_t30_i20_r02.log
mxint8_mul_sub,mxint8_mul,full_product,30,20,3,0,solved,solved,True,11,20,20,0.099974250420928,0.005182221531867981,100,5,268.1839828491211,9044,58,0,0,75.131,13.3101,771.9858,-1.0,0.6587999999999999,12.231400219726563,128.0,/home/josephluke/Program-Synthesis-for-Efficient-ML/results/hyperparameter_sweep/fine_v3/raw/mxint8_mul_sub_t30_i20_r03.json,/home/josephluke/Program-Synthesis-for-Efficient-ML/results/hyperparameter_sweep/fine_v3/raw/mxint8_mul_sub_t30_i20_r03.log
mxint8_mul_sub,mxint8_mul,full_product,30,30,1,0,solved,solved,True,17,30,30,0.14985139481723309,0.005544235929846764,150,5,269.1696765422821,9042,61,0,0,74.722,13.3829,816.3569,-1.0,0.7293999999999999,10.385760756835937,128.0,/home/josephluke/Program-Synthesis-for-Efficient-ML/results/hyperparameter_sweep/fine_v3/raw/mxint8_mul_sub_t30_i30_r01.json,/home/josephluke/Program-Synthesis-for-Efficient-ML/results/hyperparameter_sweep/fine_v3/raw/mxint8_mul_sub_t30_i30_r01.log
mxint8_mul_sub,mxint8_mul,full_product,30,30,2,0,solved,solved,True,14,30,30,0.1530998833477497,0.0055564772337675095,150,5,361.4882366657257,9043,66,0,0,75.036,13.3269,879.5754000000001,-1.0,0.7809,7.142245932617188,128.0,/home/josephluke/Program-Synthesis-for-Efficient-ML/results/hyperparameter_sweep/fine_v3/raw/mxint8_mul_sub_t30_i30_r02.json,/home/josephluke/Program-Synthesis-for-Efficient-ML/results/hyperparameter_sweep/fine_v3/raw/mxint8_mul_sub_t30_i30_r02.log
mxint8_mul_sub,mxint8_mul,full_product,30,30,3,0,solved,solved,True,17,30,30,0.15108171105384827,0.005481081083416939,150,5,271.11142468452454,9044,79,0,0,71.567,13.9729,1103.8591,-1.0,0.79,7.497016479492188,128.0,/home/josephluke/Program-Synthesis-for-Efficient-ML/results/hyperparameter_sweep/fine_v3/raw/mxint8_mul_sub_t30_i30_r03.json,/home/josephluke/Program-Synthesis-for-Efficient-ML/results/hyperparameter_sweep/fine_v3/raw/mxint8_mul_sub_t30_i30_r03.log
mxint8_mul_sub,mxint8_mul,full_product,60,10,1,0,solved,solved,True,4,10,10,0.0466016810387373,0.004840364679694176,50,5,188.2005422115326,9042,-1,-1,-1,-1,-1,-1.0,-1.0,-1.0,-1.0,-1.0,/home/josephluke/Program-Synthesis-for-Efficient-ML/results/hyperparameter_sweep/fine_v3/raw/mxint8_mul_sub_t60_i10_r01.json,/home/josephluke/Program-Synthesis-for-Efficient-ML/results/hyperparameter_sweep/fine_v3/raw/mxint8_mul_sub_t60_i10_r01.log
mxint8_mul_sub,mxint8_mul,full_product,60,10,2,0,solved,solved,True,4,10,10,0.045422839000821114,0.004736419767141342,50,5,188.48987531661987,9043,-1,-1,-1,-1,-1,-1.0,-1.0,-1.0,-1.0,-1.0,/home/josephluke/Program-Synthesis-for-Efficient-ML/results/hyperparameter_sweep/fine_v3/raw/mxint8_mul_sub_t60_i10_r02.json,/home/josephluke/Program-Synthesis-for-Efficient-ML/results/hyperparameter_sweep/fine_v3/raw/mxint8_mul_sub_t60_i10_r02.log
mxint8_mul_sub,mxint8_mul,full_product,60,10,3,0,solved,solved,True,6,10,10,0.047411857172846794,0.00490209087729454,50,5,237.97751212120056,9044,30,0,0,119.89,8.341,250.23,-1.0,0.5196000000000001,18.4203609765625,128.0,/home/josephluke/Program-Synthesis-for-Efficient-ML/results/hyperparameter_sweep/fine_v3/raw/mxint8_mul_sub_t60_i10_r03.json,/home/josephluke/Program-Synthesis-for-Efficient-ML/results/hyperparameter_sweep/fine_v3/raw/mxint8_mul_sub_t60_i10_r03.log
mxint8_mul_sub,mxint8_mul,full_product,60,15,1,0,solved,solved,True,7,15,15,0.0715143233537674,0.006287878379225731,75,5,358.5709912776947,9042,32,0,0,118.203,8.46,270.72,-1.0,0.6047,15.077023701171875,128.0,/home/josephluke/Program-Synthesis-for-Efficient-ML/results/hyperparameter_sweep/fine_v3/raw/mxint8_mul_sub_t60_i15_r01.json,/home/josephluke/Program-Synthesis-for-Efficient-ML/results/hyperparameter_sweep/fine_v3/raw/mxint8_mul_sub_t60_i15_r01.log
mxint8_mul_sub,mxint8_mul,full_product,60,15,2,0,solved,solved,True,6,15,15,0.07119408063590527,0.0055939313024282455,75,5,420.0056252479553,9043,40,0,0,77.107,12.969,518.76,-1.0,0.5882999999999999,11.478558520507812,128.0,/home/josephluke/Program-Synthesis-for-Efficient-ML/results/hyperparameter_sweep/fine_v3/raw/mxint8_mul_sub_t60_i15_r02.json,/home/josephluke/Program-Synthesis-for-Efficient-ML/results/hyperparameter_sweep/fine_v3/raw/mxint8_mul_sub_t60_i15_r02.log
mxint8_mul_sub,mxint8_mul,full_product,60,15,3,0,solved,solved,True,7,15,15,0.07149049639701843,0.005008472129702568,75,5,418.5214605331421,9044,33,0,0,106.61,9.38,309.54,-1.0,0.637,12.485831455078126,128.0,/home/josephluke/Program-Synthesis-for-Efficient-ML/results/hyperparameter_sweep/fine_v3/raw/mxint8_mul_sub_t60_i15_r03.json,/home/josephluke/Program-Synthesis-for-Efficient-ML/results/hyperparameter_sweep/fine_v3/raw/mxint8_mul_sub_t60_i15_r03.log
mxint8_mul_sub,mxint8_mul,full_product,60,20,1,0,solved,solved,True,10,20,20,0.09495778754353523,0.005124075338244438,100,5,358.5401384830475,9042,40,0,0,93.721,10.67,426.8,-1.0,0.6475,14.522470322265624,128.0,/home/josephluke/Program-Synthesis-for-Efficient-ML/results/hyperparameter_sweep/fine_v3/raw/mxint8_mul_sub_t60_i20_r01.json,/home/josephluke/Program-Synthesis-for-Efficient-ML/results/hyperparameter_sweep/fine_v3/raw/mxint8_mul_sub_t60_i20_r01.log
mxint8_mul_sub,mxint8_mul,full_product,60,20,2,0,solved,solved,True,8,20,20,0.0941789261996746,0.00516793318092823,100,5,480.2628540992737,9043,40,0,0,89.015,11.2341,449.364,-1.0,0.6797,11.781526455078126,128.0,/home/josephluke/Program-Synthesis-for-Efficient-ML/results/hyperparameter_sweep/fine_v3/raw/mxint8_mul_sub_t60_i20_r02.json,/home/josephluke/Program-Synthesis-for-Efficient-ML/results/hyperparameter_sweep/fine_v3/raw/mxint8_mul_sub_t60_i20_r02.log
mxint8_mul_sub,mxint8_mul,full_product,60,20,3,0,solved,solved,True,11,20,20,0.09930644184350967,0.005206950008869171,100,5,418.8109304904938,9044,58,0,0,75.131,13.3101,771.9858,-1.0,0.66,12.316121704101562,128.0,/home/josephluke/Program-Synthesis-for-Efficient-ML/results/hyperparameter_sweep/fine_v3/raw/mxint8_mul_sub_t60_i20_r03.json,/home/josephluke/Program-Synthesis-for-Efficient-ML/results/hyperparameter_sweep/fine_v3/raw/mxint8_mul_sub_t60_i20_r03.log
mxint8_mul_sub,mxint8_mul,full_product,60,30,1,0,solved,solved,True,17,30,30,0.14792950451374054,0.005733581259846687,150,5,419.15465450286865,9042,61,0,0,74.722,13.3829,816.3569,-1.0,0.7283,10.40888626953125,128.0,/home/josephluke/Program-Synthesis-for-Efficient-ML/results/hyperparameter_sweep/fine_v3/raw/mxint8_mul_sub_t60_i30_r01.json,/home/josephluke/Program-Synthesis-for-Efficient-ML/results/hyperparameter_sweep/fine_v3/raw/mxint8_mul_sub_t60_i30_r01.log
mxint8_mul_sub,mxint8_mul,full_product,60,30,2,0,solved,solved,True,14,30,30,0.15268917568027973,0.005546087399125099,150,5,601.7772006988525,9043,66,0,0,75.036,13.3269,879.5754000000001,-1.0,0.7859,7.00126525390625,128.0,/home/josephluke/Program-Synthesis-for-Efficient-ML/results/hyperparameter_sweep/fine_v3/raw/mxint8_mul_sub_t60_i30_r02.json,/home/josephluke/Program-Synthesis-for-Efficient-ML/results/hyperparameter_sweep/fine_v3/raw/mxint8_mul_sub_t60_i30_r02.log
mxint8_mul_sub,mxint8_mul,full_product,60,30,3,0,solved,solved,True,17,30,30,0.14630938321352005,0.005493411794304848,150,5,421.42250514030457,9044,79,0,0,71.567,13.9729,1103.8591,-1.0,0.7928000000000001,7.3573086279296875,128.0,/home/josephluke/Program-Synthesis-for-Efficient-ML/results/hyperparameter_sweep/fine_v3/raw/mxint8_mul_sub_t60_i30_r03.json,/home/josephluke/Program-Synthesis-for-Efficient-ML/results/hyperparameter_sweep/fine_v3/raw/mxint8_mul_sub_t60_i30_r03.log
mxint8_mul_sub,mxint8_mul,full_product,120,10,1,0,solved,solved,True,4,10,10,0.044873178005218506,0.004590308293700218,50,5,368.569682598114,9042,-1,-1,-1,-1,-1,-1.0,-1.0,-1.0,-1.0,-1.0,/home/josephluke/Program-Synthesis-for-Efficient-ML/results/hyperparameter_sweep/fine_v3/raw/mxint8_mul_sub_t120_i10_r01.json,/home/josephluke/Program-Synthesis-for-Efficient-ML/results/hyperparameter_sweep/fine_v3/raw/mxint8_mul_sub_t120_i10_r01.log
mxint8_mul_sub,mxint8_mul,full_product,120,10,2,0,solved,solved,True,4,10,10,0.04611985385417938,0.004716036841273308,50,5,369.00386452674866,9043,-1,-1,-1,-1,-1,-1.0,-1.0,-1.0,-1.0,-1.0,/home/josephluke/Program-Synthesis-for-Efficient-ML/results/hyperparameter_sweep/fine_v3/raw/mxint8_mul_sub_t120_i10_r02.json,/home/josephluke/Program-Synthesis-for-Efficient-ML/results/hyperparameter_sweep/fine_v3/raw/mxint8_mul_sub_t120_i10_r02.log
mxint8_mul_sub,mxint8_mul,full_product,120,10,3,0,solved,solved,True,6,10,10,0.04772169515490532,0.004891443997621536,50,5,358.1462137699127,9044,30,0,0,119.89,8.341,250.23,-1.0,0.521,18.38324070800781,128.0,/home/josephluke/Program-Synthesis-for-Efficient-ML/results/hyperparameter_sweep/fine_v3/raw/mxint8_mul_sub_t120_i10_r03.json,/home/josephluke/Program-Synthesis-for-Efficient-ML/results/hyperparameter_sweep/fine_v3/raw/mxint8_mul_sub_t120_i10_r03.log
mxint8_mul_sub,mxint8_mul,full_product,120,15,1,0,solved,solved,True,7,15,15,0.07509428448975086,0.005574684590101242,75,5,598.8693149089813,9042,32,0,0,118.203,8.46,270.72,-1.0,0.6032,15.096540161132813,128.0,/home/josephluke/Program-Synthesis-for-Efficient-ML/results/hyperparameter_sweep/fine_v3/raw/mxint8_mul_sub_t120_i15_r01.json,/home/josephluke/Program-Synthesis-for-Efficient-ML/results/hyperparameter_sweep/fine_v3/raw/mxint8_mul_sub_t120_i15_r01.log
mxint8_mul_sub,mxint8_mul,full_product,120,15,2,0,solved,solved,True,6,15,15,0.07113492116332054,0.005285598337650299,75,5,720.0355453491211,9043,40,0,0,77.107,12.969,518.76,-1.0,0.5878,11.473494135742188,128.0,/home/josephluke/Program-Synthesis-for-Efficient-ML/results/hyperparameter_sweep/fine_v3/raw/mxint8_mul_sub_t120_i15_r02.json,/home/josephluke/Program-Synthesis-for-Efficient-ML/results/hyperparameter_sweep/fine_v3/raw/mxint8_mul_sub_t120_i15_r02.log
mxint8_mul_sub,mxint8_mul,full_product,120,15,3,0,solved,solved,True,7,15,15,0.07106970250606537,0.005029061809182167,75,5,715.0521471500397,9044,33,0,0,106.61,9.38,309.54,-1.0,0.6396999999999999,12.3522453125,128.0,/home/josephluke/Program-Synthesis-for-Efficient-ML/results/hyperparameter_sweep/fine_v3/raw/mxint8_mul_sub_t120_i15_r03.json,/home/josephluke/Program-Synthesis-for-Efficient-ML/results/hyperparameter_sweep/fine_v3/raw/mxint8_mul_sub_t120_i15_r03.log
mxint8_mul_sub,mxint8_mul,full_product,120,20,1,0,solved,solved,True,10,20,20,0.09766029939055443,0.005331728607416153,100,5,597.5716910362244,9042,40,0,0,93.721,10.67,426.8,-1.0,0.6489,14.407883149414063,128.0,/home/josephluke/Program-Synthesis-for-Efficient-ML/results/hyperparameter_sweep/fine_v3/raw/mxint8_mul_sub_t120_i20_r01.json,/home/josephluke/Program-Synthesis-for-Efficient-ML/results/hyperparameter_sweep/fine_v3/raw/mxint8_mul_sub_t120_i20_r01.log
mxint8_mul_sub,mxint8_mul,full_product,120,20,2,0,solved,solved,True,8,20,20,0.09481699950993061,0.005251606926321983,100,5,840.4198133945465,9043,40,0,0,89.015,11.2341,449.364,-1.0,0.6808,11.849707934570313,128.0,/home/josephluke/Program-Synthesis-for-Efficient-ML/results/hyperparameter_sweep/fine_v3/raw/mxint8_mul_sub_t120_i20_r02.json,/home/josephluke/Program-Synthesis-for-Efficient-ML/results/hyperparameter_sweep/fine_v3/raw/mxint8_mul_sub_t120_i20_r02.log
mxint8_mul_sub,mxint8_mul,full_product,120,20,3,0,solved,solved,True,11,20,20,0.09954234212636948,0.006165197119116783,100,5,719.1999661922455,9044,58,0,0,75.131,13.3101,771.9858,-1.0,0.6618999999999999,12.144160200195312,128.0,/home/josephluke/Program-Synthesis-for-Efficient-ML/results/hyperparameter_sweep/fine_v3/raw/mxint8_mul_sub_t120_i20_r03.json,/home/josephluke/Program-Synthesis-for-Efficient-ML/results/hyperparameter_sweep/fine_v3/raw/mxint8_mul_sub_t120_i20_r03.log
mxint8_mul_sub,mxint8_mul,full_product,120,30,1,0,solved,solved,True,17,30,30,0.1600634939968586,0.0058122314512729645,150,5,719.274151802063,9042,61,0,0,74.722,13.3829,816.3569,-1.0,0.7293000000000001,10.46339189453125,128.0,/home/josephluke/Program-Synthesis-for-Efficient-ML/results/hyperparameter_sweep/fine_v3/raw/mxint8_mul_sub_t120_i30_r01.json,/home/josephluke/Program-Synthesis-for-Efficient-ML/results/hyperparameter_sweep/fine_v3/raw/mxint8_mul_sub_t120_i30_r01.log
mxint8_mul_sub,mxint8_mul,full_product,120,30,2,0,solved,solved,True,14,30,30,0.14414365962147713,0.005329495295882225,150,5,1082.9568057060242,9043,66,0,0,75.036,13.3269,879.5754000000001,-1.0,0.7847,7.03162828125,128.0,/home/josephluke/Program-Synthesis-for-Efficient-ML/results/hyperparameter_sweep/fine_v3/raw/mxint8_mul_sub_t120_i30_r02.json,/home/josephluke/Program-Synthesis-for-Efficient-ML/results/hyperparameter_sweep/fine_v3/raw/mxint8_mul_sub_t120_i30_r02.log
mxint8_mul_sub,mxint8_mul,full_product,120,30,3,0,solved,solved,True,17,30,30,0.15637250803411007,0.005734143778681755,150,5,721.2170162200928,9044,79,0,0,71.567,13.9729,1103.8591,-1.0,0.7911,7.4881248046875,128.0,/home/josephluke/Program-Synthesis-for-Efficient-ML/results/hyperparameter_sweep/fine_v3/raw/mxint8_mul_sub_t120_i30_r03.json,/home/josephluke/Program-Synthesis-for-Efficient-ML/results/hyperparameter_sweep/fine_v3/raw/mxint8_mul_sub_t120_i30_r03.log
mxint8_mul_sub,mxint8_mul,full_product,180,10,1,0,solved,solved,True,4,10,10,0.04819614067673683,0.004932194948196411,50,5,548.6995055675507,9042,-1,-1,-1,-1,-1,-1.0,-1.0,-1.0,-1.0,-1.0,/home/josephluke/Program-Synthesis-for-Efficient-ML/results/hyperparameter_sweep/fine_v3/raw/mxint8_mul_sub_t180_i10_r01.json,/home/josephluke/Program-Synthesis-for-Efficient-ML/results/hyperparameter_sweep/fine_v3/raw/mxint8_mul_sub_t180_i10_r01.log
mxint8_mul_sub,mxint8_mul,full_product,180,10,2,0,solved,solved,True,4,10,10,0.05034627765417099,0.005468916147947311,50,5,549.125433921814,9043,-1,-1,-1,-1,-1,-1.0,-1.0,-1.0,-1.0,-1.0,/home/josephluke/Program-Synthesis-for-Efficient-ML/results/hyperparameter_sweep/fine_v3/raw/mxint8_mul_sub_t180_i10_r02.json,/home/josephluke/Program-Synthesis-for-Efficient-ML/results/hyperparameter_sweep/fine_v3/raw/mxint8_mul_sub_t180_i10_r02.log
mxint8_mul_sub,mxint8_mul,full_product,180,10,3,0,solved,solved,True,6,10,10,0.04710773378610611,0.004934830591082573,50,5,478.1627354621887,9044,30,0,0,119.89,8.341,250.23,-1.0,0.5252,18.186643759765627,128.0,/home/josephluke/Program-Synthesis-for-Efficient-ML/results/hyperparameter_sweep/fine_v3/raw/mxint8_mul_sub_t180_i10_r03.json,/home/josephluke/Program-Synthesis-for-Efficient-ML/results/hyperparameter_sweep/fine_v3/raw/mxint8_mul_sub_t180_i10_r03.log
mxint8_mul_sub,mxint8_mul,full_product,180,15,1,0,solved,solved,True,7,15,15,0.08459325321018696,0.005952071398496628,75,5,838.1883709430695,9042,32,0,0,118.203,8.46,270.72,-1.0,0.607,15.097652724609375,128.0,/home/josephluke/Program-Synthesis-for-Efficient-ML/results/hyperparameter_sweep/fine_v3/raw/mxint8_mul_sub_t180_i15_r01.json,/home/josephluke/Program-Synthesis-for-Efficient-ML/results/hyperparameter_sweep/fine_v3/raw/mxint8_mul_sub_t180_i15_r01.log
mxint8_mul_sub,mxint8_mul,full_product,180,15,2,0,solved,solved,True,6,15,15,0.07425818033516407,0.005293220281600952,75,5,1021.558760881424,9043,40,0,0,77.107,12.969,518.76,-1.0,0.5870000000000001,11.512393569335938,128.0,/home/josephluke/Program-Synthesis-for-Efficient-ML/results/hyperparameter_sweep/fine_v3/raw/mxint8_mul_sub_t180_i15_r02.json,/home/josephluke/Program-Synthesis-for-Efficient-ML/results/hyperparameter_sweep/fine_v3/raw/mxint8_mul_sub_t180_i15_r02.log
mxint8_mul_sub,mxint8_mul,full_product,180,15,3,0,solved,solved,True,7,15,15,0.07436377368867397,0.005256878212094307,75,5,1019.7493886947632,9044,33,0,0,106.61,9.38,309.54,-1.0,0.6376,12.365452202148438,128.0,/home/josephluke/Program-Synthesis-for-Efficient-ML/results/hyperparameter_sweep/fine_v3/raw/mxint8_mul_sub_t180_i15_r03.json,/home/josephluke/Program-Synthesis-for-Efficient-ML/results/hyperparameter_sweep/fine_v3/raw/mxint8_mul_sub_t180_i15_r03.log
mxint8_mul_sub,mxint8_mul,full_product,180,20,1,0,solved,solved,True,10,20,20,0.09961593337357044,0.005407374352216721,100,5,838.6858818531036,9042,40,0,0,93.721,10.67,426.8,-1.0,0.6489,14.3963116015625,128.0,/home/josephluke/Program-Synthesis-for-Efficient-ML/results/hyperparameter_sweep/fine_v3/raw/mxint8_mul_sub_t180_i20_r01.json,/home/josephluke/Program-Synthesis-for-Efficient-ML/results/hyperparameter_sweep/fine_v3/raw/mxint8_mul_sub_t180_i20_r01.log
mxint8_mul_sub,mxint8_mul,full_product,180,20,2,0,solved,solved,True,8,20,20,0.09907739609479904,0.005218690261244774,100,5,1203.0109276771545,9043,40,0,0,89.015,11.2341,449.364,-1.0,0.6820999999999999,11.7850866796875,128.0,/home/josephluke/Program-Synthesis-for-Efficient-ML/results/hyperparameter_sweep/fine_v3/raw/mxint8_mul_sub_t180_i20_r02.json,/home/josephluke/Program-Synthesis-for-Efficient-ML/results/hyperparameter_sweep/fine_v3/raw/mxint8_mul_sub_t180_i20_r02.log
mxint8_mul_sub,mxint8_mul,full_product,180,20,3,0,solved,solved,True,11,20,20,0.10795933939516544,0.005758374929428101,100,5,1023.0997393131256,9044,58,0,0,75.131,13.3101,771.9858,-1.0,0.6612,12.267152690429688,128.0,/home/josephluke/Program-Synthesis-for-Efficient-ML/results/hyperparameter_sweep/fine_v3/raw/mxint8_mul_sub_t180_i20_r03.json,/home/josephluke/Program-Synthesis-for-Efficient-ML/results/hyperparameter_sweep/fine_v3/raw/mxint8_mul_sub_t180_i20_r03.log
mxint8_mul_sub,mxint8_mul,full_product,180,30,1,0,solved,solved,True,17,30,30,0.17088630981743336,0.006908020004630089,150,5,1021.2021191120148,9042,61,0,0,74.722,13.3829,816.3569,-1.0,0.7308,10.32814017578125,128.0,/home/josephluke/Program-Synthesis-for-Efficient-ML/results/hyperparameter_sweep/fine_v3/raw/mxint8_mul_sub_t180_i30_r01.json,/home/josephluke/Program-Synthesis-for-Efficient-ML/results/hyperparameter_sweep/fine_v3/raw/mxint8_mul_sub_t180_i30_r01.log
mxint8_mul_sub,mxint8_mul,full_product,180,30,2,0,solved,solved,True,14,30,30,0.1526746079325676,0.00550248846411705,150,5,1566.3527145385742,9043,66,0,0,75.036,13.3269,879.5754000000001,-1.0,0.7831,7.032723012695312,128.001953125,/home/josephluke/Program-Synthesis-for-Efficient-ML/results/hyperparameter_sweep/fine_v3/raw/mxint8_mul_sub_t180_i30_r02.json,/home/josephluke/Program-Synthesis-for-Efficient-ML/results/hyperparameter_sweep/fine_v3/raw/mxint8_mul_sub_t180_i30_r02.log
mxint8_mul_sub,mxint8_mul,full_product,180,30,3,0,solved,solved,True,17,30,30,0.15576578117907047,0.005805307999253273,150,5,1024.245240688324,9044,79,0,0,71.567,13.9729,1103.8591,-1.0,0.7924,7.442357563476563,128.0,/home/josephluke/Program-Synthesis-for-Efficient-ML/results/hyperparameter_sweep/fine_v3/raw/mxint8_mul_sub_t180_i30_r03.json,/home/josephluke/Program-Synthesis-for-Efficient-ML/results/hyperparameter_sweep/fine_v3/raw/mxint8_mul_sub_t180_i30_r03.log
mxint8_mul_sub,mxint8_mul,full_product,300,10,1,0,solved,solved,True,4,10,10,0.052787937223911285,0.006219644099473953,50,5,909.4578440189362,9042,-1,-1,-1,-1,-1,-1.0,-1.0,-1.0,-1.0,-1.0,/home/josephluke/Program-Synthesis-for-Efficient-ML/results/hyperparameter_sweep/fine_v3/raw/mxint8_mul_sub_t300_i10_r01.json,/home/josephluke/Program-Synthesis-for-Efficient-ML/results/hyperparameter_sweep/fine_v3/raw/mxint8_mul_sub_t300_i10_r01.log
mxint8_mul_sub,mxint8_mul,full_product,300,10,2,0,solved,solved,True,4,10,10,0.05376431904733181,0.00578690879046917,50,5,910.2451751232147,9043,-1,-1,-1,-1,-1,-1.0,-1.0,-1.0,-1.0,-1.0,/home/josephluke/Program-Synthesis-for-Efficient-ML/results/hyperparameter_sweep/fine_v3/raw/mxint8_mul_sub_t300_i10_r02.json,/home/josephluke/Program-Synthesis-for-Efficient-ML/results/hyperparameter_sweep/fine_v3/raw/mxint8_mul_sub_t300_i10_r02.log
mxint8_mul_sub,mxint8_mul,full_product,300,10,3,0,solved,solved,True,6,10,10,0.052962182089686394,0.00543547049164772,50,5,723.4193279743195,9044,30,0,0,119.89,8.341,250.23,-1.0,0.52,18.313085224609374,128.0,/home/josephluke/Program-Synthesis-for-Efficient-ML/results/hyperparameter_sweep/fine_v3/raw/mxint8_mul_sub_t300_i10_r03.json,/home/josephluke/Program-Synthesis-for-Efficient-ML/results/hyperparameter_sweep/fine_v3/raw/mxint8_mul_sub_t300_i10_r03.log
mxint8_mul_sub,mxint8_mul,full_product,300,15,1,0,solved,solved,True,7,15,15,0.07967898063361645,0.006091373041272163,75,5,1324.6457719802856,9042,32,0,0,118.203,8.46,270.72,-1.0,0.6061,15.012858041992187,128.0,/home/josephluke/Program-Synthesis-for-Efficient-ML/results/hyperparameter_sweep/fine_v3/raw/mxint8_mul_sub_t300_i15_r01.json,/home/josephluke/Program-Synthesis-for-Efficient-ML/results/hyperparameter_sweep/fine_v3/raw/mxint8_mul_sub_t300_i15_r01.log
mxint8_mul_sub,mxint8_mul,full_product,300,15,2,0,solved,solved,True,6,15,15,0.0805065780878067,0.005999801680445671,75,5,1625.9642524719238,9043,40,0,0,77.107,12.969,518.76,-1.0,0.5886,11.514773081054688,128.0,/home/josephluke/Program-Synthesis-for-Efficient-ML/results/hyperparameter_sweep/fine_v3/raw/mxint8_mul_sub_t300_i15_r02.json,/home/josephluke/Program-Synthesis-for-Efficient-ML/results/hyperparameter_sweep/fine_v3/raw/mxint8_mul_sub_t300_i15_r02.log
mxint8_mul_sub,mxint8_mul,full_product,300,15,3,0,solved,solved,True,7,15,15,0.08021412417292595,0.006242820993065834,75,5,1624.648066520691,9044,33,0,0,106.61,9.38,309.54,-1.0,0.6367,12.542004780273437,128.0,/home/josephluke/Program-Synthesis-for-Efficient-ML/results/hyperparameter_sweep/fine_v3/raw/mxint8_mul_sub_t300_i15_r03.json,/home/josephluke/Program-Synthesis-for-Efficient-ML/results/hyperparameter_sweep/fine_v3/raw/mxint8_mul_sub_t300_i15_r03.log
mxint8_mul_sub,mxint8_mul,full_product,300,20,1,0,solved,solved,True,10,20,20,0.10976971313357353,0.005920542404055595,100,5,1324.7434096336365,9042,40,0,0,93.721,10.67,426.8,-1.0,0.6509,14.3197111328125,128.0,/home/josephluke/Program-Synthesis-for-Efficient-ML/results/hyperparameter_sweep/fine_v3/raw/mxint8_mul_sub_t300_i20_r01.json,/home/josephluke/Program-Synthesis-for-Efficient-ML/results/hyperparameter_sweep/fine_v3/raw/mxint8_mul_sub_t300_i20_r01.log
mxint8_mul_sub,mxint8_mul,full_product,300,20,2,0,solved,solved,True,8,20,20,0.10652635060250759,0.00562836229801178,100,5,1927.042842388153,9043,40,0,0,89.015,11.2341,449.364,-1.0,0.6805,11.7766296484375,128.0,/home/josephluke/Program-Synthesis-for-Efficient-ML/results/hyperparameter_sweep/fine_v3/raw/mxint8_mul_sub_t300_i20_r02.json,/home/josephluke/Program-Synthesis-for-Efficient-ML/results/hyperparameter_sweep/fine_v3/raw/mxint8_mul_sub_t300_i20_r02.log
mxint8_mul_sub,mxint8_mul,full_product,300,20,3,0,solved,solved,True,11,20,20,0.11018651351332664,0.006065551191568375,100,5,1625.1554787158966,9044,58,0,0,75.131,13.3101,771.9858,-1.0,0.6628000000000001,12.192982900390625,128.0,/home/josephluke/Program-Synthesis-for-Efficient-ML/results/hyperparameter_sweep/fine_v3/raw/mxint8_mul_sub_t300_i20_r03.json,/home/josephluke/Program-Synthesis-for-Efficient-ML/results/hyperparameter_sweep/fine_v3/raw/mxint8_mul_sub_t300_i20_r03.log
mxint8_mul_sub,mxint8_mul,full_product,300,30,1,0,solved,solved,True,17,30,30,0.1672638040035963,0.0061326827853918076,150,5,1624.875592470169,9042,61,0,0,74.722,13.3829,816.3569,-1.0,0.7298,10.367699951171875,128.0,/home/josephluke/Program-Synthesis-for-Efficient-ML/results/hyperparameter_sweep/fine_v3/raw/mxint8_mul_sub_t300_i30_r01.json,/home/josephluke/Program-Synthesis-for-Efficient-ML/results/hyperparameter_sweep/fine_v3/raw/mxint8_mul_sub_t300_i30_r01.log
mxint8_mul_sub,mxint8_mul,full_product,300,30,2,0,solved,solved,True,14,30,30,0.16650941967964172,0.006026512011885643,150,5,2529.48184800148,9043,66,0,0,75.036,13.3269,879.5754000000001,-1.0,0.7836,7.080173666992187,128.0,/home/josephluke/Program-Synthesis-for-Efficient-ML/results/hyperparameter_sweep/fine_v3/raw/mxint8_mul_sub_t300_i30_r02.json,/home/josephluke/Program-Synthesis-for-Efficient-ML/results/hyperparameter_sweep/fine_v3/raw/mxint8_mul_sub_t300_i30_r02.log
mxint8_mul_sub,mxint8_mul,full_product,300,30,3,0,solved,solved,True,17,30,30,0.1588975042104721,0.005767440423369408,150,5,1627.277220249176,9044,79,0,0,71.567,13.9729,1103.8591,-1.0,0.7907,7.560759638671875,128.0,/home/josephluke/Program-Synthesis-for-Efficient-ML/results/hyperparameter_sweep/fine_v3/raw/mxint8_mul_sub_t300_i30_r03.json,/home/josephluke/Program-Synthesis-for-Efficient-ML/results/hyperparameter_sweep/fine_v3/raw/mxint8_mul_sub_t300_i30_r03.log
fp32_add_sub,fp32_add,full_sum,30,10,1,0,solved,solved,True,10,10,10,0.1936226524412632,0.02126605249941349,80,8,105.9038918018341,10042,358,0,0,239.177,4.181,1496.798,-1.0,0.6292,-1.0,-1.0,/home/josephluke/Program-Synthesis-for-Efficient-ML/results/hyperparameter_sweep/fine_v3/raw/fp32_add_sub_t30_i10_r01.json,/home/josephluke/Program-Synthesis-for-Efficient-ML/results/hyperparameter_sweep/fine_v3/raw/fp32_add_sub_t30_i10_r01.log
fp32_add_sub,fp32_add,full_sum,30,10,2,0,solved,solved,True,10,10,10,0.19242476113140583,0.020851347595453262,80,8,107.47460222244263,10043,458,0,0,239.177,4.181,1914.898,-1.0,1.0,-1.0,-1.0,/home/josephluke/Program-Synthesis-for-Efficient-ML/results/hyperparameter_sweep/fine_v3/raw/fp32_add_sub_t30_i10_r02.json,/home/josephluke/Program-Synthesis-for-Efficient-ML/results/hyperparameter_sweep/fine_v3/raw/fp32_add_sub_t30_i10_r02.log
fp32_add_sub,fp32_add,full_sum,30,10,3,0,solved,solved,True,10,10,10,0.19352993182837963,0.021582048386335373,80,8,107.47597932815552,10044,458,0,0,239.177,4.181,1914.898,-1.0,1.0,-1.0,-1.0,/home/josephluke/Program-Synthesis-for-Efficient-ML/results/hyperparameter_sweep/fine_v3/raw/fp32_add_sub_t30_i10_r03.json,/home/josephluke/Program-Synthesis-for-Efficient-ML/results/hyperparameter_sweep/fine_v3/raw/fp32_add_sub_t30_i10_r03.log
fp32_add_sub,fp32_add,full_sum,30,15,1,0,solved,solved,True,15,15,15,0.31075030378997326,0.023546811193227768,120,8,107.68396973609924,10042,458,0,0,239.177,4.181,1914.898,-1.0,1.0,-1.0,-1.0,/home/josephluke/Program-Synthesis-for-Efficient-ML/results/hyperparameter_sweep/fine_v3/raw/fp32_add_sub_t30_i15_r01.json,/home/josephluke/Program-Synthesis-for-Efficient-ML/results/hyperparameter_sweep/fine_v3/raw/fp32_add_sub_t30_i15_r01.log
fp32_add_sub,fp32_add,full_sum,30,15,2,0,solved,solved,True,15,15,15,0.2979249581694603,0.022703859955072403,120,8,107.98155379295349,10043,458,0,0,239.177,4.181,1914.898,-1.0,1.0,-1.0,-1.0,/home/josephluke/Program-Synthesis-for-Efficient-ML/results/hyperparameter_sweep/fine_v3/raw/fp32_add_sub_t30_i15_r02.json,/home/josephluke/Program-Synthesis-for-Efficient-ML/results/hyperparameter_sweep/fine_v3/raw/fp32_add_sub_t30_i15_r02.log
fp32_add_sub,fp32_add,full_sum,30,15,3,0,solved,solved,True,15,15,15,0.29449464567005634,0.022677211090922356,120,8,107.91199326515198,10044,458,0,0,239.177,4.181,1914.898,-1.0,1.0,-1.0,-1.0,/home/josephluke/Program-Synthesis-for-Efficient-ML/results/hyperparameter_sweep/fine_v3/raw/fp32_add_sub_t30_i15_r03.json,/home/josephluke/Program-Synthesis-for-Efficient-ML/results/hyperparameter_sweep/fine_v3/raw/fp32_add_sub_t30_i15_r03.log
fp32_add_sub,fp32_add,full_sum,30,20,1,0,solved,solved,True,20,20,20,0.4270667415112257,0.026355870068073273,160,8,108.2748212814331,10042,458,0,0,239.177,4.181,1914.898,-1.0,1.0,-1.0,-1.0,/home/josephluke/Program-Synthesis-for-Efficient-ML/results/hyperparameter_sweep/fine_v3/raw/fp32_add_sub_t30_i20_r01.json,/home/josephluke/Program-Synthesis-for-Efficient-ML/results/hyperparameter_sweep/fine_v3/raw/fp32_add_sub_t30_i20_r01.log
fp32_add_sub,fp32_add,full_sum,30,20,2,0,solved,solved,True,20,20,20,0.4309528637677431,0.026582982391119003,160,8,108.28126907348633,10043,458,0,0,239.177,4.181,1914.898,-1.0,1.0,-1.0,-1.0,/home/josephluke/Program-Synthesis-for-Efficient-ML/results/hyperparameter_sweep/fine_v3/raw/fp32_add_sub_t30_i20_r02.json,/home/josephluke/Program-Synthesis-for-Efficient-ML/results/hyperparameter_sweep/fine_v3/raw/fp32_add_sub_t30_i20_r02.log
fp32_add_sub,fp32_add,full_sum,30,20,3,0,solved,solved,True,20,20,20,0.4318953603506088,0.02621074952185154,160,8,108.30157899856567,10044,458,0,0,239.177,4.181,1914.898,-1.0,1.0,-1.0,-1.0,/home/josephluke/Program-Synthesis-for-Efficient-ML/results/hyperparameter_sweep/fine_v3/raw/fp32_add_sub_t30_i20_r03.json,/home/josephluke/Program-Synthesis-for-Efficient-ML/results/hyperparameter_sweep/fine_v3/raw/fp32_add_sub_t30_i20_r03.log
fp32_add_sub,fp32_add,full_sum,30,30,1,0,solved,solved,True,30,30,30,0.7152670435607433,0.031516604125499725,240,8,109.40979170799255,10042,458,0,0,239.177,4.181,1914.898,-1.0,1.0,-1.0,-1.0,/home/josephluke/Program-Synthesis-for-Efficient-ML/results/hyperparameter_sweep/fine_v3/raw/fp32_add_sub_t30_i30_r01.json,/home/josephluke/Program-Synthesis-for-Efficient-ML/results/hyperparameter_sweep/fine_v3/raw/fp32_add_sub_t30_i30_r01.log
fp32_add_sub,fp32_add,full_sum,30,30,2,0,solved,solved,True,30,30,30,0.7212159987539053,0.031817950308322906,240,8,109.47571778297424,10043,458,0,0,239.177,4.181,1914.898,-1.0,1.0,-1.0,-1.0,/home/josephluke/Program-Synthesis-for-Efficient-ML/results/hyperparameter_sweep/fine_v3/raw/fp32_add_sub_t30_i30_r02.json,/home/josephluke/Program-Synthesis-for-Efficient-ML/results/hyperparameter_sweep/fine_v3/raw/fp32_add_sub_t30_i30_r02.log
fp32_add_sub,fp32_add,full_sum,30,30,3,0,solved,solved,True,30,30,30,0.7241797428578138,0.03183640539646149,240,8,109.83573889732361,10044,458,0,0,239.177,4.181,1914.898,-1.0,1.0,-1.0,-1.0,/home/josephluke/Program-Synthesis-for-Efficient-ML/results/hyperparameter_sweep/fine_v3/raw/fp32_add_sub_t30_i30_r03.json,/home/josephluke/Program-Synthesis-for-Efficient-ML/results/hyperparameter_sweep/fine_v3/raw/fp32_add_sub_t30_i30_r03.log
fp32_add_sub,fp32_add,full_sum,60,10,1,0,solved,solved,True,10,10,10,0.18700017966330051,0.020675210282206535,80,8,105.84113216400146,10042,358,0,0,239.177,4.181,1496.798,-1.0,0.6292,-1.0,-1.0,/home/josephluke/Program-Synthesis-for-Efficient-ML/results/hyperparameter_sweep/fine_v3/raw/fp32_add_sub_t60_i10_r01.json,/home/josephluke/Program-Synthesis-for-Efficient-ML/results/hyperparameter_sweep/fine_v3/raw/fp32_add_sub_t60_i10_r01.log
fp32_add_sub,fp32_add,full_sum,60,10,2,0,solved,solved,True,10,10,10,0.19050993956625462,0.021244939416646957,80,8,107.76560878753662,10043,458,0,0,239.177,4.181,1914.898,-1.0,1.0,-1.0,-1.0,/home/josephluke/Program-Synthesis-for-Efficient-ML/results/hyperparameter_sweep/fine_v3/raw/fp32_add_sub_t60_i10_r02.json,/home/josephluke/Program-Synthesis-for-Efficient-ML/results/hyperparameter_sweep/fine_v3/raw/fp32_add_sub_t60_i10_r02.log
fp32_add_sub,fp32_add,full_sum,60,10,3,0,solved,solved,True,10,10,10,0.1870487816631794,0.02030256763100624,80,8,107.9978768825531,10044,458,0,0,239.177,4.181,1914.898,-1.0,1.0,-1.0,-1.0,/home/josephluke/Program-Synthesis-for-Efficient-ML/results/hyperparameter_sweep/fine_v3/raw/fp32_add_sub_t60_i10_r03.json,/home/josephluke/Program-Synthesis-for-Efficient-ML/results/hyperparameter_sweep/fine_v3/raw/fp32_add_sub_t60_i10_r03.log
fp32_add_sub,fp32_add,full_sum,60,15,1,0,solved,solved,True,15,15,15,0.29146115668118,0.022284438833594322,120,8,107.85143160820007,10042,458,0,0,239.177,4.181,1914.898,-1.0,1.0,-1.0,-1.0,/home/josephluke/Program-Synthesis-for-Efficient-ML/results/hyperparameter_sweep/fine_v3/raw/fp32_add_sub_t60_i15_r01.json,/home/josephluke/Program-Synthesis-for-Efficient-ML/results/hyperparameter_sweep/fine_v3/raw/fp32_add_sub_t60_i15_r01.log
fp32_add_sub,fp32_add,full_sum,60,15,2,0,solved,solved,True,15,15,15,0.30154011584818363,0.022917931899428368,120,8,108.39228129386902,10043,458,0,0,239.177,4.181,1914.898,-1.0,1.0,-1.0,-1.0,/home/josephluke/Program-Synthesis-for-Efficient-ML/results/hyperparameter_sweep/fine_v3/raw/fp32_add_sub_t60_i15_r02.json,/home/josephluke/Program-Synthesis-for-Efficient-ML/results/hyperparameter_sweep/fine_v3/raw/fp32_add_sub_t60_i15_r02.log
fp32_add_sub,fp32_add,full_sum,60,15,3,0,solved,solved,True,15,15,15,0.3058222886174917,0.023794034495949745,120,8,107.7803406715393,10044,458,0,0,239.177,4.181,1914.898,-1.0,1.0,-1.0,-1.0,/home/josephluke/Program-Synthesis-for-Efficient-ML/results/hyperparameter_sweep/fine_v3/raw/fp32_add_sub_t60_i15_r03.json,/home/josephluke/Program-Synthesis-for-Efficient-ML/results/hyperparameter_sweep/fine_v3/raw/fp32_add_sub_t60_i15_r03.log
fp32_add_sub,fp32_add,full_sum,60,20,1,0,solved,solved,True,20,20,20,0.4306445140391588,0.025962043553590775,160,8,108.12916994094849,10042,458,0,0,239.177,4.181,1914.898,-1.0,1.0,-1.0,-1.0,/home/josephluke/Program-Synthesis-for-Efficient-ML/results/hyperparameter_sweep/fine_v3/raw/fp32_add_sub_t60_i20_r01.json,/home/josephluke/Program-Synthesis-for-Efficient-ML/results/hyperparameter_sweep/fine_v3/raw/fp32_add_sub_t60_i20_r01.log
fp32_add_sub,fp32_add,full_sum,60,20,2,0,solved,solved,True,20,20,20,0.421458313241601,0.025987613946199417,160,8,108.16111540794373,10043,458,0,0,239.177,4.181,1914.898,-1.0,1.0,-1.0,-1.0,/home/josephluke/Program-Synthesis-for-Efficient-ML/results/hyperparameter_sweep/fine_v3/raw/fp32_add_sub_t60_i20_r02.json,/home/josephluke/Program-Synthesis-for-Efficient-ML/results/hyperparameter_sweep/fine_v3/raw/fp32_add_sub_t60_i20_r02.log
fp32_add_sub,fp32_add,full_sum,60,20,3,0,solved,solved,True,20,20,20,0.4343881122767925,0.026354385539889336,160,8,109.09404492378235,10044,458,0,0,239.177,4.181,1914.898,-1.0,1.0,-1.0,-1.0,/home/josephluke/Program-Synthesis-for-Efficient-ML/results/hyperparameter_sweep/fine_v3/raw/fp32_add_sub_t60_i20_r03.json,/home/josephluke/Program-Synthesis-for-Efficient-ML/results/hyperparameter_sweep/fine_v3/raw/fp32_add_sub_t60_i20_r03.log
fp32_add_sub,fp32_add,full_sum,60,30,1,0,solved,solved,True,30,30,30,0.7152637634426355,0.030896853655576706,240,8,109.55333352088928,10042,458,0,0,239.177,4.181,1914.898,-1.0,1.0,-1.0,-1.0,/home/josephluke/Program-Synthesis-for-Efficient-ML/results/hyperparameter_sweep/fine_v3/raw/fp32_add_sub_t60_i30_r01.json,/home/josephluke/Program-Synthesis-for-Efficient-ML/results/hyperparameter_sweep/fine_v3/raw/fp32_add_sub_t60_i30_r01.log
fp32_add_sub,fp32_add,full_sum,60,30,2,0,solved,solved,True,30,30,30,0.7191272005438805,0.03171299211680889,240,8,109.40779256820679,10043,458,0,0,239.177,4.181,1914.898,-1.0,1.0,-1.0,-1.0,/home/josephluke/Program-Synthesis-for-Efficient-ML/results/hyperparameter_sweep/fine_v3/raw/fp32_add_sub_t60_i30_r02.json,/home/josephluke/Program-Synthesis-for-Efficient-ML/results/hyperparameter_sweep/fine_v3/raw/fp32_add_sub_t60_i30_r02.log
fp32_add_sub,fp32_add,full_sum,60,30,3,0,solved,solved,True,30,30,30,0.7114306390285492,0.03139836899936199,240,8,109.32162666320801,10044,458,0,0,239.177,4.181,1914.898,-1.0,1.0,-1.0,-1.0,/home/josephluke/Program-Synthesis-for-Efficient-ML/results/hyperparameter_sweep/fine_v3/raw/fp32_add_sub_t60_i30_r03.json,/home/josephluke/Program-Synthesis-for-Efficient-ML/results/hyperparameter_sweep/fine_v3/raw/fp32_add_sub_t60_i30_r03.log
fp32_add_sub,fp32_add,full_sum,120,10,1,0,solved,solved,True,10,10,10,0.1935811061412096,0.021560044959187508,80,8,106.1730728149414,10042,358,0,0,239.177,4.181,1496.798,-1.0,0.6292,-1.0,-1.0,/home/josephluke/Program-Synthesis-for-Efficient-ML/results/hyperparameter_sweep/fine_v3/raw/fp32_add_sub_t120_i10_r01.json,/home/josephluke/Program-Synthesis-for-Efficient-ML/results/hyperparameter_sweep/fine_v3/raw/fp32_add_sub_t120_i10_r01.log
fp32_add_sub,fp32_add,full_sum,120,10,2,0,solved,solved,True,10,10,10,0.19357071444392204,0.02166838012635708,80,8,107.8082263469696,10043,458,0,0,239.177,4.181,1914.898,-1.0,1.0,-1.0,-1.0,/home/josephluke/Program-Synthesis-for-Efficient-ML/results/hyperparameter_sweep/fine_v3/raw/fp32_add_sub_t120_i10_r02.json,/home/josephluke/Program-Synthesis-for-Efficient-ML/results/hyperparameter_sweep/fine_v3/raw/fp32_add_sub_t120_i10_r02.log
fp32_add_sub,fp32_add,full_sum,120,10,3,0,solved,solved,True,10,10,10,0.19372317381203175,0.021399524062871933,80,8,107.49792814254761,10044,458,0,0,239.177,4.181,1914.898,-1.0,1.0,-1.0,-1.0,/home/josephluke/Program-Synthesis-for-Efficient-ML/results/hyperparameter_sweep/fine_v3/raw/fp32_add_sub_t120_i10_r03.json,/home/josephluke/Program-Synthesis-for-Efficient-ML/results/hyperparameter_sweep/fine_v3/raw/fp32_add_sub_t120_i10_r03.log
fp32_add_sub,fp32_add,full_sum,120,15,1,0,solved,solved,True,15,15,15,0.30681913159787655,0.02342589944601059,120,8,108.02852201461792,10042,458,0,0,239.177,4.181,1914.898,-1.0,1.0,-1.0,-1.0,/home/josephluke/Program-Synthesis-for-Efficient-ML/results/hyperparameter_sweep/fine_v3/raw/fp32_add_sub_t120_i15_r01.json,/home/josephluke/Program-Synthesis-for-Efficient-ML/results/hyperparameter_sweep/fine_v3/raw/fp32_add_sub_t120_i15_r01.log
fp32_add_sub,fp32_add,full_sum,120,15,2,0,solved,solved,True,15,15,15,0.29866989329457283,0.022883150726556778,120,8,107.64346885681152,10043,458,0,0,239.177,4.181,1914.898,-1.0,1.0,-1.0,-1.0,/home/josephluke/Program-Synthesis-for-Efficient-ML/results/hyperparameter_sweep/fine_v3/raw/fp32_add_sub_t120_i15_r02.json,/home/josephluke/Program-Synthesis-for-Efficient-ML/results/hyperparameter_sweep/fine_v3/raw/fp32_add_sub_t120_i15_r02.log
fp32_add_sub,fp32_add,full_sum,120,15,3,0,solved,solved,True,15,15,15,0.2945991400629282,0.022584959864616394,120,8,107.90685987472534,10044,458,0,0,239.177,4.181,1914.898,-1.0,1.0,-1.0,-1.0,/home/josephluke/Program-Synthesis-for-Efficient-ML/results/hyperparameter_sweep/fine_v3/raw/fp32_add_sub_t120_i15_r03.json,/home/josephluke/Program-Synthesis-for-Efficient-ML/results/hyperparameter_sweep/fine_v3/raw/fp32_add_sub_t120_i15_r03.log
fp32_add_sub,fp32_add,full_sum,120,20,1,0,solved,solved,True,20,20,20,0.4325038567185402,0.026203768327832222,160,8,108.35929989814758,10042,458,0,0,239.177,4.181,1914.898,-1.0,1.0,-1.0,-1.0,/home/josephluke/Program-Synthesis-for-Efficient-ML/results/hyperparameter_sweep/fine_v3/raw/fp32_add_sub_t120_i20_r01.json,/home/josephluke/Program-Synthesis-for-Efficient-ML/results/hyperparameter_sweep/fine_v3/raw/fp32_add_sub_t120_i20_r01.log
fp32_add_sub,fp32_add,full_sum,120,20,2,0,solved,solved,True,20,20,20,0.4263682309538126,0.02515464648604393,160,8,108.61840271949768,10043,458,0,0,239.177,4.181,1914.898,-1.0,1.0,-1.0,-1.0,/home/josephluke/Program-Synthesis-for-Efficient-ML/results/hyperparameter_sweep/fine_v3/raw/fp32_add_sub_t120_i20_r02.json,/home/josephluke/Program-Synthesis-for-Efficient-ML/results/hyperparameter_sweep/fine_v3/raw/fp32_add_sub_t120_i20_r02.log
fp32_add_sub,fp32_add,full_sum,120,20,3,0,solved,solved,True,20,20,20,0.41951064951717854,0.026397783309221268,160,8,108.54870700836182,10044,458,0,0,239.177,4.181,1914.898,-1.0,1.0,-1.0,-1.0,/home/josephluke/Program-Synthesis-for-Efficient-ML/results/hyperparameter_sweep/fine_v3/raw/fp32_add_sub_t120_i20_r03.json,/home/josephluke/Program-Synthesis-for-Efficient-ML/results/hyperparameter_sweep/fine_v3/raw/fp32_add_sub_t120_i20_r03.log
fp32_add_sub,fp32_add,full_sum,120,30,1,0,solved,solved,True,30,30,30,0.7224823702126741,0.0318316575139761,240,8,109.37594723701477,10042,458,0,0,239.177,4.181,1914.898,-1.0,1.0,-1.0,-1.0,/home/josephluke/Program-Synthesis-for-Efficient-ML/results/hyperparameter_sweep/fine_v3/raw/fp32_add_sub_t120_i30_r01.json,/home/josephluke/Program-Synthesis-for-Efficient-ML/results/hyperparameter_sweep/fine_v3/raw/fp32_add_sub_t120_i30_r01.log
fp32_add_sub,fp32_add,full_sum,120,30,2,0,solved,solved,True,30,30,30,0.709945622831583,0.03115668147802353,240,8,109.51096868515015,10043,458,0,0,239.177,4.181,1914.898,-1.0,1.0,-1.0,-1.0,/home/josephluke/Program-Synthesis-for-Efficient-ML/results/hyperparameter_sweep/fine_v3/raw/fp32_add_sub_t120_i30_r02.json,/home/josephluke/Program-Synthesis-for-Efficient-ML/results/hyperparameter_sweep/fine_v3/raw/fp32_add_sub_t120_i30_r02.log
fp32_add_sub,fp32_add,full_sum,120,30,3,0,solved,solved,True,30,30,30,0.7158472668379545,0.031968796625733376,240,8,109.29601311683655,10044,458,0,0,239.177,4.181,1914.898,-1.0,1.0,-1.0,-1.0,/home/josephluke/Program-Synthesis-for-Efficient-ML/results/hyperparameter_sweep/fine_v3/raw/fp32_add_sub_t120_i30_r03.json,/home/josephluke/Program-Synthesis-for-Efficient-ML/results/hyperparameter_sweep/fine_v3/raw/fp32_add_sub_t120_i30_r03.log
fp32_add_sub,fp32_add,full_sum,180,10,1,0,solved,solved,True,10,10,10,0.19290112145245075,0.021651925519108772,80,8,105.6535234451294,10042,358,0,0,239.177,4.181,1496.798,-1.0,0.6292,-1.0,-1.0,/home/josephluke/Program-Synthesis-for-Efficient-ML/results/hyperparameter_sweep/fine_v3/raw/fp32_add_sub_t180_i10_r01.json,/home/josephluke/Program-Synthesis-for-Efficient-ML/results/hyperparameter_sweep/fine_v3/raw/fp32_add_sub_t180_i10_r01.log
fp32_add_sub,fp32_add,full_sum,180,10,2,0,solved,solved,True,10,10,10,0.19529341533780098,0.021764762699604034,80,8,107.92193365097046,10043,458,0,0,239.177,4.181,1914.898,-1.0,1.0,-1.0,-1.0,/home/josephluke/Program-Synthesis-for-Efficient-ML/results/hyperparameter_sweep/fine_v3/raw/fp32_add_sub_t180_i10_r02.json,/home/josephluke/Program-Synthesis-for-Efficient-ML/results/hyperparameter_sweep/fine_v3/raw/fp32_add_sub_t180_i10_r02.log
fp32_add_sub,fp32_add,full_sum,180,10,3,0,solved,solved,True,10,10,10,0.19446511194109917,0.021787896752357483,80,8,108.26815962791443,10044,458,0,0,239.177,4.181,1914.898,-1.0,1.0,-1.0,-1.0,/home/josephluke/Program-Synthesis-for-Efficient-ML/results/hyperparameter_sweep/fine_v3/raw/fp32_add_sub_t180_i10_r03.json,/home/josephluke/Program-Synthesis-for-Efficient-ML/results/hyperparameter_sweep/fine_v3/raw/fp32_add_sub_t180_i10_r03.log
fp32_add_sub,fp32_add,full_sum,180,15,1,0,solved,solved,True,15,15,15,0.3082888759672642,0.023899443447589874,120,8,107.91234254837036,10042,458,0,0,239.177,4.181,1914.898,-1.0,1.0,-1.0,-1.0,/home/josephluke/Program-Synthesis-for-Efficient-ML/results/hyperparameter_sweep/fine_v3/raw/fp32_add_sub_t180_i15_r01.json,/home/josephluke/Program-Synthesis-for-Efficient-ML/results/hyperparameter_sweep/fine_v3/raw/fp32_add_sub_t180_i15_r01.log
fp32_add_sub,fp32_add,full_sum,180,15,2,0,solved,solved,True,15,15,15,0.30318267084658146,0.023810969665646553,120,8,108.17037534713745,10043,458,0,0,239.177,4.181,1914.898,-1.0,1.0,-1.0,-1.0,/home/josephluke/Program-Synthesis-for-Efficient-ML/results/hyperparameter_sweep/fine_v3/raw/fp32_add_sub_t180_i15_r02.json,/home/josephluke/Program-Synthesis-for-Efficient-ML/results/hyperparameter_sweep/fine_v3/raw/fp32_add_sub_t180_i15_r02.log
fp32_add_sub,fp32_add,full_sum,180,15,3,0,solved,solved,True,15,15,15,0.2928011007606983,0.02274377830326557,120,8,108.01290607452393,10044,458,0,0,239.177,4.181,1914.898,-1.0,1.0,-1.0,-1.0,/home/josephluke/Program-Synthesis-for-Efficient-ML/results/hyperparameter_sweep/fine_v3/raw/fp32_add_sub_t180_i15_r03.json,/home/josephluke/Program-Synthesis-for-Efficient-ML/results/hyperparameter_sweep/fine_v3/raw/fp32_add_sub_t180_i15_r03.log
fp32_add_sub,fp32_add,full_sum,180,20,1,0,solved,solved,True,20,20,20,0.4319945499300957,0.026369625702500343,160,8,108.16778373718262,10042,458,0,0,239.177,4.181,1914.898,-1.0,1.0,-1.0,-1.0,/home/josephluke/Program-Synthesis-for-Efficient-ML/results/hyperparameter_sweep/fine_v3/raw/fp32_add_sub_t180_i20_r01.json,/home/josephluke/Program-Synthesis-for-Efficient-ML/results/hyperparameter_sweep/fine_v3/raw/fp32_add_sub_t180_i20_r01.log
fp32_add_sub,fp32_add,full_sum,180,20,2,0,solved,solved,True,20,20,20,0.4179199393838644,0.025315916165709496,160,8,108.84601545333862,10043,458,0,0,239.177,4.181,1914.898,-1.0,1.0,-1.0,-1.0,/home/josephluke/Program-Synthesis-for-Efficient-ML/results/hyperparameter_sweep/fine_v3/raw/fp32_add_sub_t180_i20_r02.json,/home/josephluke/Program-Synthesis-for-Efficient-ML/results/hyperparameter_sweep/fine_v3/raw/fp32_add_sub_t180_i20_r02.log
fp32_add_sub,fp32_add,full_sum,180,20,3,0,solved,solved,True,20,20,20,0.43545303493738174,0.02623436413705349,160,8,108.09334945678711,10044,458,0,0,239.177,4.181,1914.898,-1.0,1.0,-1.0,-1.0,/home/josephluke/Program-Synthesis-for-Efficient-ML/results/hyperparameter_sweep/fine_v3/raw/fp32_add_sub_t180_i20_r03.json,/home/josephluke/Program-Synthesis-for-Efficient-ML/results/hyperparameter_sweep/fine_v3/raw/fp32_add_sub_t180_i20_r03.log
fp32_add_sub,fp32_add,full_sum,180,30,1,0,solved,solved,True,30,30,30,0.7161020915955305,0.031893208622932434,240,8,109.41197752952576,10042,458,0,0,239.177,4.181,1914.898,-1.0,1.0,-1.0,-1.0,/home/josephluke/Program-Synthesis-for-Efficient-ML/results/hyperparameter_sweep/fine_v3/raw/fp32_add_sub_t180_i30_r01.json,/home/josephluke/Program-Synthesis-for-Efficient-ML/results/hyperparameter_sweep/fine_v3/raw/fp32_add_sub_t180_i30_r01.log
fp32_add_sub,fp32_add,full_sum,180,30,2,0,solved,solved,True,30,30,30,0.7447084840387106,0.040141429752111435,240,8,109.17216992378235,10043,458,0,0,239.177,4.181,1914.898,-1.0,1.0,-1.0,-1.0,/home/josephluke/Program-Synthesis-for-Efficient-ML/results/hyperparameter_sweep/fine_v3/raw/fp32_add_sub_t180_i30_r02.json,/home/josephluke/Program-Synthesis-for-Efficient-ML/results/hyperparameter_sweep/fine_v3/raw/fp32_add_sub_t180_i30_r02.log
fp32_add_sub,fp32_add,full_sum,180,30,3,0,solved,solved,True,30,30,30,0.7155298609286547,0.031423818320035934,240,8,109.67229986190796,10044,458,0,0,239.177,4.181,1914.898,-1.0,1.0,-1.0,-1.0,/home/josephluke/Program-Synthesis-for-Efficient-ML/results/hyperparameter_sweep/fine_v3/raw/fp32_add_sub_t180_i30_r03.json,/home/josephluke/Program-Synthesis-for-Efficient-ML/results/hyperparameter_sweep/fine_v3/raw/fp32_add_sub_t180_i30_r03.log
fp32_add_sub,fp32_add,full_sum,300,10,1,0,solved,solved,True,10,10,10,0.194859953597188,0.02190941944718361,80,8,105.93734312057495,10042,358,0,0,239.177,4.181,1496.798,-1.0,0.6292,-1.0,-1.0,/home/josephluke/Program-Synthesis-for-Efficient-ML/results/hyperparameter_sweep/fine_v3/raw/fp32_add_sub_t300_i10_r01.json,/home/josephluke/Program-Synthesis-for-Efficient-ML/results/hyperparameter_sweep/fine_v3/raw/fp32_add_sub_t300_i10_r01.log
fp32_add_sub,fp32_add,full_sum,300,10,2,0,solved,solved,True,10,10,10,0.18545315973460674,0.02031879872083664,80,8,108.07184147834778,10043,458,0,0,239.177,4.181,1914.898,-1.0,1.0,-1.0,-1.0,/home/josephluke/Program-Synthesis-for-Efficient-ML/results/hyperparameter_sweep/fine_v3/raw/fp32_add_sub_t300_i10_r02.json,/home/josephluke/Program-Synthesis-for-Efficient-ML/results/hyperparameter_sweep/fine_v3/raw/fp32_add_sub_t300_i10_r02.log
fp32_add_sub,fp32_add,full_sum,300,10,3,0,solved,solved,True,10,10,10,0.1881820112466812,0.020751241594552994,80,8,107.8776969909668,10044,458,0,0,239.177,4.181,1914.898,-1.0,1.0,-1.0,-1.0,/home/josephluke/Program-Synthesis-for-Efficient-ML/results/hyperparameter_sweep/fine_v3/raw/fp32_add_sub_t300_i10_r03.json,/home/josephluke/Program-Synthesis-for-Efficient-ML/results/hyperparameter_sweep/fine_v3/raw/fp32_add_sub_t300_i10_r03.log
fp32_add_sub,fp32_add,full_sum,300,15,1,0,solved,solved,True,15,15,15,0.3088171500712633,0.023859038949012756,120,8,108.18615174293518,10042,458,0,0,239.177,4.181,1914.898,-1.0,1.0,-1.0,-1.0,/home/josephluke/Program-Synthesis-for-Efficient-ML/results/hyperparameter_sweep/fine_v3/raw/fp32_add_sub_t300_i15_r01.json,/home/josephluke/Program-Synthesis-for-Efficient-ML/results/hyperparameter_sweep/fine_v3/raw/fp32_add_sub_t300_i15_r01.log
fp32_add_sub,fp32_add,full_sum,300,15,2,0,solved,solved,True,15,15,15,0.3057269286364317,0.024147091433405876,120,8,108.01896166801453,10043,458,0,0,239.177,4.181,1914.898,-1.0,1.0,-1.0,-1.0,/home/josephluke/Program-Synthesis-for-Efficient-ML/results/hyperparameter_sweep/fine_v3/raw/fp32_add_sub_t300_i15_r02.json,/home/josephluke/Program-Synthesis-for-Efficient-ML/results/hyperparameter_sweep/fine_v3/raw/fp32_add_sub_t300_i15_r02.log
fp32_add_sub,fp32_add,full_sum,300,15,3,0,solved,solved,True,15,15,15,0.296139495447278,0.02239483967423439,120,8,108.05625796318054,10044,458,0,0,239.177,4.181,1914.898,-1.0,1.0,-1.0,-1.0,/home/josephluke/Program-Synthesis-for-Efficient-ML/results/hyperparameter_sweep/fine_v3/raw/fp32_add_sub_t300_i15_r03.json,/home/josephluke/Program-Synthesis-for-Efficient-ML/results/hyperparameter_sweep/fine_v3/raw/fp32_add_sub_t300_i15_r03.log
fp32_add_sub,fp32_add,full_sum,300,20,1,0,solved,solved,True,20,20,20,0.4319805074483156,0.026173021644353867,160,8,108.6026828289032,10042,458,0,0,239.177,4.181,1914.898,-1.0,1.0,-1.0,-1.0,/home/josephluke/Program-Synthesis-for-Efficient-ML/results/hyperparameter_sweep/fine_v3/raw/fp32_add_sub_t300_i20_r01.json,/home/josephluke/Program-Synthesis-for-Efficient-ML/results/hyperparameter_sweep/fine_v3/raw/fp32_add_sub_t300_i20_r01.log
fp32_add_sub,fp32_add,full_sum,300,20,2,0,solved,solved,True,20,20,20,0.43074030615389347,0.026471149176359177,160,8,108.29860234260559,10043,458,0,0,239.177,4.181,1914.898,-1.0,1.0,-1.0,-1.0,/home/josephluke/Program-Synthesis-for-Efficient-ML/results/hyperparameter_sweep/fine_v3/raw/fp32_add_sub_t300_i20_r02.json,/home/josephluke/Program-Synthesis-for-Efficient-ML/results/hyperparameter_sweep/fine_v3/raw/fp32_add_sub_t300_i20_r02.log
fp32_add_sub,fp32_add,full_sum,300,20,3,0,solved,solved,True,20,20,20,0.4292091131210327,0.026217464357614517,160,8,108.33970141410828,10044,458,0,0,239.177,4.181,1914.898,-1.0,1.0,-1.0,-1.0,/home/josephluke/Program-Synthesis-for-Efficient-ML/results/hyperparameter_sweep/fine_v3/raw/fp32_add_sub_t300_i20_r03.json,/home/josephluke/Program-Synthesis-for-Efficient-ML/results/hyperparameter_sweep/fine_v3/raw/fp32_add_sub_t300_i20_r03.log
fp32_add_sub,fp32_add,full_sum,300,30,1,0,solved,solved,True,30,30,30,0.7164159175008535,0.031336719170212746,240,8,109.64264512062073,10042,458,0,0,239.177,4.181,1914.898,-1.0,1.0,-1.0,-1.0,/home/josephluke/Program-Synthesis-for-Efficient-ML/results/hyperparameter_sweep/fine_v3/raw/fp32_add_sub_t300_i30_r01.json,/home/josephluke/Program-Synthesis-for-Efficient-ML/results/hyperparameter_sweep/fine_v3/raw/fp32_add_sub_t300_i30_r01.log
fp32_add_sub,fp32_add,full_sum,300,30,2,0,solved,solved,True,30,30,30,0.7227757349610329,0.03206361643970013,240,8,109.82355809211731,10043,458,0,0,239.177,4.181,1914.898,-1.0,1.0,-1.0,-1.0,/home/josephluke/Program-Synthesis-for-Efficient-ML/results/hyperparameter_sweep/fine_v3/raw/fp32_add_sub_t300_i30_r02.json,/home/josephluke/Program-Synthesis-for-Efficient-ML/results/hyperparameter_sweep/fine_v3/raw/fp32_add_sub_t300_i30_r02.log
fp32_add_sub,fp32_add,full_sum,300,30,3,0,solved,solved,True,30,30,30,0.7152662239968777,0.03085734322667122,240,8,109.96655082702637,10044,458,0,0,239.177,4.181,1914.898,-1.0,1.0,-1.0,-1.0,/home/josephluke/Program-Synthesis-for-Efficient-ML/results/hyperparameter_sweep/fine_v3/raw/fp32_add_sub_t300_i30_r03.json,/home/josephluke/Program-Synthesis-for-Efficient-ML/results/hyperparameter_sweep/fine_v3/raw/fp32_add_sub_t300_i30_r03.log
fp32_mul_sub,fp32_mul,full_product,30,10,1,0,solved,solved,True,10,10,10,0.14138126373291016,0.014877548441290855,140,14,94.99549055099487,11042,32,0,2,74.355,13.449,430.368,-1.0,0.9046,-1.0,-1.0,/home/josephluke/Program-Synthesis-for-Efficient-ML/results/hyperparameter_sweep/fine_v3/raw/fp32_mul_sub_t30_i10_r01.json,/home/josephluke/Program-Synthesis-for-Efficient-ML/results/hyperparameter_sweep/fine_v3/raw/fp32_mul_sub_t30_i10_r01.log
fp32_mul_sub,fp32_mul,full_product,30,10,2,0,solved,solved,True,10,10,10,0.1514287106692791,0.015749266371130943,140,14,95.72507619857788,11043,32,0,2,74.355,13.449,430.368,-1.0,0.9046,-1.0,-1.0,/home/josephluke/Program-Synthesis-for-Efficient-ML/results/hyperparameter_sweep/fine_v3/raw/fp32_mul_sub_t30_i10_r02.json,/home/josephluke/Program-Synthesis-for-Efficient-ML/results/hyperparameter_sweep/fine_v3/raw/fp32_mul_sub_t30_i10_r02.log
fp32_mul_sub,fp32_mul,full_product,30,10,3,0,solved,solved,True,10,10,10,0.14957590773701668,0.015618257224559784,140,14,95.43300127983093,11044,32,0,2,74.355,13.449,430.368,-1.0,0.9046,-1.0,-1.0,/home/josephluke/Program-Synthesis-for-Efficient-ML/results/hyperparameter_sweep/fine_v3/raw/fp32_mul_sub_t30_i10_r03.json,/home/josephluke/Program-Synthesis-for-Efficient-ML/results/hyperparameter_sweep/fine_v3/raw/fp32_mul_sub_t30_i10_r03.log
fp32_mul_sub,fp32_mul,full_product,30,15,1,0,solved,solved,True,15,15,15,0.22691699489951134,0.01642755977809429,210,14,95.61684131622314,11042,32,0,2,74.355,13.449,430.368,-1.0,0.9046,-1.0,-1.0,/home/josephluke/Program-Synthesis-for-Efficient-ML/results/hyperparameter_sweep/fine_v3/raw/fp32_mul_sub_t30_i15_r01.json,/home/josephluke/Program-Synthesis-for-Efficient-ML/results/hyperparameter_sweep/fine_v3/raw/fp32_mul_sub_t30_i15_r01.log
fp32_mul_sub,fp32_mul,full_product,30,15,2,0,solved,solved,True,15,15,15,0.22972833551466465,0.01625366508960724,210,14,95.81830883026123,11043,32,0,2,74.355,13.449,430.368,-1.0,0.9046,-1.0,-1.0,/home/josephluke/Program-Synthesis-for-Efficient-ML/results/hyperparameter_sweep/fine_v3/raw/fp32_mul_sub_t30_i15_r02.json,/home/josephluke/Program-Synthesis-for-Efficient-ML/results/hyperparameter_sweep/fine_v3/raw/fp32_mul_sub_t30_i15_r02.log
fp32_mul_sub,fp32_mul,full_product,30,15,3,0,solved,solved,True,15,15,15,0.22915603034198284,0.016331464052200317,210,14,95.65044093132019,11044,32,0,2,74.355,13.449,430.368,-1.0,0.9046,-1.0,-1.0,/home/josephluke/Program-Synthesis-for-Efficient-ML/results/hyperparameter_sweep/fine_v3/raw/fp32_mul_sub_t30_i15_r03.json,/home/josephluke/Program-Synthesis-for-Efficient-ML/results/hyperparameter_sweep/fine_v3/raw/fp32_mul_sub_t30_i15_r03.log
fp32_mul_sub,fp32_mul,full_product,30,20,1,0,solved,solved,True,20,20,20,0.3115085978060961,0.01695672795176506,280,14,95.77928233146667,11042,32,0,2,74.355,13.449,430.368,-1.0,0.9046,-1.0,-1.0,/home/josephluke/Program-Synthesis-for-Efficient-ML/results/hyperparameter_sweep/fine_v3/raw/fp32_mul_sub_t30_i20_r01.json,/home/josephluke/Program-Synthesis-for-Efficient-ML/results/hyperparameter_sweep/fine_v3/raw/fp32_mul_sub_t30_i20_r01.log
fp32_mul_sub,fp32_mul,full_product,30,20,2,0,solved,solved,True,20,20,20,0.3083317521959543,0.016531474888324738,280,14,96.1887538433075,11043,32,0,2,74.355,13.449,430.368,-1.0,0.9046,-1.0,-1.0,/home/josephluke/Program-Synthesis-for-Efficient-ML/results/hyperparameter_sweep/fine_v3/raw/fp32_mul_sub_t30_i20_r02.json,/home/josephluke/Program-Synthesis-for-Efficient-ML/results/hyperparameter_sweep/fine_v3/raw/fp32_mul_sub_t30_i20_r02.log
fp32_mul_sub,fp32_mul,full_product,30,20,3,0,solved,solved,True,20,20,20,0.3104705158621073,0.016614070162177086,280,14,96.02808475494385,11044,32,0,2,74.355,13.449,430.368,-1.0,0.9046,-1.0,-1.0,/home/josephluke/Program-Synthesis-for-Efficient-ML/results/hyperparameter_sweep/fine_v3/raw/fp32_mul_sub_t30_i20_r03.json,/home/josephluke/Program-Synthesis-for-Efficient-ML/results/hyperparameter_sweep/fine_v3/raw/fp32_mul_sub_t30_i20_r03.log
fp32_mul_sub,fp32_mul,full_product,30,30,1,0,solved,solved,True,30,30,30,0.4580802284181118,0.01696586236357689,420,14,96.3832631111145,11042,32,0,2,74.355,13.449,430.368,-1.0,0.9046,-1.0,-1.0,/home/josephluke/Program-Synthesis-for-Efficient-ML/results/hyperparameter_sweep/fine_v3/raw/fp32_mul_sub_t30_i30_r01.json,/home/josephluke/Program-Synthesis-for-Efficient-ML/results/hyperparameter_sweep/fine_v3/raw/fp32_mul_sub_t30_i30_r01.log
fp32_mul_sub,fp32_mul,full_product,30,30,2,0,solved,solved,True,30,30,30,0.47678226977586746,0.017430031672120094,420,14,96.63670063018799,11043,32,0,2,74.355,13.449,430.368,-1.0,0.9046,-1.0,-1.0,/home/josephluke/Program-Synthesis-for-Efficient-ML/results/hyperparameter_sweep/fine_v3/raw/fp32_mul_sub_t30_i30_r02.json,/home/josephluke/Program-Synthesis-for-Efficient-ML/results/hyperparameter_sweep/fine_v3/raw/fp32_mul_sub_t30_i30_r02.log
fp32_mul_sub,fp32_mul,full_product,30,30,3,0,solved,solved,True,30,30,30,0.4833121318370104,0.01811979152262211,420,14,96.5677399635315,11044,32,0,2,74.355,13.449,430.368,-1.0,0.9046,-1.0,-1.0,/home/josephluke/Program-Synthesis-for-Efficient-ML/results/hyperparameter_sweep/fine_v3/raw/fp32_mul_sub_t30_i30_r03.json,/home/josephluke/Program-Synthesis-for-Efficient-ML/results/hyperparameter_sweep/fine_v3/raw/fp32_mul_sub_t30_i30_r03.log
fp32_mul_sub,fp32_mul,full_product,60,10,1,0,solved,solved,True,10,10,10,0.15073667094111443,0.015524396672844887,140,14,95.09126734733582,11042,32,0,2,74.355,13.449,430.368,-1.0,0.9046,-1.0,-1.0,/home/josephluke/Program-Synthesis-for-Efficient-ML/results/hyperparameter_sweep/fine_v3/raw/fp32_mul_sub_t60_i10_r01.json,/home/josephluke/Program-Synthesis-for-Efficient-ML/results/hyperparameter_sweep/fine_v3/raw/fp32_mul_sub_t60_i10_r01.log
fp32_mul_sub,fp32_mul,full_product,60,10,2,0,solved,solved,True,10,10,10,0.14909188263118267,0.015634523704648018,140,14,95.24378156661987,11043,32,0,2,74.355,13.449,430.368,-1.0,0.9046,-1.0,-1.0,/home/josephluke/Program-Synthesis-for-Efficient-ML/results/hyperparameter_sweep/fine_v3/raw/fp32_mul_sub_t60_i10_r02.json,/home/josephluke/Program-Synthesis-for-Efficient-ML/results/hyperparameter_sweep/fine_v3/raw/fp32_mul_sub_t60_i10_r02.log
fp32_mul_sub,fp32_mul,full_product,60,10,3,0,solved,solved,True,10,10,10,0.14929361268877983,0.01572919636964798,140,14,95.1936502456665,11044,32,0,2,74.355,13.449,430.368,-1.0,0.9046,-1.0,-1.0,/home/josephluke/Program-Synthesis-for-Efficient-ML/results/hyperparameter_sweep/fine_v3/raw/fp32_mul_sub_t60_i10_r03.json,/home/josephluke/Program-Synthesis-for-Efficient-ML/results/hyperparameter_sweep/fine_v3/raw/fp32_mul_sub_t60_i10_r03.log
fp32_mul_sub,fp32_mul,full_product,60,15,1,0,solved,solved,True,15,15,15,0.227424968034029,0.016084009781479836,210,14,95.57717728614807,11042,32,0,2,74.355,13.449,430.368,-1.0,0.9046,-1.0,-1.0,/home/josephluke/Program-Synthesis-for-Efficient-ML/results/hyperparameter_sweep/fine_v3/raw/fp32_mul_sub_t60_i15_r01.json,/home/josephluke/Program-Synthesis-for-Efficient-ML/results/hyperparameter_sweep/fine_v3/raw/fp32_mul_sub_t60_i15_r01.log
fp32_mul_sub,fp32_mul,full_product,60,15,2,0,solved,solved,True,15,15,15,0.22337651252746582,0.015703337267041206,210,14,95.39763259887695,11043,32,0,2,74.355,13.449,430.368,-1.0,0.9046,-1.0,-1.0,/home/josephluke/Program-Synthesis-for-Efficient-ML/results/hyperparameter_sweep/fine_v3/raw/fp32_mul_sub_t60_i15_r02.json,/home/josephluke/Program-Synthesis-for-Efficient-ML/results/hyperparameter_sweep/fine_v3/raw/fp32_mul_sub_t60_i15_r02.log
fp32_mul_sub,fp32_mul,full_product,60,15,3,0,solved,solved,True,15,15,15,0.22936829552054405,0.015893515199422836,210,14,95.64312291145325,11044,32,0,2,74.355,13.449,430.368,-1.0,0.9046,-1.0,-1.0,/home/josephluke/Program-Synthesis-for-Efficient-ML/results/hyperparameter_sweep/fine_v3/raw/fp32_mul_sub_t60_i15_r03.json,/home/josephluke/Program-Synthesis-for-Efficient-ML/results/hyperparameter_sweep/fine_v3/raw/fp32_mul_sub_t60_i15_r03.log
fp32_mul_sub,fp32_mul,full_product,60,20,1,0,solved,solved,True,20,20,20,0.31170023046433926,0.016707241535186768,280,14,95.7001702785492,11042,32,0,2,74.355,13.449,430.368,-1.0,0.9046,-1.0,-1.0,/home/josephluke/Program-Synthesis-for-Efficient-ML/results/hyperparameter_sweep/fine_v3/raw/fp32_mul_sub_t60_i20_r01.json,/home/josephluke/Program-Synthesis-for-Efficient-ML/results/hyperparameter_sweep/fine_v3/raw/fp32_mul_sub_t60_i20_r01.log
fp32_mul_sub,fp32_mul,full_product,60,20,2,0,solved,solved,True,20,20,20,0.293150095269084,0.01564805395901203,280,14,95.82150483131409,11043,32,0,2,74.355,13.449,430.368,-1.0,0.9046,-1.0,-1.0,/home/josephluke/Program-Synthesis-for-Efficient-ML/results/hyperparameter_sweep/fine_v3/raw/fp32_mul_sub_t60_i20_r02.json,/home/josephluke/Program-Synthesis-for-Efficient-ML/results/hyperparameter_sweep/fine_v3/raw/fp32_mul_sub_t60_i20_r02.log
fp32_mul_sub,fp32_mul,full_product,60,20,3,0,solved,solved,True,20,20,20,0.30884009040892124,0.016466574743390083,280,14,95.93451428413391,11044,32,0,2,74.355,13.449,430.368,-1.0,0.9046,-1.0,-1.0,/home/josephluke/Program-Synthesis-for-Efficient-ML/results/hyperparameter_sweep/fine_v3/raw/fp32_mul_sub_t60_i20_r03.json,/home/josephluke/Program-Synthesis-for-Efficient-ML/results/hyperparameter_sweep/fine_v3/raw/fp32_mul_sub_t60_i20_r03.log
fp32_mul_sub,fp32_mul,full_product,60,30,1,0,solved,solved,True,30,30,30,0.47757767885923386,0.01759885437786579,420,14,96.39557409286499,11042,32,0,2,74.355,13.449,430.368,-1.0,0.9046,-1.0,-1.0,/home/josephluke/Program-Synthesis-for-Efficient-ML/results/hyperparameter_sweep/fine_v3/raw/fp32_mul_sub_t60_i30_r01.json,/home/josephluke/Program-Synthesis-for-Efficient-ML/results/hyperparameter_sweep/fine_v3/raw/fp32_mul_sub_t60_i30_r01.log
fp32_mul_sub,fp32_mul,full_product,60,30,2,0,solved,solved,True,30,30,30,0.48740050941705704,0.018360575661063194,420,14,96.59552907943726,11043,32,0,2,74.355,13.449,430.368,-1.0,0.9046,-1.0,-1.0,/home/josephluke/Program-Synthesis-for-Efficient-ML/results/hyperparameter_sweep/fine_v3/raw/fp32_mul_sub_t60_i30_r02.json,/home/josephluke/Program-Synthesis-for-Efficient-ML/results/hyperparameter_sweep/fine_v3/raw/fp32_mul_sub_t60_i30_r02.log
fp32_mul_sub,fp32_mul,full_product,60,30,3,0,solved,solved,True,30,30,30,0.47896978072822094,0.01779818907380104,420,14,96.48574566841125,11044,32,0,2,74.355,13.449,430.368,-1.0,0.9046,-1.0,-1.0,/home/josephluke/Program-Synthesis-for-Efficient-ML/results/hyperparameter_sweep/fine_v3/raw/fp32_mul_sub_t60_i30_r03.json,/home/josephluke/Program-Synthesis-for-Efficient-ML/results/hyperparameter_sweep/fine_v3/raw/fp32_mul_sub_t60_i30_r03.log
fp32_mul_sub,fp32_mul,full_product,120,10,1,0,solved,solved,True,10,10,10,0.1418766025453806,0.0147087462246418,140,14,95.12770819664001,11042,32,0,2,74.355,13.449,430.368,-1.0,0.9046,-1.0,-1.0,/home/josephluke/Program-Synthesis-for-Efficient-ML/results/hyperparameter_sweep/fine_v3/raw/fp32_mul_sub_t120_i10_r01.json,/home/josephluke/Program-Synthesis-for-Efficient-ML/results/hyperparameter_sweep/fine_v3/raw/fp32_mul_sub_t120_i10_r01.log
fp32_mul_sub,fp32_mul,full_product,120,10,2,0,solved,solved,True,10,10,10,0.14787962660193443,0.015477227047085762,140,14,95.46163558959961,11043,32,0,2,74.355,13.449,430.368,-1.0,0.9046,-1.0,-1.0,/home/josephluke/Program-Synthesis-for-Efficient-ML/results/hyperparameter_sweep/fine_v3/raw/fp32_mul_sub_t120_i10_r02.json,/home/josephluke/Program-Synthesis-for-Efficient-ML/results/hyperparameter_sweep/fine_v3/raw/fp32_mul_sub_t120_i10_r02.log
fp32_mul_sub,fp32_mul,full_product,120,10,3,0,solved,solved,True,10,10,10,0.14873663894832134,0.01555071771144867,140,14,95.28488612174988,11044,32,0,2,74.355,13.449,430.368,-1.0,0.9046,-1.0,-1.0,/home/josephluke/Program-Synthesis-for-Efficient-ML/results/hyperparameter_sweep/fine_v3/raw/fp32_mul_sub_t120_i10_r03.json,/home/josephluke/Program-Synthesis-for-Efficient-ML/results/hyperparameter_sweep/fine_v3/raw/fp32_mul_sub_t120_i10_r03.log
fp32_mul_sub,fp32_mul,full_product,120,15,1,0,solved,solved,True,15,15,15,0.22723259031772614,0.016243331134319305,210,14,95.59721064567566,11042,32,0,2,74.355,13.449,430.368,-1.0,0.9046,-1.0,-1.0,/home/josephluke/Program-Synthesis-for-Efficient-ML/results/hyperparameter_sweep/fine_v3/raw/fp32_mul_sub_t120_i15_r01.json,/home/josephluke/Program-Synthesis-for-Efficient-ML/results/hyperparameter_sweep/fine_v3/raw/fp32_mul_sub_t120_i15_r01.log
fp32_mul_sub,fp32_mul,full_product,120,15,2,0,solved,solved,True,15,15,15,0.2275575716048479,0.016057051718235016,210,14,95.55226182937622,11043,32,0,2,74.355,13.449,430.368,-1.0,0.9046,-1.0,-1.0,/home/josephluke/Program-Synthesis-for-Efficient-ML/results/hyperparameter_sweep/fine_v3/raw/fp32_mul_sub_t120_i15_r02.json,/home/josephluke/Program-Synthesis-for-Efficient-ML/results/hyperparameter_sweep/fine_v3/raw/fp32_mul_sub_t120_i15_r02.log
fp32_mul_sub,fp32_mul,full_product,120,15,3,0,solved,solved,True,15,15,15,0.21611236222088337,0.01521807536482811,210,14,95.53778386116028,11044,32,0,2,74.355,13.449,430.368,-1.0,0.9046,-1.0,-1.0,/home/josephluke/Program-Synthesis-for-Efficient-ML/results/hyperparameter_sweep/fine_v3/raw/fp32_mul_sub_t120_i15_r03.json,/home/josephluke/Program-Synthesis-for-Efficient-ML/results/hyperparameter_sweep/fine_v3/raw/fp32_mul_sub_t120_i15_r03.log
fp32_mul_sub,fp32_mul,full_product,120,20,1,0,solved,solved,True,20,20,20,0.293427063152194,0.0156999621540308,280,14,95.68008542060852,11042,32,0,2,74.355,13.449,430.368,-1.0,0.9046,-1.0,-1.0,/home/josephluke/Program-Synthesis-for-Efficient-ML/results/hyperparameter_sweep/fine_v3/raw/fp32_mul_sub_t120_i20_r01.json,/home/josephluke/Program-Synthesis-for-Efficient-ML/results/hyperparameter_sweep/fine_v3/raw/fp32_mul_sub_t120_i20_r01.log
fp32_mul_sub,fp32_mul,full_product,120,20,2,0,solved,solved,True,20,20,20,0.30855631083250046,0.016519388183951378,280,14,96.06575083732605,11043,32,0,2,74.355,13.449,430.368,-1.0,0.9046,-1.0,-1.0,/home/josephluke/Program-Synthesis-for-Efficient-ML/results/hyperparameter_sweep/fine_v3/raw/fp32_mul_sub_t120_i20_r02.json,/home/josephluke/Program-Synthesis-for-Efficient-ML/results/hyperparameter_sweep/fine_v3/raw/fp32_mul_sub_t120_i20_r02.log
fp32_mul_sub,fp32_mul,full_product,120,20,3,0,solved,solved,True,20,20,20,0.3078129030764103,0.016502153128385544,280,14,96.0777678489685,11044,32,0,2,74.355,13.449,430.368,-1.0,0.9046,-1.0,-1.0,/home/josephluke/Program-Synthesis-for-Efficient-ML/results/hyperparameter_sweep/fine_v3/raw/fp32_mul_sub_t120_i20_r03.json,/home/josephluke/Program-Synthesis-for-Efficient-ML/results/hyperparameter_sweep/fine_v3/raw/fp32_mul_sub_t120_i20_r03.log
fp32_mul_sub,fp32_mul,full_product,120,30,1,0,solved,solved,True,30,30,30,0.47770797088742256,0.0175322275608778,420,14,96.4780912399292,11042,32,0,2,74.355,13.449,430.368,-1.0,0.9046,-1.0,-1.0,/home/josephluke/Program-Synthesis-for-Efficient-ML/results/hyperparameter_sweep/fine_v3/raw/fp32_mul_sub_t120_i30_r01.json,/home/josephluke/Program-Synthesis-for-Efficient-ML/results/hyperparameter_sweep/fine_v3/raw/fp32_mul_sub_t120_i30_r01.log
fp32_mul_sub,fp32_mul,full_product,120,30,2,0,solved,solved,True,30,30,30,0.47858405113220215,0.01835799217224121,420,14,96.61987590789795,11043,32,0,2,74.355,13.449,430.368,-1.0,0.9046,-1.0,-1.0,/home/josephluke/Program-Synthesis-for-Efficient-ML/results/hyperparameter_sweep/fine_v3/raw/fp32_mul_sub_t120_i30_r02.json,/home/josephluke/Program-Synthesis-for-Efficient-ML/results/hyperparameter_sweep/fine_v3/raw/fp32_mul_sub_t120_i30_r02.log
fp32_mul_sub,fp32_mul,full_product,120,30,3,0,solved,solved,True,30,30,30,0.4779372327029705,0.01752672903239727,420,14,96.28285574913025,11044,32,0,2,74.355,13.449,430.368,-1.0,0.9046,-1.0,-1.0,/home/josephluke/Program-Synthesis-for-Efficient-ML/results/hyperparameter_sweep/fine_v3/raw/fp32_mul_sub_t120_i30_r03.json,/home/josephluke/Program-Synthesis-for-Efficient-ML/results/hyperparameter_sweep/fine_v3/raw/fp32_mul_sub_t120_i30_r03.log
fp32_mul_sub,fp32_mul,full_product,180,10,1,0,solved,solved,True,10,10,10,0.14890898577868938,0.015300709754228592,140,14,95.16726517677307,11042,32,0,2,74.355,13.449,430.368,-1.0,0.9046,-1.0,-1.0,/home/josephluke/Program-Synthesis-for-Efficient-ML/results/hyperparameter_sweep/fine_v3/raw/fp32_mul_sub_t180_i10_r01.json,/home/josephluke/Program-Synthesis-for-Efficient-ML/results/hyperparameter_sweep/fine_v3/raw/fp32_mul_sub_t180_i10_r01.log
fp32_mul_sub,fp32_mul,full_product,180,10,2,0,solved,solved,True,10,10,10,0.1500798836350441,0.015747154131531715,140,14,95.24525284767151,11043,32,0,2,74.355,13.449,430.368,-1.0,0.9046,-1.0,-1.0,/home/josephluke/Program-Synthesis-for-Efficient-ML/results/hyperparameter_sweep/fine_v3/raw/fp32_mul_sub_t180_i10_r02.json,/home/josephluke/Program-Synthesis-for-Efficient-ML/results/hyperparameter_sweep/fine_v3/raw/fp32_mul_sub_t180_i10_r02.log
fp32_mul_sub,fp32_mul,full_product,180,10,3,0,solved,solved,True,10,10,10,0.14872032031416893,0.015564598143100739,140,14,95.56129384040833,11044,32,0,2,74.355,13.449,430.368,-1.0,0.9046,-1.0,-1.0,/home/josephluke/Program-Synthesis-for-Efficient-ML/results/hyperparameter_sweep/fine_v3/raw/fp32_mul_sub_t180_i10_r03.json,/home/josephluke/Program-Synthesis-for-Efficient-ML/results/hyperparameter_sweep/fine_v3/raw/fp32_mul_sub_t180_i10_r03.log
fp32_mul_sub,fp32_mul,full_product,180,15,1,0,solved,solved,True,15,15,15,0.22825811617076397,0.016424905508756638,210,14,95.29380583763123,11042,32,0,2,74.355,13.449,430.368,-1.0,0.9046,-1.0,-1.0,/home/josephluke/Program-Synthesis-for-Efficient-ML/results/hyperparameter_sweep/fine_v3/raw/fp32_mul_sub_t180_i15_r01.json,/home/josephluke/Program-Synthesis-for-Efficient-ML/results/hyperparameter_sweep/fine_v3/raw/fp32_mul_sub_t180_i15_r01.log
fp32_mul_sub,fp32_mul,full_product,180,15,2,0,solved,solved,True,15,15,15,0.22538932226598263,0.015801887959241867,210,14,95.61909937858582,11043,32,0,2,74.355,13.449,430.368,-1.0,0.9046,-1.0,-1.0,/home/josephluke/Program-Synthesis-for-Efficient-ML/results/hyperparameter_sweep/fine_v3/raw/fp32_mul_sub_t180_i15_r02.json,/home/josephluke/Program-Synthesis-for-Efficient-ML/results/hyperparameter_sweep/fine_v3/raw/fp32_mul_sub_t180_i15_r02.log
fp32_mul_sub,fp32_mul,full_product,180,15,3,0,solved,solved,True,15,15,15,0.2160945851355791,0.015231017023324966,210,14,95.79770970344543,11044,32,0,2,74.355,13.449,430.368,-1.0,0.9046,-1.0,-1.0,/home/josephluke/Program-Synthesis-for-Efficient-ML/results/hyperparameter_sweep/fine_v3/raw/fp32_mul_sub_t180_i15_r03.json,/home/josephluke/Program-Synthesis-for-Efficient-ML/results/hyperparameter_sweep/fine_v3/raw/fp32_mul_sub_t180_i15_r03.log
fp32_mul_sub,fp32_mul,full_product,180,20,1,0,solved,solved,True,20,20,20,0.3101212475448847,0.016588252037763596,280,14,95.97964835166931,11042,32,0,2,74.355,13.449,430.368,-1.0,0.9046,-1.0,-1.0,/home/josephluke/Program-Synthesis-for-Efficient-ML/results/hyperparameter_sweep/fine_v3/raw/fp32_mul_sub_t180_i20_r01.json,/home/josephluke/Program-Synthesis-for-Efficient-ML/results/hyperparameter_sweep/fine_v3/raw/fp32_mul_sub_t180_i20_r01.log
fp32_mul_sub,fp32_mul,full_product,180,20,2,0,solved,solved,True,20,20,20,0.3087571579962969,0.016613801941275597,280,14,95.83952641487122,11043,32,0,2,74.355,13.449,430.368,-1.0,0.9046,-1.0,-1.0,/home/josephluke/Program-Synthesis-for-Efficient-ML/results/hyperparameter_sweep/fine_v3/raw/fp32_mul_sub_t180_i20_r02.json,/home/josephluke/Program-Synthesis-for-Efficient-ML/results/hyperparameter_sweep/fine_v3/raw/fp32_mul_sub_t180_i20_r02.log
fp32_mul_sub,fp32_mul,full_product,180,20,3,0,solved,solved,True,20,20,20,0.30993408150970936,0.01671467162668705,280,14,96.02775621414185,11044,32,0,2,74.355,13.449,430.368,-1.0,0.9046,-1.0,-1.0,/home/josephluke/Program-Synthesis-for-Efficient-ML/results/hyperparameter_sweep/fine_v3/raw/fp32_mul_sub_t180_i20_r03.json,/home/josephluke/Program-Synthesis-for-Efficient-ML/results/hyperparameter_sweep/fine_v3/raw/fp32_mul_sub_t180_i20_r03.log
fp32_mul_sub,fp32_mul,full_product,180,30,1,0,solved,solved,True,30,30,30,0.46110568940639496,0.016986975446343422,420,14,96.33273267745972,11042,32,0,2,74.355,13.449,430.368,-1.0,0.9046,-1.0,-1.0,/home/josephluke/Program-Synthesis-for-Efficient-ML/results/hyperparameter_sweep/fine_v3/raw/fp32_mul_sub_t180_i30_r01.json,/home/josephluke/Program-Synthesis-for-Efficient-ML/results/hyperparameter_sweep/fine_v3/raw/fp32_mul_sub_t180_i30_r01.log
fp32_mul_sub,fp32_mul,full_product,180,30,2,0,solved,solved,True,30,30,30,0.48071076162159443,0.01744418404996395,420,14,96.58426547050476,11043,32,0,2,74.355,13.449,430.368,-1.0,0.9046,-1.0,-1.0,/home/josephluke/Program-Synthesis-for-Efficient-ML/results/hyperparameter_sweep/fine_v3/raw/fp32_mul_sub_t180_i30_r02.json,/home/josephluke/Program-Synthesis-for-Efficient-ML/results/hyperparameter_sweep/fine_v3/raw/fp32_mul_sub_t180_i30_r02.log
fp32_mul_sub,fp32_mul,full_product,180,30,3,0,solved,solved,True,30,30,30,0.478826817125082,0.017282430082559586,420,14,96.34322476387024,11044,32,0,2,74.355,13.449,430.368,-1.0,0.9046,-1.0,-1.0,/home/josephluke/Program-Synthesis-for-Efficient-ML/results/hyperparameter_sweep/fine_v3/raw/fp32_mul_sub_t180_i30_r03.json,/home/josephluke/Program-Synthesis-for-Efficient-ML/results/hyperparameter_sweep/fine_v3/raw/fp32_mul_sub_t180_i30_r03.log
fp32_mul_sub,fp32_mul,full_product,300,10,1,0,solved,solved,True,10,10,10,0.14691500179469585,0.015317386016249657,140,14,95.98198914527893,11042,32,0,2,74.355,13.449,430.368,-1.0,0.9046,-1.0,-1.0,/home/josephluke/Program-Synthesis-for-Efficient-ML/results/hyperparameter_sweep/fine_v3/raw/fp32_mul_sub_t300_i10_r01.json,/home/josephluke/Program-Synthesis-for-Efficient-ML/results/hyperparameter_sweep/fine_v3/raw/fp32_mul_sub_t300_i10_r01.log
fp32_mul_sub,fp32_mul,full_product,300,10,2,0,solved,solved,True,10,10,10,0.14754902198910713,0.015585130080580711,140,14,95.27943348884583,11043,32,0,2,74.355,13.449,430.368,-1.0,0.9046,-1.0,-1.0,/home/josephluke/Program-Synthesis-for-Efficient-ML/results/hyperparameter_sweep/fine_v3/raw/fp32_mul_sub_t300_i10_r02.json,/home/josephluke/Program-Synthesis-for-Efficient-ML/results/hyperparameter_sweep/fine_v3/raw/fp32_mul_sub_t300_i10_r02.log
fp32_mul_sub,fp32_mul,full_product,300,10,3,0,solved,solved,True,10,10,10,0.14783202297985554,0.015746112912893295,140,14,95.29823064804077,11044,32,0,2,74.355,13.449,430.368,-1.0,0.9046,-1.0,-1.0,/home/josephluke/Program-Synthesis-for-Efficient-ML/results/hyperparameter_sweep/fine_v3/raw/fp32_mul_sub_t300_i10_r03.json,/home/josephluke/Program-Synthesis-for-Efficient-ML/results/hyperparameter_sweep/fine_v3/raw/fp32_mul_sub_t300_i10_r03.log
fp32_mul_sub,fp32_mul,full_product,300,15,1,0,solved,solved,True,15,15,15,0.2264325302094221,0.016123970970511436,210,14,95.44128632545471,11042,32,0,2,74.355,13.449,430.368,-1.0,0.9046,-1.0,-1.0,/home/josephluke/Program-Synthesis-for-Efficient-ML/results/hyperparameter_sweep/fine_v3/raw/fp32_mul_sub_t300_i15_r01.json,/home/josephluke/Program-Synthesis-for-Efficient-ML/results/hyperparameter_sweep/fine_v3/raw/fp32_mul_sub_t300_i15_r01.log
fp32_mul_sub,fp32_mul,full_product,300,15,2,0,solved,solved,True,15,15,15,0.22872009128332138,0.01671265996992588,210,14,95.7691113948822,11043,32,0,2,74.355,13.449,430.368,-1.0,0.9046,-1.0,-1.0,/home/josephluke/Program-Synthesis-for-Efficient-ML/results/hyperparameter_sweep/fine_v3/raw/fp32_mul_sub_t300_i15_r02.json,/home/josephluke/Program-Synthesis-for-Efficient-ML/results/hyperparameter_sweep/fine_v3/raw/fp32_mul_sub_t300_i15_r02.log
fp32_mul_sub,fp32_mul,full_product,300,15,3,0,solved,solved,True,15,15,15,0.2290800902992487,0.01620929315686226,210,14,95.44553136825562,11044,32,0,2,74.355,13.449,430.368,-1.0,0.9046,-1.0,-1.0,/home/josephluke/Program-Synthesis-for-Efficient-ML/results/hyperparameter_sweep/fine_v3/raw/fp32_mul_sub_t300_i15_r03.json,/home/josephluke/Program-Synthesis-for-Efficient-ML/results/hyperparameter_sweep/fine_v3/raw/fp32_mul_sub_t300_i15_r03.log
fp32_mul_sub,fp32_mul,full_product,300,20,1,0,solved,solved,True,20,20,20,0.30832680501043797,0.0168316587805748,280,14,95.85794758796692,11042,32,0,2,74.355,13.449,430.368,-1.0,0.9046,-1.0,-1.0,/home/josephluke/Program-Synthesis-for-Efficient-ML/results/hyperparameter_sweep/fine_v3/raw/fp32_mul_sub_t300_i20_r01.json,/home/josephluke/Program-Synthesis-for-Efficient-ML/results/hyperparameter_sweep/fine_v3/raw/fp32_mul_sub_t300_i20_r01.log
fp32_mul_sub,fp32_mul,full_product,300,20,2,0,solved,solved,True,20,20,20,0.3111982215195894,0.016806423664093018,280,14,95.88925242424011,11043,32,0,2,74.355,13.449,430.368,-1.0,0.9046,-1.0,-1.0,/home/josephluke/Program-Synthesis-for-Efficient-ML/results/hyperparameter_sweep/fine_v3/raw/fp32_mul_sub_t300_i20_r02.json,/home/josephluke/Program-Synthesis-for-Efficient-ML/results/hyperparameter_sweep/fine_v3/raw/fp32_mul_sub_t300_i20_r02.log
fp32_mul_sub,fp32_mul,full_product,300,20,3,0,solved,solved,True,20,20,20,0.3094419315457344,0.01679983176290989,280,14,95.99312353134155,11044,32,0,2,74.355,13.449,430.368,-1.0,0.9046,-1.0,-1.0,/home/josephluke/Program-Synthesis-for-Efficient-ML/results/hyperparameter_sweep/fine_v3/raw/fp32_mul_sub_t300_i20_r03.json,/home/josephluke/Program-Synthesis-for-Efficient-ML/results/hyperparameter_sweep/fine_v3/raw/fp32_mul_sub_t300_i20_r03.log
fp32_mul_sub,fp32_mul,full_product,300,30,1,0,solved,solved,True,30,30,30,0.4832703024148941,0.017840441316366196,420,14,96.72195219993591,11042,32,0,2,74.355,13.449,430.368,-1.0,0.9046,-1.0,-1.0,/home/josephluke/Program-Synthesis-for-Efficient-ML/results/hyperparameter_sweep/fine_v3/raw/fp32_mul_sub_t300_i30_r01.json,/home/josephluke/Program-Synthesis-for-Efficient-ML/results/hyperparameter_sweep/fine_v3/raw/fp32_mul_sub_t300_i30_r01.log
fp32_mul_sub,fp32_mul,full_product,300,30,2,0,solved,solved,True,30,30,30,0.4745943006128073,0.01782296597957611,420,14,96.76608276367188,11043,32,0,2,74.355,13.449,430.368,-1.0,0.9046,-1.0,-1.0,/home/josephluke/Program-Synthesis-for-Efficient-ML/results/hyperparameter_sweep/fine_v3/raw/fp32_mul_sub_t300_i30_r02.json,/home/josephluke/Program-Synthesis-for-Efficient-ML/results/hyperparameter_sweep/fine_v3/raw/fp32_mul_sub_t300_i30_r02.log
fp32_mul_sub,fp32_mul,full_product,300,30,3,0,solved,solved,True,30,30,30,0.4805403780192137,0.01833225227892399,420,14,96.6869752407074,11044,32,0,2,74.355,13.449,430.368,-1.0,0.9046,-1.0,-1.0,/home/josephluke/Program-Synthesis-for-Efficient-ML/results/hyperparameter_sweep/fine_v3/raw/fp32_mul_sub_t300_i30_r03.json,/home/josephluke/Program-Synthesis-for-Efficient-ML/results/hyperparameter_sweep/fine_v3/raw/fp32_mul_sub_t300_i30_r03.log
