
****** Vivado v2025.1 (64-bit)
  **** SW Build 6140274 on Wed May 21 22:58:25 MDT 2025
  **** IP Build 6138677 on Thu May 22 03:10:11 MDT 2025
  **** SharedData Build 6139179 on Tue May 20 17:58:58 MDT 2025
  **** Start of session at: Wed Feb 11 11:44:07 2026
    ** Copyright 1986-2022 Xilinx, Inc. All Rights Reserved.
    ** Copyright 2022-2025 Advanced Micro Devices, Inc. All Rights Reserved.

source vivado.tcl
# set rtl_dir "/home/joe/Desktop/Uni/Year_4/Dissertation/Program-Synthesis-for-Efficient-ML/results/FLOPOCO/solution_fp32multiplication_flopoco/verilog_out"
# set vhd_files [glob -nocomplain "$rtl_dir/*.vhd"]
# if {[llength $vhd_files] == 0} {
#   puts "ERROR: No VHDL files found in $rtl_dir"
#   exit 1
# }
# read_vhdl $vhd_files
# synth_design -top fp32_full_mul_flopoco -part xc7z020clg400-1
Command: synth_design -top fp32_full_mul_flopoco -part xc7z020clg400-1
Starting synth_design
Attempting to get a license for feature 'Synthesis' and/or device 'xc7z020'
INFO: [Common 17-349] Got license for feature 'Synthesis' and/or device 'xc7z020'
INFO: [Synth 8-7079] Multithreading enabled for synth_design using a maximum of 7 processes.
INFO: [Synth 8-5738] Shared memory is not available on this host. Will not attempt parallel processing for synth_design.
INFO: [Synth 8-5738] Shared memory is not available on this host. Will not attempt parallel processing for synth_design.
---------------------------------------------------------------------------------
Starting Synthesize : Time (s): cpu = 00:00:04 ; elapsed = 00:00:04 . Memory (MB): peak = 1950.879 ; gain = 421.078 ; free physical = 1158 ; free virtual = 6783
---------------------------------------------------------------------------------
INFO: [Synth 8-638] synthesizing module 'fp32_full_mul_flopoco' [/home/joe/Desktop/Uni/Year_4/Dissertation/Program-Synthesis-for-Efficient-ML/results/FLOPOCO/solution_fp32multiplication_flopoco/verilog_out/fp32_full_mul_flopoco.vhd:19]
INFO: [Synth 8-3491] module 'fp32_mul_flopoco' declared at '/home/joe/Desktop/Uni/Year_4/Dissertation/Program-Synthesis-for-Efficient-ML/results/FLOPOCO/solution_fp32multiplication_flopoco/verilog_out/fp32_mul_flopoco.vhd:6036' bound to instance 'u_fp32_mul_flopoco' of component 'fp32_mul_flopoco' [/home/joe/Desktop/Uni/Year_4/Dissertation/Program-Synthesis-for-Efficient-ML/results/FLOPOCO/solution_fp32multiplication_flopoco/verilog_out/fp32_full_mul_flopoco.vhd:119]
INFO: [Synth 8-638] synthesizing module 'fp32_mul_flopoco' [/home/joe/Desktop/Uni/Year_4/Dissertation/Program-Synthesis-for-Efficient-ML/results/FLOPOCO/solution_fp32multiplication_flopoco/verilog_out/fp32_mul_flopoco.vhd:6043]
INFO: [Synth 8-3491] module 'IntMultiplier_24x24_48_Freq250_uid5' declared at '/home/joe/Desktop/Uni/Year_4/Dissertation/Program-Synthesis-for-Efficient-ML/results/FLOPOCO/solution_fp32multiplication_flopoco/verilog_out/fp32_mul_flopoco.vhd:3280' bound to instance 'SignificandMultiplication' of component 'IntMultiplier_24x24_48_Freq250_uid5' [/home/joe/Desktop/Uni/Year_4/Dissertation/Program-Synthesis-for-Efficient-ML/results/FLOPOCO/solution_fp32multiplication_flopoco/verilog_out/fp32_mul_flopoco.vhd:6120]
INFO: [Synth 8-638] synthesizing module 'IntMultiplier_24x24_48_Freq250_uid5' [/home/joe/Desktop/Uni/Year_4/Dissertation/Program-Synthesis-for-Efficient-ML/results/FLOPOCO/solution_fp32multiplication_flopoco/verilog_out/fp32_mul_flopoco.vhd:3287]
INFO: [Synth 8-3491] module 'DSPBlock_24x17_Freq250_uid10' declared at '/home/joe/Desktop/Uni/Year_4/Dissertation/Program-Synthesis-for-Efficient-ML/results/FLOPOCO/solution_fp32multiplication_flopoco/verilog_out/fp32_mul_flopoco.vhd:1879' bound to instance 't8_tile_0' of component 'DSPBlock_24x17_Freq250_uid10' [/home/joe/Desktop/Uni/Year_4/Dissertation/Program-Synthesis-for-Efficient-ML/results/FLOPOCO/solution_fp32multiplication_flopoco/verilog_out/fp32_mul_flopoco.vhd:4862]
INFO: [Synth 8-638] synthesizing module 'DSPBlock_24x17_Freq250_uid10' [/home/joe/Desktop/Uni/Year_4/Dissertation/Program-Synthesis-for-Efficient-ML/results/FLOPOCO/solution_fp32multiplication_flopoco/verilog_out/fp32_mul_flopoco.vhd:1886]
INFO: [Synth 8-256] done synthesizing module 'DSPBlock_24x17_Freq250_uid10' (0#1) [/home/joe/Desktop/Uni/Year_4/Dissertation/Program-Synthesis-for-Efficient-ML/results/FLOPOCO/solution_fp32multiplication_flopoco/verilog_out/fp32_mul_flopoco.vhd:1886]
INFO: [Synth 8-3491] module 'IntMultiplierLUT_3x3_Freq250_uid12' declared at '/home/joe/Desktop/Uni/Year_4/Dissertation/Program-Synthesis-for-Efficient-ML/results/FLOPOCO/solution_fp32multiplication_flopoco/verilog_out/fp32_mul_flopoco.vhd:1920' bound to instance 't8_tile_1' of component 'IntMultiplierLUT_3x3_Freq250_uid12' [/home/joe/Desktop/Uni/Year_4/Dissertation/Program-Synthesis-for-Efficient-ML/results/FLOPOCO/solution_fp32multiplication_flopoco/verilog_out/fp32_mul_flopoco.vhd:4912]
INFO: [Synth 8-638] synthesizing module 'IntMultiplierLUT_3x3_Freq250_uid12' [/home/joe/Desktop/Uni/Year_4/Dissertation/Program-Synthesis-for-Efficient-ML/results/FLOPOCO/solution_fp32multiplication_flopoco/verilog_out/fp32_mul_flopoco.vhd:1927]
INFO: [Synth 8-3491] module 'MultTable_Freq250_uid14' declared at '/home/joe/Desktop/Uni/Year_4/Dissertation/Program-Synthesis-for-Efficient-ML/results/FLOPOCO/solution_fp32multiplication_flopoco/verilog_out/fp32_mul_flopoco.vhd:24' bound to instance 'TableMult' of component 'MultTable_Freq250_uid14' [/home/joe/Desktop/Uni/Year_4/Dissertation/Program-Synthesis-for-Efficient-ML/results/FLOPOCO/solution_fp32multiplication_flopoco/verilog_out/fp32_mul_flopoco.vhd:1942]
INFO: [Synth 8-638] synthesizing module 'MultTable_Freq250_uid14' [/home/joe/Desktop/Uni/Year_4/Dissertation/Program-Synthesis-for-Efficient-ML/results/FLOPOCO/solution_fp32multiplication_flopoco/verilog_out/fp32_mul_flopoco.vhd:29]
INFO: [Synth 8-226] default block is never used [/home/joe/Desktop/Uni/Year_4/Dissertation/Program-Synthesis-for-Efficient-ML/results/FLOPOCO/solution_fp32multiplication_flopoco/verilog_out/fp32_mul_flopoco.vhd:35]
INFO: [Synth 8-256] done synthesizing module 'MultTable_Freq250_uid14' (0#1) [/home/joe/Desktop/Uni/Year_4/Dissertation/Program-Synthesis-for-Efficient-ML/results/FLOPOCO/solution_fp32multiplication_flopoco/verilog_out/fp32_mul_flopoco.vhd:29]
INFO: [Synth 8-256] done synthesizing module 'IntMultiplierLUT_3x3_Freq250_uid12' (0#1) [/home/joe/Desktop/Uni/Year_4/Dissertation/Program-Synthesis-for-Efficient-ML/results/FLOPOCO/solution_fp32multiplication_flopoco/verilog_out/fp32_mul_flopoco.vhd:1927]
INFO: [Synth 8-3491] module 'IntMultiplierLUT_3x3_Freq250_uid17' declared at '/home/joe/Desktop/Uni/Year_4/Dissertation/Program-Synthesis-for-Efficient-ML/results/FLOPOCO/solution_fp32multiplication_flopoco/verilog_out/fp32_mul_flopoco.vhd:1971' bound to instance 't8_tile_2' of component 'IntMultiplierLUT_3x3_Freq250_uid17' [/home/joe/Desktop/Uni/Year_4/Dissertation/Program-Synthesis-for-Efficient-ML/results/FLOPOCO/solution_fp32multiplication_flopoco/verilog_out/fp32_mul_flopoco.vhd:4927]
INFO: [Synth 8-638] synthesizing module 'IntMultiplierLUT_3x3_Freq250_uid17' [/home/joe/Desktop/Uni/Year_4/Dissertation/Program-Synthesis-for-Efficient-ML/results/FLOPOCO/solution_fp32multiplication_flopoco/verilog_out/fp32_mul_flopoco.vhd:1978]
INFO: [Synth 8-3491] module 'MultTable_Freq250_uid19' declared at '/home/joe/Desktop/Uni/Year_4/Dissertation/Program-Synthesis-for-Efficient-ML/results/FLOPOCO/solution_fp32multiplication_flopoco/verilog_out/fp32_mul_flopoco.vhd:128' bound to instance 'TableMult' of component 'MultTable_Freq250_uid19' [/home/joe/Desktop/Uni/Year_4/Dissertation/Program-Synthesis-for-Efficient-ML/results/FLOPOCO/solution_fp32multiplication_flopoco/verilog_out/fp32_mul_flopoco.vhd:1993]
INFO: [Synth 8-638] synthesizing module 'MultTable_Freq250_uid19' [/home/joe/Desktop/Uni/Year_4/Dissertation/Program-Synthesis-for-Efficient-ML/results/FLOPOCO/solution_fp32multiplication_flopoco/verilog_out/fp32_mul_flopoco.vhd:133]
INFO: [Synth 8-226] default block is never used [/home/joe/Desktop/Uni/Year_4/Dissertation/Program-Synthesis-for-Efficient-ML/results/FLOPOCO/solution_fp32multiplication_flopoco/verilog_out/fp32_mul_flopoco.vhd:139]
INFO: [Synth 8-256] done synthesizing module 'MultTable_Freq250_uid19' (0#1) [/home/joe/Desktop/Uni/Year_4/Dissertation/Program-Synthesis-for-Efficient-ML/results/FLOPOCO/solution_fp32multiplication_flopoco/verilog_out/fp32_mul_flopoco.vhd:133]
INFO: [Synth 8-256] done synthesizing module 'IntMultiplierLUT_3x3_Freq250_uid17' (0#1) [/home/joe/Desktop/Uni/Year_4/Dissertation/Program-Synthesis-for-Efficient-ML/results/FLOPOCO/solution_fp32multiplication_flopoco/verilog_out/fp32_mul_flopoco.vhd:1978]
INFO: [Synth 8-3491] module 'IntMultiplierLUT_3x3_Freq250_uid22' declared at '/home/joe/Desktop/Uni/Year_4/Dissertation/Program-Synthesis-for-Efficient-ML/results/FLOPOCO/solution_fp32multiplication_flopoco/verilog_out/fp32_mul_flopoco.vhd:2022' bound to instance 't8_tile_3' of component 'IntMultiplierLUT_3x3_Freq250_uid22' [/home/joe/Desktop/Uni/Year_4/Dissertation/Program-Synthesis-for-Efficient-ML/results/FLOPOCO/solution_fp32multiplication_flopoco/verilog_out/fp32_mul_flopoco.vhd:4942]
INFO: [Synth 8-638] synthesizing module 'IntMultiplierLUT_3x3_Freq250_uid22' [/home/joe/Desktop/Uni/Year_4/Dissertation/Program-Synthesis-for-Efficient-ML/results/FLOPOCO/solution_fp32multiplication_flopoco/verilog_out/fp32_mul_flopoco.vhd:2029]
INFO: [Synth 8-3491] module 'MultTable_Freq250_uid24' declared at '/home/joe/Desktop/Uni/Year_4/Dissertation/Program-Synthesis-for-Efficient-ML/results/FLOPOCO/solution_fp32multiplication_flopoco/verilog_out/fp32_mul_flopoco.vhd:232' bound to instance 'TableMult' of component 'MultTable_Freq250_uid24' [/home/joe/Desktop/Uni/Year_4/Dissertation/Program-Synthesis-for-Efficient-ML/results/FLOPOCO/solution_fp32multiplication_flopoco/verilog_out/fp32_mul_flopoco.vhd:2044]
INFO: [Synth 8-638] synthesizing module 'MultTable_Freq250_uid24' [/home/joe/Desktop/Uni/Year_4/Dissertation/Program-Synthesis-for-Efficient-ML/results/FLOPOCO/solution_fp32multiplication_flopoco/verilog_out/fp32_mul_flopoco.vhd:237]
INFO: [Synth 8-226] default block is never used [/home/joe/Desktop/Uni/Year_4/Dissertation/Program-Synthesis-for-Efficient-ML/results/FLOPOCO/solution_fp32multiplication_flopoco/verilog_out/fp32_mul_flopoco.vhd:243]
INFO: [Synth 8-256] done synthesizing module 'MultTable_Freq250_uid24' (0#1) [/home/joe/Desktop/Uni/Year_4/Dissertation/Program-Synthesis-for-Efficient-ML/results/FLOPOCO/solution_fp32multiplication_flopoco/verilog_out/fp32_mul_flopoco.vhd:237]
INFO: [Synth 8-256] done synthesizing module 'IntMultiplierLUT_3x3_Freq250_uid22' (0#1) [/home/joe/Desktop/Uni/Year_4/Dissertation/Program-Synthesis-for-Efficient-ML/results/FLOPOCO/solution_fp32multiplication_flopoco/verilog_out/fp32_mul_flopoco.vhd:2029]
INFO: [Synth 8-3491] module 'IntMultiplierLUT_2x1_Freq250_uid27' declared at '/home/joe/Desktop/Uni/Year_4/Dissertation/Program-Synthesis-for-Efficient-ML/results/FLOPOCO/solution_fp32multiplication_flopoco/verilog_out/fp32_mul_flopoco.vhd:2073' bound to instance 't8_tile_4' of component 'IntMultiplierLUT_2x1_Freq250_uid27' [/home/joe/Desktop/Uni/Year_4/Dissertation/Program-Synthesis-for-Efficient-ML/results/FLOPOCO/solution_fp32multiplication_flopoco/verilog_out/fp32_mul_flopoco.vhd:4957]
INFO: [Synth 8-638] synthesizing module 'IntMultiplierLUT_2x1_Freq250_uid27' [/home/joe/Desktop/Uni/Year_4/Dissertation/Program-Synthesis-for-Efficient-ML/results/FLOPOCO/solution_fp32multiplication_flopoco/verilog_out/fp32_mul_flopoco.vhd:2080]
INFO: [Synth 8-256] done synthesizing module 'IntMultiplierLUT_2x1_Freq250_uid27' (0#1) [/home/joe/Desktop/Uni/Year_4/Dissertation/Program-Synthesis-for-Efficient-ML/results/FLOPOCO/solution_fp32multiplication_flopoco/verilog_out/fp32_mul_flopoco.vhd:2080]
INFO: [Synth 8-3491] module 'IntMultiplierLUT_3x3_Freq250_uid29' declared at '/home/joe/Desktop/Uni/Year_4/Dissertation/Program-Synthesis-for-Efficient-ML/results/FLOPOCO/solution_fp32multiplication_flopoco/verilog_out/fp32_mul_flopoco.vhd:2114' bound to instance 't8_tile_5' of component 'IntMultiplierLUT_3x3_Freq250_uid29' [/home/joe/Desktop/Uni/Year_4/Dissertation/Program-Synthesis-for-Efficient-ML/results/FLOPOCO/solution_fp32multiplication_flopoco/verilog_out/fp32_mul_flopoco.vhd:4968]
INFO: [Synth 8-638] synthesizing module 'IntMultiplierLUT_3x3_Freq250_uid29' [/home/joe/Desktop/Uni/Year_4/Dissertation/Program-Synthesis-for-Efficient-ML/results/FLOPOCO/solution_fp32multiplication_flopoco/verilog_out/fp32_mul_flopoco.vhd:2121]
INFO: [Synth 8-3491] module 'MultTable_Freq250_uid31' declared at '/home/joe/Desktop/Uni/Year_4/Dissertation/Program-Synthesis-for-Efficient-ML/results/FLOPOCO/solution_fp32multiplication_flopoco/verilog_out/fp32_mul_flopoco.vhd:336' bound to instance 'TableMult' of component 'MultTable_Freq250_uid31' [/home/joe/Desktop/Uni/Year_4/Dissertation/Program-Synthesis-for-Efficient-ML/results/FLOPOCO/solution_fp32multiplication_flopoco/verilog_out/fp32_mul_flopoco.vhd:2136]
INFO: [Synth 8-638] synthesizing module 'MultTable_Freq250_uid31' [/home/joe/Desktop/Uni/Year_4/Dissertation/Program-Synthesis-for-Efficient-ML/results/FLOPOCO/solution_fp32multiplication_flopoco/verilog_out/fp32_mul_flopoco.vhd:341]
INFO: [Synth 8-226] default block is never used [/home/joe/Desktop/Uni/Year_4/Dissertation/Program-Synthesis-for-Efficient-ML/results/FLOPOCO/solution_fp32multiplication_flopoco/verilog_out/fp32_mul_flopoco.vhd:347]
INFO: [Synth 8-256] done synthesizing module 'MultTable_Freq250_uid31' (0#1) [/home/joe/Desktop/Uni/Year_4/Dissertation/Program-Synthesis-for-Efficient-ML/results/FLOPOCO/solution_fp32multiplication_flopoco/verilog_out/fp32_mul_flopoco.vhd:341]
INFO: [Synth 8-256] done synthesizing module 'IntMultiplierLUT_3x3_Freq250_uid29' (0#1) [/home/joe/Desktop/Uni/Year_4/Dissertation/Program-Synthesis-for-Efficient-ML/results/FLOPOCO/solution_fp32multiplication_flopoco/verilog_out/fp32_mul_flopoco.vhd:2121]
INFO: [Synth 8-3491] module 'IntMultiplierLUT_3x3_Freq250_uid34' declared at '/home/joe/Desktop/Uni/Year_4/Dissertation/Program-Synthesis-for-Efficient-ML/results/FLOPOCO/solution_fp32multiplication_flopoco/verilog_out/fp32_mul_flopoco.vhd:2165' bound to instance 't8_tile_6' of component 'IntMultiplierLUT_3x3_Freq250_uid34' [/home/joe/Desktop/Uni/Year_4/Dissertation/Program-Synthesis-for-Efficient-ML/results/FLOPOCO/solution_fp32multiplication_flopoco/verilog_out/fp32_mul_flopoco.vhd:4983]
INFO: [Synth 8-638] synthesizing module 'IntMultiplierLUT_3x3_Freq250_uid34' [/home/joe/Desktop/Uni/Year_4/Dissertation/Program-Synthesis-for-Efficient-ML/results/FLOPOCO/solution_fp32multiplication_flopoco/verilog_out/fp32_mul_flopoco.vhd:2172]
INFO: [Synth 8-3491] module 'MultTable_Freq250_uid36' declared at '/home/joe/Desktop/Uni/Year_4/Dissertation/Program-Synthesis-for-Efficient-ML/results/FLOPOCO/solution_fp32multiplication_flopoco/verilog_out/fp32_mul_flopoco.vhd:440' bound to instance 'TableMult' of component 'MultTable_Freq250_uid36' [/home/joe/Desktop/Uni/Year_4/Dissertation/Program-Synthesis-for-Efficient-ML/results/FLOPOCO/solution_fp32multiplication_flopoco/verilog_out/fp32_mul_flopoco.vhd:2187]
INFO: [Synth 8-638] synthesizing module 'MultTable_Freq250_uid36' [/home/joe/Desktop/Uni/Year_4/Dissertation/Program-Synthesis-for-Efficient-ML/results/FLOPOCO/solution_fp32multiplication_flopoco/verilog_out/fp32_mul_flopoco.vhd:445]
INFO: [Synth 8-226] default block is never used [/home/joe/Desktop/Uni/Year_4/Dissertation/Program-Synthesis-for-Efficient-ML/results/FLOPOCO/solution_fp32multiplication_flopoco/verilog_out/fp32_mul_flopoco.vhd:451]
INFO: [Synth 8-256] done synthesizing module 'MultTable_Freq250_uid36' (0#1) [/home/joe/Desktop/Uni/Year_4/Dissertation/Program-Synthesis-for-Efficient-ML/results/FLOPOCO/solution_fp32multiplication_flopoco/verilog_out/fp32_mul_flopoco.vhd:445]
INFO: [Synth 8-256] done synthesizing module 'IntMultiplierLUT_3x3_Freq250_uid34' (0#1) [/home/joe/Desktop/Uni/Year_4/Dissertation/Program-Synthesis-for-Efficient-ML/results/FLOPOCO/solution_fp32multiplication_flopoco/verilog_out/fp32_mul_flopoco.vhd:2172]
INFO: [Synth 8-3491] module 'IntMultiplierLUT_2x1_Freq250_uid39' declared at '/home/joe/Desktop/Uni/Year_4/Dissertation/Program-Synthesis-for-Efficient-ML/results/FLOPOCO/solution_fp32multiplication_flopoco/verilog_out/fp32_mul_flopoco.vhd:2216' bound to instance 't8_tile_7' of component 'IntMultiplierLUT_2x1_Freq250_uid39' [/home/joe/Desktop/Uni/Year_4/Dissertation/Program-Synthesis-for-Efficient-ML/results/FLOPOCO/solution_fp32multiplication_flopoco/verilog_out/fp32_mul_flopoco.vhd:4998]
INFO: [Synth 8-638] synthesizing module 'IntMultiplierLUT_2x1_Freq250_uid39' [/home/joe/Desktop/Uni/Year_4/Dissertation/Program-Synthesis-for-Efficient-ML/results/FLOPOCO/solution_fp32multiplication_flopoco/verilog_out/fp32_mul_flopoco.vhd:2223]
INFO: [Synth 8-256] done synthesizing module 'IntMultiplierLUT_2x1_Freq250_uid39' (0#1) [/home/joe/Desktop/Uni/Year_4/Dissertation/Program-Synthesis-for-Efficient-ML/results/FLOPOCO/solution_fp32multiplication_flopoco/verilog_out/fp32_mul_flopoco.vhd:2223]
INFO: [Synth 8-3491] module 'IntMultiplierLUT_3x3_Freq250_uid41' declared at '/home/joe/Desktop/Uni/Year_4/Dissertation/Program-Synthesis-for-Efficient-ML/results/FLOPOCO/solution_fp32multiplication_flopoco/verilog_out/fp32_mul_flopoco.vhd:2257' bound to instance 't8_tile_8' of component 'IntMultiplierLUT_3x3_Freq250_uid41' [/home/joe/Desktop/Uni/Year_4/Dissertation/Program-Synthesis-for-Efficient-ML/results/FLOPOCO/solution_fp32multiplication_flopoco/verilog_out/fp32_mul_flopoco.vhd:5009]
INFO: [Synth 8-638] synthesizing module 'IntMultiplierLUT_3x3_Freq250_uid41' [/home/joe/Desktop/Uni/Year_4/Dissertation/Program-Synthesis-for-Efficient-ML/results/FLOPOCO/solution_fp32multiplication_flopoco/verilog_out/fp32_mul_flopoco.vhd:2264]
INFO: [Synth 8-3491] module 'MultTable_Freq250_uid43' declared at '/home/joe/Desktop/Uni/Year_4/Dissertation/Program-Synthesis-for-Efficient-ML/results/FLOPOCO/solution_fp32multiplication_flopoco/verilog_out/fp32_mul_flopoco.vhd:544' bound to instance 'TableMult' of component 'MultTable_Freq250_uid43' [/home/joe/Desktop/Uni/Year_4/Dissertation/Program-Synthesis-for-Efficient-ML/results/FLOPOCO/solution_fp32multiplication_flopoco/verilog_out/fp32_mul_flopoco.vhd:2279]
INFO: [Synth 8-638] synthesizing module 'MultTable_Freq250_uid43' [/home/joe/Desktop/Uni/Year_4/Dissertation/Program-Synthesis-for-Efficient-ML/results/FLOPOCO/solution_fp32multiplication_flopoco/verilog_out/fp32_mul_flopoco.vhd:549]
INFO: [Synth 8-226] default block is never used [/home/joe/Desktop/Uni/Year_4/Dissertation/Program-Synthesis-for-Efficient-ML/results/FLOPOCO/solution_fp32multiplication_flopoco/verilog_out/fp32_mul_flopoco.vhd:555]
INFO: [Synth 8-256] done synthesizing module 'MultTable_Freq250_uid43' (0#1) [/home/joe/Desktop/Uni/Year_4/Dissertation/Program-Synthesis-for-Efficient-ML/results/FLOPOCO/solution_fp32multiplication_flopoco/verilog_out/fp32_mul_flopoco.vhd:549]
INFO: [Synth 8-256] done synthesizing module 'IntMultiplierLUT_3x3_Freq250_uid41' (0#1) [/home/joe/Desktop/Uni/Year_4/Dissertation/Program-Synthesis-for-Efficient-ML/results/FLOPOCO/solution_fp32multiplication_flopoco/verilog_out/fp32_mul_flopoco.vhd:2264]
INFO: [Synth 8-3491] module 'IntMultiplierLUT_3x3_Freq250_uid46' declared at '/home/joe/Desktop/Uni/Year_4/Dissertation/Program-Synthesis-for-Efficient-ML/results/FLOPOCO/solution_fp32multiplication_flopoco/verilog_out/fp32_mul_flopoco.vhd:2308' bound to instance 't8_tile_9' of component 'IntMultiplierLUT_3x3_Freq250_uid46' [/home/joe/Desktop/Uni/Year_4/Dissertation/Program-Synthesis-for-Efficient-ML/results/FLOPOCO/solution_fp32multiplication_flopoco/verilog_out/fp32_mul_flopoco.vhd:5024]
INFO: [Synth 8-638] synthesizing module 'IntMultiplierLUT_3x3_Freq250_uid46' [/home/joe/Desktop/Uni/Year_4/Dissertation/Program-Synthesis-for-Efficient-ML/results/FLOPOCO/solution_fp32multiplication_flopoco/verilog_out/fp32_mul_flopoco.vhd:2315]
INFO: [Synth 8-3491] module 'MultTable_Freq250_uid48' declared at '/home/joe/Desktop/Uni/Year_4/Dissertation/Program-Synthesis-for-Efficient-ML/results/FLOPOCO/solution_fp32multiplication_flopoco/verilog_out/fp32_mul_flopoco.vhd:648' bound to instance 'TableMult' of component 'MultTable_Freq250_uid48' [/home/joe/Desktop/Uni/Year_4/Dissertation/Program-Synthesis-for-Efficient-ML/results/FLOPOCO/solution_fp32multiplication_flopoco/verilog_out/fp32_mul_flopoco.vhd:2330]
INFO: [Synth 8-638] synthesizing module 'MultTable_Freq250_uid48' [/home/joe/Desktop/Uni/Year_4/Dissertation/Program-Synthesis-for-Efficient-ML/results/FLOPOCO/solution_fp32multiplication_flopoco/verilog_out/fp32_mul_flopoco.vhd:653]
INFO: [Synth 8-226] default block is never used [/home/joe/Desktop/Uni/Year_4/Dissertation/Program-Synthesis-for-Efficient-ML/results/FLOPOCO/solution_fp32multiplication_flopoco/verilog_out/fp32_mul_flopoco.vhd:659]
INFO: [Synth 8-256] done synthesizing module 'MultTable_Freq250_uid48' (0#1) [/home/joe/Desktop/Uni/Year_4/Dissertation/Program-Synthesis-for-Efficient-ML/results/FLOPOCO/solution_fp32multiplication_flopoco/verilog_out/fp32_mul_flopoco.vhd:653]
INFO: [Synth 8-256] done synthesizing module 'IntMultiplierLUT_3x3_Freq250_uid46' (0#1) [/home/joe/Desktop/Uni/Year_4/Dissertation/Program-Synthesis-for-Efficient-ML/results/FLOPOCO/solution_fp32multiplication_flopoco/verilog_out/fp32_mul_flopoco.vhd:2315]
INFO: [Synth 8-3491] module 'IntMultiplierLUT_2x1_Freq250_uid51' declared at '/home/joe/Desktop/Uni/Year_4/Dissertation/Program-Synthesis-for-Efficient-ML/results/FLOPOCO/solution_fp32multiplication_flopoco/verilog_out/fp32_mul_flopoco.vhd:2359' bound to instance 't8_tile_10' of component 'IntMultiplierLUT_2x1_Freq250_uid51' [/home/joe/Desktop/Uni/Year_4/Dissertation/Program-Synthesis-for-Efficient-ML/results/FLOPOCO/solution_fp32multiplication_flopoco/verilog_out/fp32_mul_flopoco.vhd:5039]
INFO: [Synth 8-638] synthesizing module 'IntMultiplierLUT_2x1_Freq250_uid51' [/home/joe/Desktop/Uni/Year_4/Dissertation/Program-Synthesis-for-Efficient-ML/results/FLOPOCO/solution_fp32multiplication_flopoco/verilog_out/fp32_mul_flopoco.vhd:2366]
INFO: [Synth 8-256] done synthesizing module 'IntMultiplierLUT_2x1_Freq250_uid51' (0#1) [/home/joe/Desktop/Uni/Year_4/Dissertation/Program-Synthesis-for-Efficient-ML/results/FLOPOCO/solution_fp32multiplication_flopoco/verilog_out/fp32_mul_flopoco.vhd:2366]
INFO: [Synth 8-3491] module 'IntMultiplierLUT_2x1_Freq250_uid53' declared at '/home/joe/Desktop/Uni/Year_4/Dissertation/Program-Synthesis-for-Efficient-ML/results/FLOPOCO/solution_fp32multiplication_flopoco/verilog_out/fp32_mul_flopoco.vhd:2400' bound to instance 't8_tile_11' of component 'IntMultiplierLUT_2x1_Freq250_uid53' [/home/joe/Desktop/Uni/Year_4/Dissertation/Program-Synthesis-for-Efficient-ML/results/FLOPOCO/solution_fp32multiplication_flopoco/verilog_out/fp32_mul_flopoco.vhd:5050]
INFO: [Synth 8-638] synthesizing module 'IntMultiplierLUT_2x1_Freq250_uid53' [/home/joe/Desktop/Uni/Year_4/Dissertation/Program-Synthesis-for-Efficient-ML/results/FLOPOCO/solution_fp32multiplication_flopoco/verilog_out/fp32_mul_flopoco.vhd:2407]
INFO: [Synth 8-256] done synthesizing module 'IntMultiplierLUT_2x1_Freq250_uid53' (0#1) [/home/joe/Desktop/Uni/Year_4/Dissertation/Program-Synthesis-for-Efficient-ML/results/FLOPOCO/solution_fp32multiplication_flopoco/verilog_out/fp32_mul_flopoco.vhd:2407]
INFO: [Synth 8-3491] module 'IntMultiplierLUT_3x3_Freq250_uid55' declared at '/home/joe/Desktop/Uni/Year_4/Dissertation/Program-Synthesis-for-Efficient-ML/results/FLOPOCO/solution_fp32multiplication_flopoco/verilog_out/fp32_mul_flopoco.vhd:2441' bound to instance 't8_tile_12' of component 'IntMultiplierLUT_3x3_Freq250_uid55' [/home/joe/Desktop/Uni/Year_4/Dissertation/Program-Synthesis-for-Efficient-ML/results/FLOPOCO/solution_fp32multiplication_flopoco/verilog_out/fp32_mul_flopoco.vhd:5061]
INFO: [Synth 8-638] synthesizing module 'IntMultiplierLUT_3x3_Freq250_uid55' [/home/joe/Desktop/Uni/Year_4/Dissertation/Program-Synthesis-for-Efficient-ML/results/FLOPOCO/solution_fp32multiplication_flopoco/verilog_out/fp32_mul_flopoco.vhd:2448]
INFO: [Synth 8-3491] module 'MultTable_Freq250_uid57' declared at '/home/joe/Desktop/Uni/Year_4/Dissertation/Program-Synthesis-for-Efficient-ML/results/FLOPOCO/solution_fp32multiplication_flopoco/verilog_out/fp32_mul_flopoco.vhd:752' bound to instance 'TableMult' of component 'MultTable_Freq250_uid57' [/home/joe/Desktop/Uni/Year_4/Dissertation/Program-Synthesis-for-Efficient-ML/results/FLOPOCO/solution_fp32multiplication_flopoco/verilog_out/fp32_mul_flopoco.vhd:2463]
INFO: [Synth 8-638] synthesizing module 'MultTable_Freq250_uid57' [/home/joe/Desktop/Uni/Year_4/Dissertation/Program-Synthesis-for-Efficient-ML/results/FLOPOCO/solution_fp32multiplication_flopoco/verilog_out/fp32_mul_flopoco.vhd:757]
INFO: [Synth 8-226] default block is never used [/home/joe/Desktop/Uni/Year_4/Dissertation/Program-Synthesis-for-Efficient-ML/results/FLOPOCO/solution_fp32multiplication_flopoco/verilog_out/fp32_mul_flopoco.vhd:763]
INFO: [Synth 8-256] done synthesizing module 'MultTable_Freq250_uid57' (0#1) [/home/joe/Desktop/Uni/Year_4/Dissertation/Program-Synthesis-for-Efficient-ML/results/FLOPOCO/solution_fp32multiplication_flopoco/verilog_out/fp32_mul_flopoco.vhd:757]
INFO: [Synth 8-256] done synthesizing module 'IntMultiplierLUT_3x3_Freq250_uid55' (0#1) [/home/joe/Desktop/Uni/Year_4/Dissertation/Program-Synthesis-for-Efficient-ML/results/FLOPOCO/solution_fp32multiplication_flopoco/verilog_out/fp32_mul_flopoco.vhd:2448]
INFO: [Synth 8-3491] module 'IntMultiplierLUT_3x3_Freq250_uid60' declared at '/home/joe/Desktop/Uni/Year_4/Dissertation/Program-Synthesis-for-Efficient-ML/results/FLOPOCO/solution_fp32multiplication_flopoco/verilog_out/fp32_mul_flopoco.vhd:2492' bound to instance 't8_tile_13' of component 'IntMultiplierLUT_3x3_Freq250_uid60' [/home/joe/Desktop/Uni/Year_4/Dissertation/Program-Synthesis-for-Efficient-ML/results/FLOPOCO/solution_fp32multiplication_flopoco/verilog_out/fp32_mul_flopoco.vhd:5076]
INFO: [Synth 8-638] synthesizing module 'IntMultiplierLUT_3x3_Freq250_uid60' [/home/joe/Desktop/Uni/Year_4/Dissertation/Program-Synthesis-for-Efficient-ML/results/FLOPOCO/solution_fp32multiplication_flopoco/verilog_out/fp32_mul_flopoco.vhd:2499]
INFO: [Synth 8-3491] module 'MultTable_Freq250_uid62' declared at '/home/joe/Desktop/Uni/Year_4/Dissertation/Program-Synthesis-for-Efficient-ML/results/FLOPOCO/solution_fp32multiplication_flopoco/verilog_out/fp32_mul_flopoco.vhd:856' bound to instance 'TableMult' of component 'MultTable_Freq250_uid62' [/home/joe/Desktop/Uni/Year_4/Dissertation/Program-Synthesis-for-Efficient-ML/results/FLOPOCO/solution_fp32multiplication_flopoco/verilog_out/fp32_mul_flopoco.vhd:2514]
INFO: [Synth 8-638] synthesizing module 'MultTable_Freq250_uid62' [/home/joe/Desktop/Uni/Year_4/Dissertation/Program-Synthesis-for-Efficient-ML/results/FLOPOCO/solution_fp32multiplication_flopoco/verilog_out/fp32_mul_flopoco.vhd:861]
INFO: [Synth 8-226] default block is never used [/home/joe/Desktop/Uni/Year_4/Dissertation/Program-Synthesis-for-Efficient-ML/results/FLOPOCO/solution_fp32multiplication_flopoco/verilog_out/fp32_mul_flopoco.vhd:867]
INFO: [Synth 8-256] done synthesizing module 'MultTable_Freq250_uid62' (0#1) [/home/joe/Desktop/Uni/Year_4/Dissertation/Program-Synthesis-for-Efficient-ML/results/FLOPOCO/solution_fp32multiplication_flopoco/verilog_out/fp32_mul_flopoco.vhd:861]
INFO: [Synth 8-256] done synthesizing module 'IntMultiplierLUT_3x3_Freq250_uid60' (0#1) [/home/joe/Desktop/Uni/Year_4/Dissertation/Program-Synthesis-for-Efficient-ML/results/FLOPOCO/solution_fp32multiplication_flopoco/verilog_out/fp32_mul_flopoco.vhd:2499]
INFO: [Synth 8-3491] module 'IntMultiplierLUT_2x1_Freq250_uid65' declared at '/home/joe/Desktop/Uni/Year_4/Dissertation/Program-Synthesis-for-Efficient-ML/results/FLOPOCO/solution_fp32multiplication_flopoco/verilog_out/fp32_mul_flopoco.vhd:2543' bound to instance 't8_tile_14' of component 'IntMultiplierLUT_2x1_Freq250_uid65' [/home/joe/Desktop/Uni/Year_4/Dissertation/Program-Synthesis-for-Efficient-ML/results/FLOPOCO/solution_fp32multiplication_flopoco/verilog_out/fp32_mul_flopoco.vhd:5091]
INFO: [Synth 8-638] synthesizing module 'IntMultiplierLUT_2x1_Freq250_uid65' [/home/joe/Desktop/Uni/Year_4/Dissertation/Program-Synthesis-for-Efficient-ML/results/FLOPOCO/solution_fp32multiplication_flopoco/verilog_out/fp32_mul_flopoco.vhd:2550]
INFO: [Synth 8-256] done synthesizing module 'IntMultiplierLUT_2x1_Freq250_uid65' (0#1) [/home/joe/Desktop/Uni/Year_4/Dissertation/Program-Synthesis-for-Efficient-ML/results/FLOPOCO/solution_fp32multiplication_flopoco/verilog_out/fp32_mul_flopoco.vhd:2550]
INFO: [Synth 8-3491] module 'IntMultiplierLUT_3x3_Freq250_uid67' declared at '/home/joe/Desktop/Uni/Year_4/Dissertation/Program-Synthesis-for-Efficient-ML/results/FLOPOCO/solution_fp32multiplication_flopoco/verilog_out/fp32_mul_flopoco.vhd:2584' bound to instance 't8_tile_15' of component 'IntMultiplierLUT_3x3_Freq250_uid67' [/home/joe/Desktop/Uni/Year_4/Dissertation/Program-Synthesis-for-Efficient-ML/results/FLOPOCO/solution_fp32multiplication_flopoco/verilog_out/fp32_mul_flopoco.vhd:5102]
INFO: [Synth 8-638] synthesizing module 'IntMultiplierLUT_3x3_Freq250_uid67' [/home/joe/Desktop/Uni/Year_4/Dissertation/Program-Synthesis-for-Efficient-ML/results/FLOPOCO/solution_fp32multiplication_flopoco/verilog_out/fp32_mul_flopoco.vhd:2591]
INFO: [Synth 8-3491] module 'MultTable_Freq250_uid69' declared at '/home/joe/Desktop/Uni/Year_4/Dissertation/Program-Synthesis-for-Efficient-ML/results/FLOPOCO/solution_fp32multiplication_flopoco/verilog_out/fp32_mul_flopoco.vhd:960' bound to instance 'TableMult' of component 'MultTable_Freq250_uid69' [/home/joe/Desktop/Uni/Year_4/Dissertation/Program-Synthesis-for-Efficient-ML/results/FLOPOCO/solution_fp32multiplication_flopoco/verilog_out/fp32_mul_flopoco.vhd:2606]
INFO: [Synth 8-638] synthesizing module 'MultTable_Freq250_uid69' [/home/joe/Desktop/Uni/Year_4/Dissertation/Program-Synthesis-for-Efficient-ML/results/FLOPOCO/solution_fp32multiplication_flopoco/verilog_out/fp32_mul_flopoco.vhd:965]
INFO: [Synth 8-226] default block is never used [/home/joe/Desktop/Uni/Year_4/Dissertation/Program-Synthesis-for-Efficient-ML/results/FLOPOCO/solution_fp32multiplication_flopoco/verilog_out/fp32_mul_flopoco.vhd:971]
INFO: [Synth 8-256] done synthesizing module 'MultTable_Freq250_uid69' (0#1) [/home/joe/Desktop/Uni/Year_4/Dissertation/Program-Synthesis-for-Efficient-ML/results/FLOPOCO/solution_fp32multiplication_flopoco/verilog_out/fp32_mul_flopoco.vhd:965]
INFO: [Synth 8-256] done synthesizing module 'IntMultiplierLUT_3x3_Freq250_uid67' (0#1) [/home/joe/Desktop/Uni/Year_4/Dissertation/Program-Synthesis-for-Efficient-ML/results/FLOPOCO/solution_fp32multiplication_flopoco/verilog_out/fp32_mul_flopoco.vhd:2591]
INFO: [Synth 8-3491] module 'IntMultiplierLUT_3x3_Freq250_uid72' declared at '/home/joe/Desktop/Uni/Year_4/Dissertation/Program-Synthesis-for-Efficient-ML/results/FLOPOCO/solution_fp32multiplication_flopoco/verilog_out/fp32_mul_flopoco.vhd:2635' bound to instance 't8_tile_16' of component 'IntMultiplierLUT_3x3_Freq250_uid72' [/home/joe/Desktop/Uni/Year_4/Dissertation/Program-Synthesis-for-Efficient-ML/results/FLOPOCO/solution_fp32multiplication_flopoco/verilog_out/fp32_mul_flopoco.vhd:5117]
INFO: [Synth 8-638] synthesizing module 'IntMultiplierLUT_3x3_Freq250_uid72' [/home/joe/Desktop/Uni/Year_4/Dissertation/Program-Synthesis-for-Efficient-ML/results/FLOPOCO/solution_fp32multiplication_flopoco/verilog_out/fp32_mul_flopoco.vhd:2642]
INFO: [Synth 8-3491] module 'MultTable_Freq250_uid74' declared at '/home/joe/Desktop/Uni/Year_4/Dissertation/Program-Synthesis-for-Efficient-ML/results/FLOPOCO/solution_fp32multiplication_flopoco/verilog_out/fp32_mul_flopoco.vhd:1064' bound to instance 'TableMult' of component 'MultTable_Freq250_uid74' [/home/joe/Desktop/Uni/Year_4/Dissertation/Program-Synthesis-for-Efficient-ML/results/FLOPOCO/solution_fp32multiplication_flopoco/verilog_out/fp32_mul_flopoco.vhd:2657]
INFO: [Synth 8-638] synthesizing module 'MultTable_Freq250_uid74' [/home/joe/Desktop/Uni/Year_4/Dissertation/Program-Synthesis-for-Efficient-ML/results/FLOPOCO/solution_fp32multiplication_flopoco/verilog_out/fp32_mul_flopoco.vhd:1069]
INFO: [Synth 8-226] default block is never used [/home/joe/Desktop/Uni/Year_4/Dissertation/Program-Synthesis-for-Efficient-ML/results/FLOPOCO/solution_fp32multiplication_flopoco/verilog_out/fp32_mul_flopoco.vhd:1075]
INFO: [Synth 8-256] done synthesizing module 'MultTable_Freq250_uid74' (0#1) [/home/joe/Desktop/Uni/Year_4/Dissertation/Program-Synthesis-for-Efficient-ML/results/FLOPOCO/solution_fp32multiplication_flopoco/verilog_out/fp32_mul_flopoco.vhd:1069]
INFO: [Synth 8-256] done synthesizing module 'IntMultiplierLUT_3x3_Freq250_uid72' (0#1) [/home/joe/Desktop/Uni/Year_4/Dissertation/Program-Synthesis-for-Efficient-ML/results/FLOPOCO/solution_fp32multiplication_flopoco/verilog_out/fp32_mul_flopoco.vhd:2642]
INFO: [Synth 8-3491] module 'IntMultiplierLUT_2x1_Freq250_uid77' declared at '/home/joe/Desktop/Uni/Year_4/Dissertation/Program-Synthesis-for-Efficient-ML/results/FLOPOCO/solution_fp32multiplication_flopoco/verilog_out/fp32_mul_flopoco.vhd:2686' bound to instance 't8_tile_17' of component 'IntMultiplierLUT_2x1_Freq250_uid77' [/home/joe/Desktop/Uni/Year_4/Dissertation/Program-Synthesis-for-Efficient-ML/results/FLOPOCO/solution_fp32multiplication_flopoco/verilog_out/fp32_mul_flopoco.vhd:5132]
INFO: [Synth 8-638] synthesizing module 'IntMultiplierLUT_2x1_Freq250_uid77' [/home/joe/Desktop/Uni/Year_4/Dissertation/Program-Synthesis-for-Efficient-ML/results/FLOPOCO/solution_fp32multiplication_flopoco/verilog_out/fp32_mul_flopoco.vhd:2693]
INFO: [Synth 8-256] done synthesizing module 'IntMultiplierLUT_2x1_Freq250_uid77' (0#1) [/home/joe/Desktop/Uni/Year_4/Dissertation/Program-Synthesis-for-Efficient-ML/results/FLOPOCO/solution_fp32multiplication_flopoco/verilog_out/fp32_mul_flopoco.vhd:2693]
INFO: [Synth 8-3491] module 'IntMultiplierLUT_2x1_Freq250_uid79' declared at '/home/joe/Desktop/Uni/Year_4/Dissertation/Program-Synthesis-for-Efficient-ML/results/FLOPOCO/solution_fp32multiplication_flopoco/verilog_out/fp32_mul_flopoco.vhd:2727' bound to instance 't8_tile_18' of component 'IntMultiplierLUT_2x1_Freq250_uid79' [/home/joe/Desktop/Uni/Year_4/Dissertation/Program-Synthesis-for-Efficient-ML/results/FLOPOCO/solution_fp32multiplication_flopoco/verilog_out/fp32_mul_flopoco.vhd:5143]
INFO: [Synth 8-638] synthesizing module 'IntMultiplierLUT_2x1_Freq250_uid79' [/home/joe/Desktop/Uni/Year_4/Dissertation/Program-Synthesis-for-Efficient-ML/results/FLOPOCO/solution_fp32multiplication_flopoco/verilog_out/fp32_mul_flopoco.vhd:2734]
INFO: [Synth 8-256] done synthesizing module 'IntMultiplierLUT_2x1_Freq250_uid79' (0#1) [/home/joe/Desktop/Uni/Year_4/Dissertation/Program-Synthesis-for-Efficient-ML/results/FLOPOCO/solution_fp32multiplication_flopoco/verilog_out/fp32_mul_flopoco.vhd:2734]
INFO: [Synth 8-3491] module 'IntMultiplierLUT_3x3_Freq250_uid81' declared at '/home/joe/Desktop/Uni/Year_4/Dissertation/Program-Synthesis-for-Efficient-ML/results/FLOPOCO/solution_fp32multiplication_flopoco/verilog_out/fp32_mul_flopoco.vhd:2768' bound to instance 't8_tile_19' of component 'IntMultiplierLUT_3x3_Freq250_uid81' [/home/joe/Desktop/Uni/Year_4/Dissertation/Program-Synthesis-for-Efficient-ML/results/FLOPOCO/solution_fp32multiplication_flopoco/verilog_out/fp32_mul_flopoco.vhd:5154]
INFO: [Synth 8-638] synthesizing module 'IntMultiplierLUT_3x3_Freq250_uid81' [/home/joe/Desktop/Uni/Year_4/Dissertation/Program-Synthesis-for-Efficient-ML/results/FLOPOCO/solution_fp32multiplication_flopoco/verilog_out/fp32_mul_flopoco.vhd:2775]
INFO: [Synth 8-3491] module 'MultTable_Freq250_uid83' declared at '/home/joe/Desktop/Uni/Year_4/Dissertation/Program-Synthesis-for-Efficient-ML/results/FLOPOCO/solution_fp32multiplication_flopoco/verilog_out/fp32_mul_flopoco.vhd:1168' bound to instance 'TableMult' of component 'MultTable_Freq250_uid83' [/home/joe/Desktop/Uni/Year_4/Dissertation/Program-Synthesis-for-Efficient-ML/results/FLOPOCO/solution_fp32multiplication_flopoco/verilog_out/fp32_mul_flopoco.vhd:2790]
INFO: [Synth 8-638] synthesizing module 'MultTable_Freq250_uid83' [/home/joe/Desktop/Uni/Year_4/Dissertation/Program-Synthesis-for-Efficient-ML/results/FLOPOCO/solution_fp32multiplication_flopoco/verilog_out/fp32_mul_flopoco.vhd:1173]
INFO: [Synth 8-226] default block is never used [/home/joe/Desktop/Uni/Year_4/Dissertation/Program-Synthesis-for-Efficient-ML/results/FLOPOCO/solution_fp32multiplication_flopoco/verilog_out/fp32_mul_flopoco.vhd:1179]
INFO: [Synth 8-256] done synthesizing module 'MultTable_Freq250_uid83' (0#1) [/home/joe/Desktop/Uni/Year_4/Dissertation/Program-Synthesis-for-Efficient-ML/results/FLOPOCO/solution_fp32multiplication_flopoco/verilog_out/fp32_mul_flopoco.vhd:1173]
INFO: [Synth 8-256] done synthesizing module 'IntMultiplierLUT_3x3_Freq250_uid81' (0#1) [/home/joe/Desktop/Uni/Year_4/Dissertation/Program-Synthesis-for-Efficient-ML/results/FLOPOCO/solution_fp32multiplication_flopoco/verilog_out/fp32_mul_flopoco.vhd:2775]
INFO: [Synth 8-3491] module 'IntMultiplierLUT_3x3_Freq250_uid86' declared at '/home/joe/Desktop/Uni/Year_4/Dissertation/Program-Synthesis-for-Efficient-ML/results/FLOPOCO/solution_fp32multiplication_flopoco/verilog_out/fp32_mul_flopoco.vhd:2819' bound to instance 't8_tile_20' of component 'IntMultiplierLUT_3x3_Freq250_uid86' [/home/joe/Desktop/Uni/Year_4/Dissertation/Program-Synthesis-for-Efficient-ML/results/FLOPOCO/solution_fp32multiplication_flopoco/verilog_out/fp32_mul_flopoco.vhd:5169]
INFO: [Synth 8-638] synthesizing module 'IntMultiplierLUT_3x3_Freq250_uid86' [/home/joe/Desktop/Uni/Year_4/Dissertation/Program-Synthesis-for-Efficient-ML/results/FLOPOCO/solution_fp32multiplication_flopoco/verilog_out/fp32_mul_flopoco.vhd:2826]
INFO: [Synth 8-3491] module 'MultTable_Freq250_uid88' declared at '/home/joe/Desktop/Uni/Year_4/Dissertation/Program-Synthesis-for-Efficient-ML/results/FLOPOCO/solution_fp32multiplication_flopoco/verilog_out/fp32_mul_flopoco.vhd:1272' bound to instance 'TableMult' of component 'MultTable_Freq250_uid88' [/home/joe/Desktop/Uni/Year_4/Dissertation/Program-Synthesis-for-Efficient-ML/results/FLOPOCO/solution_fp32multiplication_flopoco/verilog_out/fp32_mul_flopoco.vhd:2841]
INFO: [Synth 8-638] synthesizing module 'MultTable_Freq250_uid88' [/home/joe/Desktop/Uni/Year_4/Dissertation/Program-Synthesis-for-Efficient-ML/results/FLOPOCO/solution_fp32multiplication_flopoco/verilog_out/fp32_mul_flopoco.vhd:1277]
INFO: [Synth 8-226] default block is never used [/home/joe/Desktop/Uni/Year_4/Dissertation/Program-Synthesis-for-Efficient-ML/results/FLOPOCO/solution_fp32multiplication_flopoco/verilog_out/fp32_mul_flopoco.vhd:1283]
INFO: [Synth 8-256] done synthesizing module 'MultTable_Freq250_uid88' (0#1) [/home/joe/Desktop/Uni/Year_4/Dissertation/Program-Synthesis-for-Efficient-ML/results/FLOPOCO/solution_fp32multiplication_flopoco/verilog_out/fp32_mul_flopoco.vhd:1277]
INFO: [Synth 8-256] done synthesizing module 'IntMultiplierLUT_3x3_Freq250_uid86' (0#1) [/home/joe/Desktop/Uni/Year_4/Dissertation/Program-Synthesis-for-Efficient-ML/results/FLOPOCO/solution_fp32multiplication_flopoco/verilog_out/fp32_mul_flopoco.vhd:2826]
INFO: [Synth 8-3491] module 'IntMultiplierLUT_2x1_Freq250_uid91' declared at '/home/joe/Desktop/Uni/Year_4/Dissertation/Program-Synthesis-for-Efficient-ML/results/FLOPOCO/solution_fp32multiplication_flopoco/verilog_out/fp32_mul_flopoco.vhd:2870' bound to instance 't8_tile_21' of component 'IntMultiplierLUT_2x1_Freq250_uid91' [/home/joe/Desktop/Uni/Year_4/Dissertation/Program-Synthesis-for-Efficient-ML/results/FLOPOCO/solution_fp32multiplication_flopoco/verilog_out/fp32_mul_flopoco.vhd:5184]
INFO: [Synth 8-638] synthesizing module 'IntMultiplierLUT_2x1_Freq250_uid91' [/home/joe/Desktop/Uni/Year_4/Dissertation/Program-Synthesis-for-Efficient-ML/results/FLOPOCO/solution_fp32multiplication_flopoco/verilog_out/fp32_mul_flopoco.vhd:2877]
INFO: [Synth 8-256] done synthesizing module 'IntMultiplierLUT_2x1_Freq250_uid91' (0#1) [/home/joe/Desktop/Uni/Year_4/Dissertation/Program-Synthesis-for-Efficient-ML/results/FLOPOCO/solution_fp32multiplication_flopoco/verilog_out/fp32_mul_flopoco.vhd:2877]
INFO: [Synth 8-3491] module 'IntMultiplierLUT_3x3_Freq250_uid93' declared at '/home/joe/Desktop/Uni/Year_4/Dissertation/Program-Synthesis-for-Efficient-ML/results/FLOPOCO/solution_fp32multiplication_flopoco/verilog_out/fp32_mul_flopoco.vhd:2911' bound to instance 't8_tile_22' of component 'IntMultiplierLUT_3x3_Freq250_uid93' [/home/joe/Desktop/Uni/Year_4/Dissertation/Program-Synthesis-for-Efficient-ML/results/FLOPOCO/solution_fp32multiplication_flopoco/verilog_out/fp32_mul_flopoco.vhd:5195]
INFO: [Synth 8-638] synthesizing module 'IntMultiplierLUT_3x3_Freq250_uid93' [/home/joe/Desktop/Uni/Year_4/Dissertation/Program-Synthesis-for-Efficient-ML/results/FLOPOCO/solution_fp32multiplication_flopoco/verilog_out/fp32_mul_flopoco.vhd:2918]
INFO: [Synth 8-3491] module 'MultTable_Freq250_uid95' declared at '/home/joe/Desktop/Uni/Year_4/Dissertation/Program-Synthesis-for-Efficient-ML/results/FLOPOCO/solution_fp32multiplication_flopoco/verilog_out/fp32_mul_flopoco.vhd:1376' bound to instance 'TableMult' of component 'MultTable_Freq250_uid95' [/home/joe/Desktop/Uni/Year_4/Dissertation/Program-Synthesis-for-Efficient-ML/results/FLOPOCO/solution_fp32multiplication_flopoco/verilog_out/fp32_mul_flopoco.vhd:2933]
INFO: [Synth 8-638] synthesizing module 'MultTable_Freq250_uid95' [/home/joe/Desktop/Uni/Year_4/Dissertation/Program-Synthesis-for-Efficient-ML/results/FLOPOCO/solution_fp32multiplication_flopoco/verilog_out/fp32_mul_flopoco.vhd:1381]
INFO: [Synth 8-226] default block is never used [/home/joe/Desktop/Uni/Year_4/Dissertation/Program-Synthesis-for-Efficient-ML/results/FLOPOCO/solution_fp32multiplication_flopoco/verilog_out/fp32_mul_flopoco.vhd:1387]
INFO: [Synth 8-256] done synthesizing module 'MultTable_Freq250_uid95' (0#1) [/home/joe/Desktop/Uni/Year_4/Dissertation/Program-Synthesis-for-Efficient-ML/results/FLOPOCO/solution_fp32multiplication_flopoco/verilog_out/fp32_mul_flopoco.vhd:1381]
INFO: [Synth 8-256] done synthesizing module 'IntMultiplierLUT_3x3_Freq250_uid93' (0#1) [/home/joe/Desktop/Uni/Year_4/Dissertation/Program-Synthesis-for-Efficient-ML/results/FLOPOCO/solution_fp32multiplication_flopoco/verilog_out/fp32_mul_flopoco.vhd:2918]
INFO: [Synth 8-3491] module 'IntMultiplierLUT_3x3_Freq250_uid98' declared at '/home/joe/Desktop/Uni/Year_4/Dissertation/Program-Synthesis-for-Efficient-ML/results/FLOPOCO/solution_fp32multiplication_flopoco/verilog_out/fp32_mul_flopoco.vhd:2962' bound to instance 't8_tile_23' of component 'IntMultiplierLUT_3x3_Freq250_uid98' [/home/joe/Desktop/Uni/Year_4/Dissertation/Program-Synthesis-for-Efficient-ML/results/FLOPOCO/solution_fp32multiplication_flopoco/verilog_out/fp32_mul_flopoco.vhd:5210]
INFO: [Synth 8-638] synthesizing module 'IntMultiplierLUT_3x3_Freq250_uid98' [/home/joe/Desktop/Uni/Year_4/Dissertation/Program-Synthesis-for-Efficient-ML/results/FLOPOCO/solution_fp32multiplication_flopoco/verilog_out/fp32_mul_flopoco.vhd:2969]
INFO: [Synth 8-3491] module 'MultTable_Freq250_uid100' declared at '/home/joe/Desktop/Uni/Year_4/Dissertation/Program-Synthesis-for-Efficient-ML/results/FLOPOCO/solution_fp32multiplication_flopoco/verilog_out/fp32_mul_flopoco.vhd:1480' bound to instance 'TableMult' of component 'MultTable_Freq250_uid100' [/home/joe/Desktop/Uni/Year_4/Dissertation/Program-Synthesis-for-Efficient-ML/results/FLOPOCO/solution_fp32multiplication_flopoco/verilog_out/fp32_mul_flopoco.vhd:2984]
INFO: [Synth 8-638] synthesizing module 'MultTable_Freq250_uid100' [/home/joe/Desktop/Uni/Year_4/Dissertation/Program-Synthesis-for-Efficient-ML/results/FLOPOCO/solution_fp32multiplication_flopoco/verilog_out/fp32_mul_flopoco.vhd:1485]
INFO: [Synth 8-226] default block is never used [/home/joe/Desktop/Uni/Year_4/Dissertation/Program-Synthesis-for-Efficient-ML/results/FLOPOCO/solution_fp32multiplication_flopoco/verilog_out/fp32_mul_flopoco.vhd:1491]
INFO: [Synth 8-256] done synthesizing module 'MultTable_Freq250_uid100' (0#1) [/home/joe/Desktop/Uni/Year_4/Dissertation/Program-Synthesis-for-Efficient-ML/results/FLOPOCO/solution_fp32multiplication_flopoco/verilog_out/fp32_mul_flopoco.vhd:1485]
INFO: [Synth 8-256] done synthesizing module 'IntMultiplierLUT_3x3_Freq250_uid98' (0#1) [/home/joe/Desktop/Uni/Year_4/Dissertation/Program-Synthesis-for-Efficient-ML/results/FLOPOCO/solution_fp32multiplication_flopoco/verilog_out/fp32_mul_flopoco.vhd:2969]
INFO: [Synth 8-3491] module 'IntMultiplierLUT_2x1_Freq250_uid103' declared at '/home/joe/Desktop/Uni/Year_4/Dissertation/Program-Synthesis-for-Efficient-ML/results/FLOPOCO/solution_fp32multiplication_flopoco/verilog_out/fp32_mul_flopoco.vhd:3013' bound to instance 't8_tile_24' of component 'IntMultiplierLUT_2x1_Freq250_uid103' [/home/joe/Desktop/Uni/Year_4/Dissertation/Program-Synthesis-for-Efficient-ML/results/FLOPOCO/solution_fp32multiplication_flopoco/verilog_out/fp32_mul_flopoco.vhd:5225]
INFO: [Synth 8-638] synthesizing module 'IntMultiplierLUT_2x1_Freq250_uid103' [/home/joe/Desktop/Uni/Year_4/Dissertation/Program-Synthesis-for-Efficient-ML/results/FLOPOCO/solution_fp32multiplication_flopoco/verilog_out/fp32_mul_flopoco.vhd:3020]
INFO: [Synth 8-256] done synthesizing module 'IntMultiplierLUT_2x1_Freq250_uid103' (0#1) [/home/joe/Desktop/Uni/Year_4/Dissertation/Program-Synthesis-for-Efficient-ML/results/FLOPOCO/solution_fp32multiplication_flopoco/verilog_out/fp32_mul_flopoco.vhd:3020]
INFO: [Synth 8-3491] module 'IntMultiplierLUT_2x1_Freq250_uid105' declared at '/home/joe/Desktop/Uni/Year_4/Dissertation/Program-Synthesis-for-Efficient-ML/results/FLOPOCO/solution_fp32multiplication_flopoco/verilog_out/fp32_mul_flopoco.vhd:3054' bound to instance 't8_tile_25' of component 'IntMultiplierLUT_2x1_Freq250_uid105' [/home/joe/Desktop/Uni/Year_4/Dissertation/Program-Synthesis-for-Efficient-ML/results/FLOPOCO/solution_fp32multiplication_flopoco/verilog_out/fp32_mul_flopoco.vhd:5236]
INFO: [Synth 8-638] synthesizing module 'IntMultiplierLUT_2x1_Freq250_uid105' [/home/joe/Desktop/Uni/Year_4/Dissertation/Program-Synthesis-for-Efficient-ML/results/FLOPOCO/solution_fp32multiplication_flopoco/verilog_out/fp32_mul_flopoco.vhd:3061]
INFO: [Synth 8-256] done synthesizing module 'IntMultiplierLUT_2x1_Freq250_uid105' (0#1) [/home/joe/Desktop/Uni/Year_4/Dissertation/Program-Synthesis-for-Efficient-ML/results/FLOPOCO/solution_fp32multiplication_flopoco/verilog_out/fp32_mul_flopoco.vhd:3061]
INFO: [Synth 8-3491] module 'IntMultiplierLUT_3x3_Freq250_uid107' declared at '/home/joe/Desktop/Uni/Year_4/Dissertation/Program-Synthesis-for-Efficient-ML/results/FLOPOCO/solution_fp32multiplication_flopoco/verilog_out/fp32_mul_flopoco.vhd:3095' bound to instance 't8_tile_26' of component 'IntMultiplierLUT_3x3_Freq250_uid107' [/home/joe/Desktop/Uni/Year_4/Dissertation/Program-Synthesis-for-Efficient-ML/results/FLOPOCO/solution_fp32multiplication_flopoco/verilog_out/fp32_mul_flopoco.vhd:5247]
INFO: [Synth 8-638] synthesizing module 'IntMultiplierLUT_3x3_Freq250_uid107' [/home/joe/Desktop/Uni/Year_4/Dissertation/Program-Synthesis-for-Efficient-ML/results/FLOPOCO/solution_fp32multiplication_flopoco/verilog_out/fp32_mul_flopoco.vhd:3102]
INFO: [Synth 8-3491] module 'MultTable_Freq250_uid109' declared at '/home/joe/Desktop/Uni/Year_4/Dissertation/Program-Synthesis-for-Efficient-ML/results/FLOPOCO/solution_fp32multiplication_flopoco/verilog_out/fp32_mul_flopoco.vhd:1584' bound to instance 'TableMult' of component 'MultTable_Freq250_uid109' [/home/joe/Desktop/Uni/Year_4/Dissertation/Program-Synthesis-for-Efficient-ML/results/FLOPOCO/solution_fp32multiplication_flopoco/verilog_out/fp32_mul_flopoco.vhd:3117]
INFO: [Synth 8-638] synthesizing module 'MultTable_Freq250_uid109' [/home/joe/Desktop/Uni/Year_4/Dissertation/Program-Synthesis-for-Efficient-ML/results/FLOPOCO/solution_fp32multiplication_flopoco/verilog_out/fp32_mul_flopoco.vhd:1589]
INFO: [Synth 8-226] default block is never used [/home/joe/Desktop/Uni/Year_4/Dissertation/Program-Synthesis-for-Efficient-ML/results/FLOPOCO/solution_fp32multiplication_flopoco/verilog_out/fp32_mul_flopoco.vhd:1595]
INFO: [Synth 8-256] done synthesizing module 'MultTable_Freq250_uid109' (0#1) [/home/joe/Desktop/Uni/Year_4/Dissertation/Program-Synthesis-for-Efficient-ML/results/FLOPOCO/solution_fp32multiplication_flopoco/verilog_out/fp32_mul_flopoco.vhd:1589]
INFO: [Synth 8-256] done synthesizing module 'IntMultiplierLUT_3x3_Freq250_uid107' (0#1) [/home/joe/Desktop/Uni/Year_4/Dissertation/Program-Synthesis-for-Efficient-ML/results/FLOPOCO/solution_fp32multiplication_flopoco/verilog_out/fp32_mul_flopoco.vhd:3102]
INFO: [Synth 8-3491] module 'IntMultiplierLUT_2x1_Freq250_uid112' declared at '/home/joe/Desktop/Uni/Year_4/Dissertation/Program-Synthesis-for-Efficient-ML/results/FLOPOCO/solution_fp32multiplication_flopoco/verilog_out/fp32_mul_flopoco.vhd:3146' bound to instance 't8_tile_27' of component 'IntMultiplierLUT_2x1_Freq250_uid112' [/home/joe/Desktop/Uni/Year_4/Dissertation/Program-Synthesis-for-Efficient-ML/results/FLOPOCO/solution_fp32multiplication_flopoco/verilog_out/fp32_mul_flopoco.vhd:5262]
INFO: [Synth 8-638] synthesizing module 'IntMultiplierLUT_2x1_Freq250_uid112' [/home/joe/Desktop/Uni/Year_4/Dissertation/Program-Synthesis-for-Efficient-ML/results/FLOPOCO/solution_fp32multiplication_flopoco/verilog_out/fp32_mul_flopoco.vhd:3153]
INFO: [Synth 8-256] done synthesizing module 'IntMultiplierLUT_2x1_Freq250_uid112' (0#1) [/home/joe/Desktop/Uni/Year_4/Dissertation/Program-Synthesis-for-Efficient-ML/results/FLOPOCO/solution_fp32multiplication_flopoco/verilog_out/fp32_mul_flopoco.vhd:3153]
INFO: [Synth 8-3491] module 'IntMultiplierLUT_2x1_Freq250_uid114' declared at '/home/joe/Desktop/Uni/Year_4/Dissertation/Program-Synthesis-for-Efficient-ML/results/FLOPOCO/solution_fp32multiplication_flopoco/verilog_out/fp32_mul_flopoco.vhd:3187' bound to instance 't8_tile_28' of component 'IntMultiplierLUT_2x1_Freq250_uid114' [/home/joe/Desktop/Uni/Year_4/Dissertation/Program-Synthesis-for-Efficient-ML/results/FLOPOCO/solution_fp32multiplication_flopoco/verilog_out/fp32_mul_flopoco.vhd:5273]
INFO: [Synth 8-638] synthesizing module 'IntMultiplierLUT_2x1_Freq250_uid114' [/home/joe/Desktop/Uni/Year_4/Dissertation/Program-Synthesis-for-Efficient-ML/results/FLOPOCO/solution_fp32multiplication_flopoco/verilog_out/fp32_mul_flopoco.vhd:3194]
INFO: [Synth 8-256] done synthesizing module 'IntMultiplierLUT_2x1_Freq250_uid114' (0#1) [/home/joe/Desktop/Uni/Year_4/Dissertation/Program-Synthesis-for-Efficient-ML/results/FLOPOCO/solution_fp32multiplication_flopoco/verilog_out/fp32_mul_flopoco.vhd:3194]
INFO: [Synth 8-3491] module 'Compressor_23_3_Freq250_uid117' declared at '/home/joe/Desktop/Uni/Year_4/Dissertation/Program-Synthesis-for-Efficient-ML/results/FLOPOCO/solution_fp32multiplication_flopoco/verilog_out/fp32_mul_flopoco.vhd:1688' bound to instance 'Compressor_23_3_Freq250_uid117_uid118' of component 'Compressor_23_3_Freq250_uid117' [/home/joe/Desktop/Uni/Year_4/Dissertation/Program-Synthesis-for-Efficient-ML/results/FLOPOCO/solution_fp32multiplication_flopoco/verilog_out/fp32_mul_flopoco.vhd:5292]
INFO: [Synth 8-638] synthesizing module 'Compressor_23_3_Freq250_uid117' [/home/joe/Desktop/Uni/Year_4/Dissertation/Program-Synthesis-for-Efficient-ML/results/FLOPOCO/solution_fp32multiplication_flopoco/verilog_out/fp32_mul_flopoco.vhd:1694]
INFO: [Synth 8-226] default block is never used [/home/joe/Desktop/Uni/Year_4/Dissertation/Program-Synthesis-for-Efficient-ML/results/FLOPOCO/solution_fp32multiplication_flopoco/verilog_out/fp32_mul_flopoco.vhd:1702]
INFO: [Synth 8-256] done synthesizing module 'Compressor_23_3_Freq250_uid117' (0#1) [/home/joe/Desktop/Uni/Year_4/Dissertation/Program-Synthesis-for-Efficient-ML/results/FLOPOCO/solution_fp32multiplication_flopoco/verilog_out/fp32_mul_flopoco.vhd:1694]
INFO: [Synth 8-3491] module 'Compressor_3_2_Freq250_uid121' declared at '/home/joe/Desktop/Uni/Year_4/Dissertation/Program-Synthesis-for-Efficient-ML/results/FLOPOCO/solution_fp32multiplication_flopoco/verilog_out/fp32_mul_flopoco.vhd:1738' bound to instance 'Compressor_3_2_Freq250_uid121_uid122' of component 'Compressor_3_2_Freq250_uid121' [/home/joe/Desktop/Uni/Year_4/Dissertation/Program-Synthesis-for-Efficient-ML/results/FLOPOCO/solution_fp32multiplication_flopoco/verilog_out/fp32_mul_flopoco.vhd:5302]
INFO: [Synth 8-638] synthesizing module 'Compressor_3_2_Freq250_uid121' [/home/joe/Desktop/Uni/Year_4/Dissertation/Program-Synthesis-for-Efficient-ML/results/FLOPOCO/solution_fp32multiplication_flopoco/verilog_out/fp32_mul_flopoco.vhd:1743]
INFO: [Synth 8-226] default block is never used [/home/joe/Desktop/Uni/Year_4/Dissertation/Program-Synthesis-for-Efficient-ML/results/FLOPOCO/solution_fp32multiplication_flopoco/verilog_out/fp32_mul_flopoco.vhd:1751]
INFO: [Synth 8-256] done synthesizing module 'Compressor_3_2_Freq250_uid121' (0#1) [/home/joe/Desktop/Uni/Year_4/Dissertation/Program-Synthesis-for-Efficient-ML/results/FLOPOCO/solution_fp32multiplication_flopoco/verilog_out/fp32_mul_flopoco.vhd:1743]
INFO: [Synth 8-3491] module 'Compressor_14_3_Freq250_uid125' declared at '/home/joe/Desktop/Uni/Year_4/Dissertation/Program-Synthesis-for-Efficient-ML/results/FLOPOCO/solution_fp32multiplication_flopoco/verilog_out/fp32_mul_flopoco.vhd:1783' bound to instance 'Compressor_14_3_Freq250_uid125_uid126' of component 'Compressor_14_3_Freq250_uid125' [/home/joe/Desktop/Uni/Year_4/Dissertation/Program-Synthesis-for-Efficient-ML/results/FLOPOCO/solution_fp32multiplication_flopoco/verilog_out/fp32_mul_flopoco.vhd:5313]
INFO: [Synth 8-638] synthesizing module 'Compressor_14_3_Freq250_uid125' [/home/joe/Desktop/Uni/Year_4/Dissertation/Program-Synthesis-for-Efficient-ML/results/FLOPOCO/solution_fp32multiplication_flopoco/verilog_out/fp32_mul_flopoco.vhd:1789]
INFO: [Synth 8-226] default block is never used [/home/joe/Desktop/Uni/Year_4/Dissertation/Program-Synthesis-for-Efficient-ML/results/FLOPOCO/solution_fp32multiplication_flopoco/verilog_out/fp32_mul_flopoco.vhd:1797]
INFO: [Synth 8-256] done synthesizing module 'Compressor_14_3_Freq250_uid125' (0#1) [/home/joe/Desktop/Uni/Year_4/Dissertation/Program-Synthesis-for-Efficient-ML/results/FLOPOCO/solution_fp32multiplication_flopoco/verilog_out/fp32_mul_flopoco.vhd:1789]
INFO: [Synth 8-3491] module 'Compressor_23_3_Freq250_uid117' declared at '/home/joe/Desktop/Uni/Year_4/Dissertation/Program-Synthesis-for-Efficient-ML/results/FLOPOCO/solution_fp32multiplication_flopoco/verilog_out/fp32_mul_flopoco.vhd:1688' bound to instance 'Compressor_23_3_Freq250_uid117_uid128' of component 'Compressor_23_3_Freq250_uid117' [/home/joe/Desktop/Uni/Year_4/Dissertation/Program-Synthesis-for-Efficient-ML/results/FLOPOCO/solution_fp32multiplication_flopoco/verilog_out/fp32_mul_flopoco.vhd:5325]
INFO: [Synth 8-3491] module 'Compressor_3_2_Freq250_uid121' declared at '/home/joe/Desktop/Uni/Year_4/Dissertation/Program-Synthesis-for-Efficient-ML/results/FLOPOCO/solution_fp32multiplication_flopoco/verilog_out/fp32_mul_flopoco.vhd:1738' bound to instance 'Compressor_3_2_Freq250_uid121_uid130' of component 'Compressor_3_2_Freq250_uid121' [/home/joe/Desktop/Uni/Year_4/Dissertation/Program-Synthesis-for-Efficient-ML/results/FLOPOCO/solution_fp32multiplication_flopoco/verilog_out/fp32_mul_flopoco.vhd:5335]
INFO: [Synth 8-3491] module 'Compressor_6_3_Freq250_uid133' declared at '/home/joe/Desktop/Uni/Year_4/Dissertation/Program-Synthesis-for-Efficient-ML/results/FLOPOCO/solution_fp32multiplication_flopoco/verilog_out/fp32_mul_flopoco.vhd:1832' bound to instance 'Compressor_6_3_Freq250_uid133_uid134' of component 'Compressor_6_3_Freq250_uid133' [/home/joe/Desktop/Uni/Year_4/Dissertation/Program-Synthesis-for-Efficient-ML/results/FLOPOCO/solution_fp32multiplication_flopoco/verilog_out/fp32_mul_flopoco.vhd:5345]
INFO: [Synth 8-638] synthesizing module 'Compressor_6_3_Freq250_uid133' [/home/joe/Desktop/Uni/Year_4/Dissertation/Program-Synthesis-for-Efficient-ML/results/FLOPOCO/solution_fp32multiplication_flopoco/verilog_out/fp32_mul_flopoco.vhd:1837]
INFO: [Synth 8-226] default block is never used [/home/joe/Desktop/Uni/Year_4/Dissertation/Program-Synthesis-for-Efficient-ML/results/FLOPOCO/solution_fp32multiplication_flopoco/verilog_out/fp32_mul_flopoco.vhd:1845]
INFO: [Synth 8-256] done synthesizing module 'Compressor_6_3_Freq250_uid133' (0#1) [/home/joe/Desktop/Uni/Year_4/Dissertation/Program-Synthesis-for-Efficient-ML/results/FLOPOCO/solution_fp32multiplication_flopoco/verilog_out/fp32_mul_flopoco.vhd:1837]
INFO: [Synth 8-3491] module 'Compressor_6_3_Freq250_uid133' declared at '/home/joe/Desktop/Uni/Year_4/Dissertation/Program-Synthesis-for-Efficient-ML/results/FLOPOCO/solution_fp32multiplication_flopoco/verilog_out/fp32_mul_flopoco.vhd:1832' bound to instance 'Compressor_6_3_Freq250_uid133_uid136' of component 'Compressor_6_3_Freq250_uid133' [/home/joe/Desktop/Uni/Year_4/Dissertation/Program-Synthesis-for-Efficient-ML/results/FLOPOCO/solution_fp32multiplication_flopoco/verilog_out/fp32_mul_flopoco.vhd:5355]
INFO: [Synth 8-3491] module 'Compressor_6_3_Freq250_uid133' declared at '/home/joe/Desktop/Uni/Year_4/Dissertation/Program-Synthesis-for-Efficient-ML/results/FLOPOCO/solution_fp32multiplication_flopoco/verilog_out/fp32_mul_flopoco.vhd:1832' bound to instance 'Compressor_6_3_Freq250_uid133_uid138' of component 'Compressor_6_3_Freq250_uid133' [/home/joe/Desktop/Uni/Year_4/Dissertation/Program-Synthesis-for-Efficient-ML/results/FLOPOCO/solution_fp32multiplication_flopoco/verilog_out/fp32_mul_flopoco.vhd:5365]
INFO: [Synth 8-3491] module 'Compressor_6_3_Freq250_uid133' declared at '/home/joe/Desktop/Uni/Year_4/Dissertation/Program-Synthesis-for-Efficient-ML/results/FLOPOCO/solution_fp32multiplication_flopoco/verilog_out/fp32_mul_flopoco.vhd:1832' bound to instance 'Compressor_6_3_Freq250_uid133_uid140' of component 'Compressor_6_3_Freq250_uid133' [/home/joe/Desktop/Uni/Year_4/Dissertation/Program-Synthesis-for-Efficient-ML/results/FLOPOCO/solution_fp32multiplication_flopoco/verilog_out/fp32_mul_flopoco.vhd:5375]
INFO: [Synth 8-3491] module 'Compressor_6_3_Freq250_uid133' declared at '/home/joe/Desktop/Uni/Year_4/Dissertation/Program-Synthesis-for-Efficient-ML/results/FLOPOCO/solution_fp32multiplication_flopoco/verilog_out/fp32_mul_flopoco.vhd:1832' bound to instance 'Compressor_6_3_Freq250_uid133_uid142' of component 'Compressor_6_3_Freq250_uid133' [/home/joe/Desktop/Uni/Year_4/Dissertation/Program-Synthesis-for-Efficient-ML/results/FLOPOCO/solution_fp32multiplication_flopoco/verilog_out/fp32_mul_flopoco.vhd:5385]
INFO: [Synth 8-3491] module 'Compressor_6_3_Freq250_uid133' declared at '/home/joe/Desktop/Uni/Year_4/Dissertation/Program-Synthesis-for-Efficient-ML/results/FLOPOCO/solution_fp32multiplication_flopoco/verilog_out/fp32_mul_flopoco.vhd:1832' bound to instance 'Compressor_6_3_Freq250_uid133_uid144' of component 'Compressor_6_3_Freq250_uid133' [/home/joe/Desktop/Uni/Year_4/Dissertation/Program-Synthesis-for-Efficient-ML/results/FLOPOCO/solution_fp32multiplication_flopoco/verilog_out/fp32_mul_flopoco.vhd:5395]
INFO: [Synth 8-3491] module 'Compressor_6_3_Freq250_uid133' declared at '/home/joe/Desktop/Uni/Year_4/Dissertation/Program-Synthesis-for-Efficient-ML/results/FLOPOCO/solution_fp32multiplication_flopoco/verilog_out/fp32_mul_flopoco.vhd:1832' bound to instance 'Compressor_6_3_Freq250_uid133_uid146' of component 'Compressor_6_3_Freq250_uid133' [/home/joe/Desktop/Uni/Year_4/Dissertation/Program-Synthesis-for-Efficient-ML/results/FLOPOCO/solution_fp32multiplication_flopoco/verilog_out/fp32_mul_flopoco.vhd:5405]
INFO: [Synth 8-3491] module 'Compressor_6_3_Freq250_uid133' declared at '/home/joe/Desktop/Uni/Year_4/Dissertation/Program-Synthesis-for-Efficient-ML/results/FLOPOCO/solution_fp32multiplication_flopoco/verilog_out/fp32_mul_flopoco.vhd:1832' bound to instance 'Compressor_6_3_Freq250_uid133_uid148' of component 'Compressor_6_3_Freq250_uid133' [/home/joe/Desktop/Uni/Year_4/Dissertation/Program-Synthesis-for-Efficient-ML/results/FLOPOCO/solution_fp32multiplication_flopoco/verilog_out/fp32_mul_flopoco.vhd:5415]
INFO: [Synth 8-3491] module 'Compressor_6_3_Freq250_uid133' declared at '/home/joe/Desktop/Uni/Year_4/Dissertation/Program-Synthesis-for-Efficient-ML/results/FLOPOCO/solution_fp32multiplication_flopoco/verilog_out/fp32_mul_flopoco.vhd:1832' bound to instance 'Compressor_6_3_Freq250_uid133_uid150' of component 'Compressor_6_3_Freq250_uid133' [/home/joe/Desktop/Uni/Year_4/Dissertation/Program-Synthesis-for-Efficient-ML/results/FLOPOCO/solution_fp32multiplication_flopoco/verilog_out/fp32_mul_flopoco.vhd:5425]
INFO: [Synth 8-3491] module 'Compressor_6_3_Freq250_uid133' declared at '/home/joe/Desktop/Uni/Year_4/Dissertation/Program-Synthesis-for-Efficient-ML/results/FLOPOCO/solution_fp32multiplication_flopoco/verilog_out/fp32_mul_flopoco.vhd:1832' bound to instance 'Compressor_6_3_Freq250_uid133_uid152' of component 'Compressor_6_3_Freq250_uid133' [/home/joe/Desktop/Uni/Year_4/Dissertation/Program-Synthesis-for-Efficient-ML/results/FLOPOCO/solution_fp32multiplication_flopoco/verilog_out/fp32_mul_flopoco.vhd:5435]
INFO: [Synth 8-3491] module 'Compressor_6_3_Freq250_uid133' declared at '/home/joe/Desktop/Uni/Year_4/Dissertation/Program-Synthesis-for-Efficient-ML/results/FLOPOCO/solution_fp32multiplication_flopoco/verilog_out/fp32_mul_flopoco.vhd:1832' bound to instance 'Compressor_6_3_Freq250_uid133_uid154' of component 'Compressor_6_3_Freq250_uid133' [/home/joe/Desktop/Uni/Year_4/Dissertation/Program-Synthesis-for-Efficient-ML/results/FLOPOCO/solution_fp32multiplication_flopoco/verilog_out/fp32_mul_flopoco.vhd:5445]
INFO: [Synth 8-3491] module 'Compressor_6_3_Freq250_uid133' declared at '/home/joe/Desktop/Uni/Year_4/Dissertation/Program-Synthesis-for-Efficient-ML/results/FLOPOCO/solution_fp32multiplication_flopoco/verilog_out/fp32_mul_flopoco.vhd:1832' bound to instance 'Compressor_6_3_Freq250_uid133_uid156' of component 'Compressor_6_3_Freq250_uid133' [/home/joe/Desktop/Uni/Year_4/Dissertation/Program-Synthesis-for-Efficient-ML/results/FLOPOCO/solution_fp32multiplication_flopoco/verilog_out/fp32_mul_flopoco.vhd:5455]
INFO: [Synth 8-3491] module 'Compressor_6_3_Freq250_uid133' declared at '/home/joe/Desktop/Uni/Year_4/Dissertation/Program-Synthesis-for-Efficient-ML/results/FLOPOCO/solution_fp32multiplication_flopoco/verilog_out/fp32_mul_flopoco.vhd:1832' bound to instance 'Compressor_6_3_Freq250_uid133_uid158' of component 'Compressor_6_3_Freq250_uid133' [/home/joe/Desktop/Uni/Year_4/Dissertation/Program-Synthesis-for-Efficient-ML/results/FLOPOCO/solution_fp32multiplication_flopoco/verilog_out/fp32_mul_flopoco.vhd:5465]
INFO: [Synth 8-3491] module 'Compressor_6_3_Freq250_uid133' declared at '/home/joe/Desktop/Uni/Year_4/Dissertation/Program-Synthesis-for-Efficient-ML/results/FLOPOCO/solution_fp32multiplication_flopoco/verilog_out/fp32_mul_flopoco.vhd:1832' bound to instance 'Compressor_6_3_Freq250_uid133_uid160' of component 'Compressor_6_3_Freq250_uid133' [/home/joe/Desktop/Uni/Year_4/Dissertation/Program-Synthesis-for-Efficient-ML/results/FLOPOCO/solution_fp32multiplication_flopoco/verilog_out/fp32_mul_flopoco.vhd:5475]
INFO: [Synth 8-3491] module 'Compressor_6_3_Freq250_uid133' declared at '/home/joe/Desktop/Uni/Year_4/Dissertation/Program-Synthesis-for-Efficient-ML/results/FLOPOCO/solution_fp32multiplication_flopoco/verilog_out/fp32_mul_flopoco.vhd:1832' bound to instance 'Compressor_6_3_Freq250_uid133_uid162' of component 'Compressor_6_3_Freq250_uid133' [/home/joe/Desktop/Uni/Year_4/Dissertation/Program-Synthesis-for-Efficient-ML/results/FLOPOCO/solution_fp32multiplication_flopoco/verilog_out/fp32_mul_flopoco.vhd:5485]
INFO: [Synth 8-3491] module 'Compressor_6_3_Freq250_uid133' declared at '/home/joe/Desktop/Uni/Year_4/Dissertation/Program-Synthesis-for-Efficient-ML/results/FLOPOCO/solution_fp32multiplication_flopoco/verilog_out/fp32_mul_flopoco.vhd:1832' bound to instance 'Compressor_6_3_Freq250_uid133_uid164' of component 'Compressor_6_3_Freq250_uid133' [/home/joe/Desktop/Uni/Year_4/Dissertation/Program-Synthesis-for-Efficient-ML/results/FLOPOCO/solution_fp32multiplication_flopoco/verilog_out/fp32_mul_flopoco.vhd:5495]
INFO: [Synth 8-3491] module 'Compressor_6_3_Freq250_uid133' declared at '/home/joe/Desktop/Uni/Year_4/Dissertation/Program-Synthesis-for-Efficient-ML/results/FLOPOCO/solution_fp32multiplication_flopoco/verilog_out/fp32_mul_flopoco.vhd:1832' bound to instance 'Compressor_6_3_Freq250_uid133_uid166' of component 'Compressor_6_3_Freq250_uid133' [/home/joe/Desktop/Uni/Year_4/Dissertation/Program-Synthesis-for-Efficient-ML/results/FLOPOCO/solution_fp32multiplication_flopoco/verilog_out/fp32_mul_flopoco.vhd:5505]
INFO: [Synth 8-3491] module 'Compressor_14_3_Freq250_uid125' declared at '/home/joe/Desktop/Uni/Year_4/Dissertation/Program-Synthesis-for-Efficient-ML/results/FLOPOCO/solution_fp32multiplication_flopoco/verilog_out/fp32_mul_flopoco.vhd:1783' bound to instance 'Compressor_14_3_Freq250_uid125_uid168' of component 'Compressor_14_3_Freq250_uid125' [/home/joe/Desktop/Uni/Year_4/Dissertation/Program-Synthesis-for-Efficient-ML/results/FLOPOCO/solution_fp32multiplication_flopoco/verilog_out/fp32_mul_flopoco.vhd:5516]
INFO: [Synth 8-3491] module 'Compressor_3_2_Freq250_uid121' declared at '/home/joe/Desktop/Uni/Year_4/Dissertation/Program-Synthesis-for-Efficient-ML/results/FLOPOCO/solution_fp32multiplication_flopoco/verilog_out/fp32_mul_flopoco.vhd:1738' bound to instance 'Compressor_3_2_Freq250_uid121_uid170' of component 'Compressor_3_2_Freq250_uid121' [/home/joe/Desktop/Uni/Year_4/Dissertation/Program-Synthesis-for-Efficient-ML/results/FLOPOCO/solution_fp32multiplication_flopoco/verilog_out/fp32_mul_flopoco.vhd:5526]
INFO: [Synth 8-3491] module 'Compressor_14_3_Freq250_uid125' declared at '/home/joe/Desktop/Uni/Year_4/Dissertation/Program-Synthesis-for-Efficient-ML/results/FLOPOCO/solution_fp32multiplication_flopoco/verilog_out/fp32_mul_flopoco.vhd:1783' bound to instance 'Compressor_14_3_Freq250_uid125_uid172' of component 'Compressor_14_3_Freq250_uid125' [/home/joe/Desktop/Uni/Year_4/Dissertation/Program-Synthesis-for-Efficient-ML/results/FLOPOCO/solution_fp32multiplication_flopoco/verilog_out/fp32_mul_flopoco.vhd:5537]
INFO: [Synth 8-3491] module 'Compressor_23_3_Freq250_uid117' declared at '/home/joe/Desktop/Uni/Year_4/Dissertation/Program-Synthesis-for-Efficient-ML/results/FLOPOCO/solution_fp32multiplication_flopoco/verilog_out/fp32_mul_flopoco.vhd:1688' bound to instance 'Compressor_23_3_Freq250_uid117_uid174' of component 'Compressor_23_3_Freq250_uid117' [/home/joe/Desktop/Uni/Year_4/Dissertation/Program-Synthesis-for-Efficient-ML/results/FLOPOCO/solution_fp32multiplication_flopoco/verilog_out/fp32_mul_flopoco.vhd:5549]
INFO: [Synth 8-3491] module 'Compressor_23_3_Freq250_uid117' declared at '/home/joe/Desktop/Uni/Year_4/Dissertation/Program-Synthesis-for-Efficient-ML/results/FLOPOCO/solution_fp32multiplication_flopoco/verilog_out/fp32_mul_flopoco.vhd:1688' bound to instance 'Compressor_23_3_Freq250_uid117_uid176' of component 'Compressor_23_3_Freq250_uid117' [/home/joe/Desktop/Uni/Year_4/Dissertation/Program-Synthesis-for-Efficient-ML/results/FLOPOCO/solution_fp32multiplication_flopoco/verilog_out/fp32_mul_flopoco.vhd:5561]
INFO: [Synth 8-3491] module 'Compressor_23_3_Freq250_uid117' declared at '/home/joe/Desktop/Uni/Year_4/Dissertation/Program-Synthesis-for-Efficient-ML/results/FLOPOCO/solution_fp32multiplication_flopoco/verilog_out/fp32_mul_flopoco.vhd:1688' bound to instance 'Compressor_23_3_Freq250_uid117_uid178' of component 'Compressor_23_3_Freq250_uid117' [/home/joe/Desktop/Uni/Year_4/Dissertation/Program-Synthesis-for-Efficient-ML/results/FLOPOCO/solution_fp32multiplication_flopoco/verilog_out/fp32_mul_flopoco.vhd:5573]
INFO: [Synth 8-3491] module 'Compressor_3_2_Freq250_uid121' declared at '/home/joe/Desktop/Uni/Year_4/Dissertation/Program-Synthesis-for-Efficient-ML/results/FLOPOCO/solution_fp32multiplication_flopoco/verilog_out/fp32_mul_flopoco.vhd:1738' bound to instance 'Compressor_3_2_Freq250_uid121_uid180' of component 'Compressor_3_2_Freq250_uid121' [/home/joe/Desktop/Uni/Year_4/Dissertation/Program-Synthesis-for-Efficient-ML/results/FLOPOCO/solution_fp32multiplication_flopoco/verilog_out/fp32_mul_flopoco.vhd:5583]
INFO: [Synth 8-3491] module 'Compressor_23_3_Freq250_uid117' declared at '/home/joe/Desktop/Uni/Year_4/Dissertation/Program-Synthesis-for-Efficient-ML/results/FLOPOCO/solution_fp32multiplication_flopoco/verilog_out/fp32_mul_flopoco.vhd:1688' bound to instance 'Compressor_23_3_Freq250_uid117_uid182' of component 'Compressor_23_3_Freq250_uid117' [/home/joe/Desktop/Uni/Year_4/Dissertation/Program-Synthesis-for-Efficient-ML/results/FLOPOCO/solution_fp32multiplication_flopoco/verilog_out/fp32_mul_flopoco.vhd:5594]
INFO: [Synth 8-3491] module 'Compressor_23_3_Freq250_uid117' declared at '/home/joe/Desktop/Uni/Year_4/Dissertation/Program-Synthesis-for-Efficient-ML/results/FLOPOCO/solution_fp32multiplication_flopoco/verilog_out/fp32_mul_flopoco.vhd:1688' bound to instance 'Compressor_23_3_Freq250_uid117_uid184' of component 'Compressor_23_3_Freq250_uid117' [/home/joe/Desktop/Uni/Year_4/Dissertation/Program-Synthesis-for-Efficient-ML/results/FLOPOCO/solution_fp32multiplication_flopoco/verilog_out/fp32_mul_flopoco.vhd:5606]
INFO: [Synth 8-3491] module 'Compressor_23_3_Freq250_uid117' declared at '/home/joe/Desktop/Uni/Year_4/Dissertation/Program-Synthesis-for-Efficient-ML/results/FLOPOCO/solution_fp32multiplication_flopoco/verilog_out/fp32_mul_flopoco.vhd:1688' bound to instance 'Compressor_23_3_Freq250_uid117_uid186' of component 'Compressor_23_3_Freq250_uid117' [/home/joe/Desktop/Uni/Year_4/Dissertation/Program-Synthesis-for-Efficient-ML/results/FLOPOCO/solution_fp32multiplication_flopoco/verilog_out/fp32_mul_flopoco.vhd:5618]
INFO: [Synth 8-3491] module 'Compressor_23_3_Freq250_uid117' declared at '/home/joe/Desktop/Uni/Year_4/Dissertation/Program-Synthesis-for-Efficient-ML/results/FLOPOCO/solution_fp32multiplication_flopoco/verilog_out/fp32_mul_flopoco.vhd:1688' bound to instance 'Compressor_23_3_Freq250_uid117_uid188' of component 'Compressor_23_3_Freq250_uid117' [/home/joe/Desktop/Uni/Year_4/Dissertation/Program-Synthesis-for-Efficient-ML/results/FLOPOCO/solution_fp32multiplication_flopoco/verilog_out/fp32_mul_flopoco.vhd:5630]
INFO: [Synth 8-3491] module 'Compressor_23_3_Freq250_uid117' declared at '/home/joe/Desktop/Uni/Year_4/Dissertation/Program-Synthesis-for-Efficient-ML/results/FLOPOCO/solution_fp32multiplication_flopoco/verilog_out/fp32_mul_flopoco.vhd:1688' bound to instance 'Compressor_23_3_Freq250_uid117_uid190' of component 'Compressor_23_3_Freq250_uid117' [/home/joe/Desktop/Uni/Year_4/Dissertation/Program-Synthesis-for-Efficient-ML/results/FLOPOCO/solution_fp32multiplication_flopoco/verilog_out/fp32_mul_flopoco.vhd:5642]
INFO: [Synth 8-3491] module 'Compressor_23_3_Freq250_uid117' declared at '/home/joe/Desktop/Uni/Year_4/Dissertation/Program-Synthesis-for-Efficient-ML/results/FLOPOCO/solution_fp32multiplication_flopoco/verilog_out/fp32_mul_flopoco.vhd:1688' bound to instance 'Compressor_23_3_Freq250_uid117_uid192' of component 'Compressor_23_3_Freq250_uid117' [/home/joe/Desktop/Uni/Year_4/Dissertation/Program-Synthesis-for-Efficient-ML/results/FLOPOCO/solution_fp32multiplication_flopoco/verilog_out/fp32_mul_flopoco.vhd:5654]
INFO: [Synth 8-3491] module 'Compressor_23_3_Freq250_uid117' declared at '/home/joe/Desktop/Uni/Year_4/Dissertation/Program-Synthesis-for-Efficient-ML/results/FLOPOCO/solution_fp32multiplication_flopoco/verilog_out/fp32_mul_flopoco.vhd:1688' bound to instance 'Compressor_23_3_Freq250_uid117_uid194' of component 'Compressor_23_3_Freq250_uid117' [/home/joe/Desktop/Uni/Year_4/Dissertation/Program-Synthesis-for-Efficient-ML/results/FLOPOCO/solution_fp32multiplication_flopoco/verilog_out/fp32_mul_flopoco.vhd:5666]
INFO: [Synth 8-3491] module 'Compressor_23_3_Freq250_uid117' declared at '/home/joe/Desktop/Uni/Year_4/Dissertation/Program-Synthesis-for-Efficient-ML/results/FLOPOCO/solution_fp32multiplication_flopoco/verilog_out/fp32_mul_flopoco.vhd:1688' bound to instance 'Compressor_23_3_Freq250_uid117_uid196' of component 'Compressor_23_3_Freq250_uid117' [/home/joe/Desktop/Uni/Year_4/Dissertation/Program-Synthesis-for-Efficient-ML/results/FLOPOCO/solution_fp32multiplication_flopoco/verilog_out/fp32_mul_flopoco.vhd:5678]
INFO: [Synth 8-3491] module 'Compressor_23_3_Freq250_uid117' declared at '/home/joe/Desktop/Uni/Year_4/Dissertation/Program-Synthesis-for-Efficient-ML/results/FLOPOCO/solution_fp32multiplication_flopoco/verilog_out/fp32_mul_flopoco.vhd:1688' bound to instance 'Compressor_23_3_Freq250_uid117_uid198' of component 'Compressor_23_3_Freq250_uid117' [/home/joe/Desktop/Uni/Year_4/Dissertation/Program-Synthesis-for-Efficient-ML/results/FLOPOCO/solution_fp32multiplication_flopoco/verilog_out/fp32_mul_flopoco.vhd:5690]
INFO: [Synth 8-3491] module 'Compressor_3_2_Freq250_uid121' declared at '/home/joe/Desktop/Uni/Year_4/Dissertation/Program-Synthesis-for-Efficient-ML/results/FLOPOCO/solution_fp32multiplication_flopoco/verilog_out/fp32_mul_flopoco.vhd:1738' bound to instance 'Compressor_3_2_Freq250_uid121_uid200' of component 'Compressor_3_2_Freq250_uid121' [/home/joe/Desktop/Uni/Year_4/Dissertation/Program-Synthesis-for-Efficient-ML/results/FLOPOCO/solution_fp32multiplication_flopoco/verilog_out/fp32_mul_flopoco.vhd:5700]
INFO: [Synth 8-3491] module 'Compressor_14_3_Freq250_uid125' declared at '/home/joe/Desktop/Uni/Year_4/Dissertation/Program-Synthesis-for-Efficient-ML/results/FLOPOCO/solution_fp32multiplication_flopoco/verilog_out/fp32_mul_flopoco.vhd:1783' bound to instance 'Compressor_14_3_Freq250_uid125_uid202' of component 'Compressor_14_3_Freq250_uid125' [/home/joe/Desktop/Uni/Year_4/Dissertation/Program-Synthesis-for-Efficient-ML/results/FLOPOCO/solution_fp32multiplication_flopoco/verilog_out/fp32_mul_flopoco.vhd:5711]
INFO: [Synth 8-3491] module 'Compressor_3_2_Freq250_uid121' declared at '/home/joe/Desktop/Uni/Year_4/Dissertation/Program-Synthesis-for-Efficient-ML/results/FLOPOCO/solution_fp32multiplication_flopoco/verilog_out/fp32_mul_flopoco.vhd:1738' bound to instance 'Compressor_3_2_Freq250_uid121_uid204' of component 'Compressor_3_2_Freq250_uid121' [/home/joe/Desktop/Uni/Year_4/Dissertation/Program-Synthesis-for-Efficient-ML/results/FLOPOCO/solution_fp32multiplication_flopoco/verilog_out/fp32_mul_flopoco.vhd:5721]
INFO: [Synth 8-3491] module 'Compressor_23_3_Freq250_uid117' declared at '/home/joe/Desktop/Uni/Year_4/Dissertation/Program-Synthesis-for-Efficient-ML/results/FLOPOCO/solution_fp32multiplication_flopoco/verilog_out/fp32_mul_flopoco.vhd:1688' bound to instance 'Compressor_23_3_Freq250_uid117_uid206' of component 'Compressor_23_3_Freq250_uid117' [/home/joe/Desktop/Uni/Year_4/Dissertation/Program-Synthesis-for-Efficient-ML/results/FLOPOCO/solution_fp32multiplication_flopoco/verilog_out/fp32_mul_flopoco.vhd:5732]
INFO: [Synth 8-3491] module 'Compressor_23_3_Freq250_uid117' declared at '/home/joe/Desktop/Uni/Year_4/Dissertation/Program-Synthesis-for-Efficient-ML/results/FLOPOCO/solution_fp32multiplication_flopoco/verilog_out/fp32_mul_flopoco.vhd:1688' bound to instance 'Compressor_23_3_Freq250_uid117_uid208' of component 'Compressor_23_3_Freq250_uid117' [/home/joe/Desktop/Uni/Year_4/Dissertation/Program-Synthesis-for-Efficient-ML/results/FLOPOCO/solution_fp32multiplication_flopoco/verilog_out/fp32_mul_flopoco.vhd:5744]
INFO: [Synth 8-3491] module 'Compressor_14_3_Freq250_uid125' declared at '/home/joe/Desktop/Uni/Year_4/Dissertation/Program-Synthesis-for-Efficient-ML/results/FLOPOCO/solution_fp32multiplication_flopoco/verilog_out/fp32_mul_flopoco.vhd:1783' bound to instance 'Compressor_14_3_Freq250_uid125_uid210' of component 'Compressor_14_3_Freq250_uid125' [/home/joe/Desktop/Uni/Year_4/Dissertation/Program-Synthesis-for-Efficient-ML/results/FLOPOCO/solution_fp32multiplication_flopoco/verilog_out/fp32_mul_flopoco.vhd:5756]
INFO: [Synth 8-3491] module 'Compressor_23_3_Freq250_uid117' declared at '/home/joe/Desktop/Uni/Year_4/Dissertation/Program-Synthesis-for-Efficient-ML/results/FLOPOCO/solution_fp32multiplication_flopoco/verilog_out/fp32_mul_flopoco.vhd:1688' bound to instance 'Compressor_23_3_Freq250_uid117_uid212' of component 'Compressor_23_3_Freq250_uid117' [/home/joe/Desktop/Uni/Year_4/Dissertation/Program-Synthesis-for-Efficient-ML/results/FLOPOCO/solution_fp32multiplication_flopoco/verilog_out/fp32_mul_flopoco.vhd:5768]
INFO: [Synth 8-3491] module 'Compressor_23_3_Freq250_uid117' declared at '/home/joe/Desktop/Uni/Year_4/Dissertation/Program-Synthesis-for-Efficient-ML/results/FLOPOCO/solution_fp32multiplication_flopoco/verilog_out/fp32_mul_flopoco.vhd:1688' bound to instance 'Compressor_23_3_Freq250_uid117_uid214' of component 'Compressor_23_3_Freq250_uid117' [/home/joe/Desktop/Uni/Year_4/Dissertation/Program-Synthesis-for-Efficient-ML/results/FLOPOCO/solution_fp32multiplication_flopoco/verilog_out/fp32_mul_flopoco.vhd:5780]
INFO: [Synth 8-3491] module 'Compressor_23_3_Freq250_uid117' declared at '/home/joe/Desktop/Uni/Year_4/Dissertation/Program-Synthesis-for-Efficient-ML/results/FLOPOCO/solution_fp32multiplication_flopoco/verilog_out/fp32_mul_flopoco.vhd:1688' bound to instance 'Compressor_23_3_Freq250_uid117_uid216' of component 'Compressor_23_3_Freq250_uid117' [/home/joe/Desktop/Uni/Year_4/Dissertation/Program-Synthesis-for-Efficient-ML/results/FLOPOCO/solution_fp32multiplication_flopoco/verilog_out/fp32_mul_flopoco.vhd:5792]
INFO: [Synth 8-3491] module 'Compressor_23_3_Freq250_uid117' declared at '/home/joe/Desktop/Uni/Year_4/Dissertation/Program-Synthesis-for-Efficient-ML/results/FLOPOCO/solution_fp32multiplication_flopoco/verilog_out/fp32_mul_flopoco.vhd:1688' bound to instance 'Compressor_23_3_Freq250_uid117_uid218' of component 'Compressor_23_3_Freq250_uid117' [/home/joe/Desktop/Uni/Year_4/Dissertation/Program-Synthesis-for-Efficient-ML/results/FLOPOCO/solution_fp32multiplication_flopoco/verilog_out/fp32_mul_flopoco.vhd:5804]
INFO: [Synth 8-3491] module 'Compressor_23_3_Freq250_uid117' declared at '/home/joe/Desktop/Uni/Year_4/Dissertation/Program-Synthesis-for-Efficient-ML/results/FLOPOCO/solution_fp32multiplication_flopoco/verilog_out/fp32_mul_flopoco.vhd:1688' bound to instance 'Compressor_23_3_Freq250_uid117_uid220' of component 'Compressor_23_3_Freq250_uid117' [/home/joe/Desktop/Uni/Year_4/Dissertation/Program-Synthesis-for-Efficient-ML/results/FLOPOCO/solution_fp32multiplication_flopoco/verilog_out/fp32_mul_flopoco.vhd:5816]
INFO: [Synth 8-3491] module 'Compressor_23_3_Freq250_uid117' declared at '/home/joe/Desktop/Uni/Year_4/Dissertation/Program-Synthesis-for-Efficient-ML/results/FLOPOCO/solution_fp32multiplication_flopoco/verilog_out/fp32_mul_flopoco.vhd:1688' bound to instance 'Compressor_23_3_Freq250_uid117_uid222' of component 'Compressor_23_3_Freq250_uid117' [/home/joe/Desktop/Uni/Year_4/Dissertation/Program-Synthesis-for-Efficient-ML/results/FLOPOCO/solution_fp32multiplication_flopoco/verilog_out/fp32_mul_flopoco.vhd:5828]
INFO: [Synth 8-3491] module 'Compressor_23_3_Freq250_uid117' declared at '/home/joe/Desktop/Uni/Year_4/Dissertation/Program-Synthesis-for-Efficient-ML/results/FLOPOCO/solution_fp32multiplication_flopoco/verilog_out/fp32_mul_flopoco.vhd:1688' bound to instance 'Compressor_23_3_Freq250_uid117_uid224' of component 'Compressor_23_3_Freq250_uid117' [/home/joe/Desktop/Uni/Year_4/Dissertation/Program-Synthesis-for-Efficient-ML/results/FLOPOCO/solution_fp32multiplication_flopoco/verilog_out/fp32_mul_flopoco.vhd:5840]
INFO: [Synth 8-3491] module 'Compressor_23_3_Freq250_uid117' declared at '/home/joe/Desktop/Uni/Year_4/Dissertation/Program-Synthesis-for-Efficient-ML/results/FLOPOCO/solution_fp32multiplication_flopoco/verilog_out/fp32_mul_flopoco.vhd:1688' bound to instance 'Compressor_23_3_Freq250_uid117_uid226' of component 'Compressor_23_3_Freq250_uid117' [/home/joe/Desktop/Uni/Year_4/Dissertation/Program-Synthesis-for-Efficient-ML/results/FLOPOCO/solution_fp32multiplication_flopoco/verilog_out/fp32_mul_flopoco.vhd:5852]
INFO: [Synth 8-3491] module 'Compressor_23_3_Freq250_uid117' declared at '/home/joe/Desktop/Uni/Year_4/Dissertation/Program-Synthesis-for-Efficient-ML/results/FLOPOCO/solution_fp32multiplication_flopoco/verilog_out/fp32_mul_flopoco.vhd:1688' bound to instance 'Compressor_23_3_Freq250_uid117_uid228' of component 'Compressor_23_3_Freq250_uid117' [/home/joe/Desktop/Uni/Year_4/Dissertation/Program-Synthesis-for-Efficient-ML/results/FLOPOCO/solution_fp32multiplication_flopoco/verilog_out/fp32_mul_flopoco.vhd:5864]
INFO: [Common 17-14] Message 'Synth 8-3491' appears 100 times and further instances of the messages will be disabled. Use the Tcl command set_msg_config to change the current settings.
INFO: [Synth 8-638] synthesizing module 'IntAdder_41_Freq250_uid243' [/home/joe/Desktop/Uni/Year_4/Dissertation/Program-Synthesis-for-Efficient-ML/results/FLOPOCO/solution_fp32multiplication_flopoco/verilog_out/fp32_mul_flopoco.vhd:3236]
INFO: [Synth 8-256] done synthesizing module 'IntAdder_41_Freq250_uid243' (0#1) [/home/joe/Desktop/Uni/Year_4/Dissertation/Program-Synthesis-for-Efficient-ML/results/FLOPOCO/solution_fp32multiplication_flopoco/verilog_out/fp32_mul_flopoco.vhd:3236]
INFO: [Synth 8-256] done synthesizing module 'IntMultiplier_24x24_48_Freq250_uid5' (0#1) [/home/joe/Desktop/Uni/Year_4/Dissertation/Program-Synthesis-for-Efficient-ML/results/FLOPOCO/solution_fp32multiplication_flopoco/verilog_out/fp32_mul_flopoco.vhd:3287]
INFO: [Synth 8-638] synthesizing module 'IntAdder_33_Freq250_uid246' [/home/joe/Desktop/Uni/Year_4/Dissertation/Program-Synthesis-for-Efficient-ML/results/FLOPOCO/solution_fp32multiplication_flopoco/verilog_out/fp32_mul_flopoco.vhd:5983]
INFO: [Synth 8-256] done synthesizing module 'IntAdder_33_Freq250_uid246' (0#1) [/home/joe/Desktop/Uni/Year_4/Dissertation/Program-Synthesis-for-Efficient-ML/results/FLOPOCO/solution_fp32multiplication_flopoco/verilog_out/fp32_mul_flopoco.vhd:5983]
INFO: [Synth 8-226] default block is never used [/home/joe/Desktop/Uni/Year_4/Dissertation/Program-Synthesis-for-Efficient-ML/results/FLOPOCO/solution_fp32multiplication_flopoco/verilog_out/fp32_mul_flopoco.vhd:6147]
INFO: [Synth 8-256] done synthesizing module 'fp32_mul_flopoco' (0#1) [/home/joe/Desktop/Uni/Year_4/Dissertation/Program-Synthesis-for-Efficient-ML/results/FLOPOCO/solution_fp32multiplication_flopoco/verilog_out/fp32_mul_flopoco.vhd:6043]
INFO: [Synth 8-256] done synthesizing module 'fp32_full_mul_flopoco' (0#1) [/home/joe/Desktop/Uni/Year_4/Dissertation/Program-Synthesis-for-Efficient-ML/results/FLOPOCO/solution_fp32multiplication_flopoco/verilog_out/fp32_full_mul_flopoco.vhd:19]
WARNING: [Synth 8-3936] Found unconnected internal register 'X_1_d1_reg' and it is trimmed from '34' to '33' bits. [/home/joe/Desktop/Uni/Year_4/Dissertation/Program-Synthesis-for-Efficient-ML/results/FLOPOCO/solution_fp32multiplication_flopoco/verilog_out/fp32_mul_flopoco.vhd:5999]
WARNING: [Synth 8-3936] Found unconnected internal register 'Y_1_d2_reg' and it is trimmed from '34' to '33' bits. [/home/joe/Desktop/Uni/Year_4/Dissertation/Program-Synthesis-for-Efficient-ML/results/FLOPOCO/solution_fp32multiplication_flopoco/verilog_out/fp32_mul_flopoco.vhd:6001]
WARNING: [Synth 8-3936] Found unconnected internal register 'Y_1_d1_reg' and it is trimmed from '34' to '33' bits. [/home/joe/Desktop/Uni/Year_4/Dissertation/Program-Synthesis-for-Efficient-ML/results/FLOPOCO/solution_fp32multiplication_flopoco/verilog_out/fp32_mul_flopoco.vhd:6000]
WARNING: [Synth 8-3917] design fp32_full_mul_flopoco has port ap_idle driven by constant 1
WARNING: [Synth 8-3917] design fp32_full_mul_flopoco has port ap_ready driven by constant 1
WARNING: [Synth 8-7129] Port clk in module IntMultiplierLUT_2x1_Freq250_uid114 is either unconnected or has no load
WARNING: [Synth 8-7129] Port clk in module IntMultiplierLUT_2x1_Freq250_uid112 is either unconnected or has no load
WARNING: [Synth 8-7129] Port clk in module IntMultiplierLUT_3x3_Freq250_uid107 is either unconnected or has no load
WARNING: [Synth 8-7129] Port clk in module IntMultiplierLUT_2x1_Freq250_uid105 is either unconnected or has no load
WARNING: [Synth 8-7129] Port clk in module IntMultiplierLUT_2x1_Freq250_uid103 is either unconnected or has no load
WARNING: [Synth 8-7129] Port clk in module IntMultiplierLUT_3x3_Freq250_uid98 is either unconnected or has no load
WARNING: [Synth 8-7129] Port clk in module IntMultiplierLUT_3x3_Freq250_uid93 is either unconnected or has no load
WARNING: [Synth 8-7129] Port clk in module IntMultiplierLUT_2x1_Freq250_uid91 is either unconnected or has no load
WARNING: [Synth 8-7129] Port clk in module IntMultiplierLUT_3x3_Freq250_uid86 is either unconnected or has no load
WARNING: [Synth 8-7129] Port clk in module IntMultiplierLUT_3x3_Freq250_uid81 is either unconnected or has no load
WARNING: [Synth 8-7129] Port clk in module IntMultiplierLUT_2x1_Freq250_uid79 is either unconnected or has no load
WARNING: [Synth 8-7129] Port clk in module IntMultiplierLUT_2x1_Freq250_uid77 is either unconnected or has no load
WARNING: [Synth 8-7129] Port clk in module IntMultiplierLUT_3x3_Freq250_uid72 is either unconnected or has no load
WARNING: [Synth 8-7129] Port clk in module IntMultiplierLUT_3x3_Freq250_uid67 is either unconnected or has no load
WARNING: [Synth 8-7129] Port clk in module IntMultiplierLUT_2x1_Freq250_uid65 is either unconnected or has no load
WARNING: [Synth 8-7129] Port clk in module IntMultiplierLUT_3x3_Freq250_uid60 is either unconnected or has no load
WARNING: [Synth 8-7129] Port clk in module IntMultiplierLUT_3x3_Freq250_uid55 is either unconnected or has no load
WARNING: [Synth 8-7129] Port clk in module IntMultiplierLUT_2x1_Freq250_uid53 is either unconnected or has no load
WARNING: [Synth 8-7129] Port clk in module IntMultiplierLUT_2x1_Freq250_uid51 is either unconnected or has no load
WARNING: [Synth 8-7129] Port clk in module IntMultiplierLUT_3x3_Freq250_uid46 is either unconnected or has no load
WARNING: [Synth 8-7129] Port clk in module IntMultiplierLUT_3x3_Freq250_uid41 is either unconnected or has no load
WARNING: [Synth 8-7129] Port clk in module IntMultiplierLUT_2x1_Freq250_uid39 is either unconnected or has no load
WARNING: [Synth 8-7129] Port clk in module IntMultiplierLUT_3x3_Freq250_uid34 is either unconnected or has no load
WARNING: [Synth 8-7129] Port clk in module IntMultiplierLUT_3x3_Freq250_uid29 is either unconnected or has no load
WARNING: [Synth 8-7129] Port clk in module IntMultiplierLUT_2x1_Freq250_uid27 is either unconnected or has no load
WARNING: [Synth 8-7129] Port clk in module IntMultiplierLUT_3x3_Freq250_uid22 is either unconnected or has no load
WARNING: [Synth 8-7129] Port clk in module IntMultiplierLUT_3x3_Freq250_uid17 is either unconnected or has no load
WARNING: [Synth 8-7129] Port clk in module IntMultiplierLUT_3x3_Freq250_uid12 is either unconnected or has no load
WARNING: [Synth 8-7129] Port clk in module DSPBlock_24x17_Freq250_uid10 is either unconnected or has no load
---------------------------------------------------------------------------------
Finished Synthesize : Time (s): cpu = 00:00:05 ; elapsed = 00:00:05 . Memory (MB): peak = 2030.848 ; gain = 501.047 ; free physical = 1071 ; free virtual = 6696
---------------------------------------------------------------------------------
---------------------------------------------------------------------------------
Finished Constraint Validation : Time (s): cpu = 00:00:06 ; elapsed = 00:00:06 . Memory (MB): peak = 2048.660 ; gain = 518.859 ; free physical = 1082 ; free virtual = 6707
---------------------------------------------------------------------------------
---------------------------------------------------------------------------------
Start Loading Part and Timing Information
---------------------------------------------------------------------------------
Loading part: xc7z020clg400-1
INFO: [Device 21-403] Loading part xc7z020clg400-1
---------------------------------------------------------------------------------
Finished Loading Part and Timing Information : Time (s): cpu = 00:00:06 ; elapsed = 00:00:06 . Memory (MB): peak = 2048.660 ; gain = 518.859 ; free physical = 1080 ; free virtual = 6706
---------------------------------------------------------------------------------
---------------------------------------------------------------------------------
Finished RTL Optimization Phase 2 : Time (s): cpu = 00:00:06 ; elapsed = 00:00:06 . Memory (MB): peak = 2064.676 ; gain = 534.875 ; free physical = 1042 ; free virtual = 6669
---------------------------------------------------------------------------------
No constraint files found.
---------------------------------------------------------------------------------
Start RTL Component Statistics 
---------------------------------------------------------------------------------
Detailed RTL Component Info : 
+---Adders : 
	   3 Input   41 Bit       Adders := 1     
	   3 Input   33 Bit       Adders := 1     
	   3 Input   10 Bit       Adders := 1     
	   2 Input   10 Bit       Adders := 1     
+---XORs : 
	   2 Input      1 Bit         XORs := 1     
+---Registers : 
	               41 Bit    Registers := 2     
	               33 Bit    Registers := 3     
	               10 Bit    Registers := 1     
	                7 Bit    Registers := 1     
	                3 Bit    Registers := 1     
	                2 Bit    Registers := 2     
	                1 Bit    Registers := 4     
+---Muxes : 
	   2 Input   48 Bit        Muxes := 1     
	   4 Input   32 Bit        Muxes := 1     
	   7 Input    3 Bit        Muxes := 8     
	   4 Input    2 Bit        Muxes := 10    
---------------------------------------------------------------------------------
Finished RTL Component Statistics 
---------------------------------------------------------------------------------
---------------------------------------------------------------------------------
Start Part Resource Summary
---------------------------------------------------------------------------------
Part Resources:
DSPs: 220 (col length:60)
BRAMs: 280 (col length: RAMB18 60 RAMB36 30)
---------------------------------------------------------------------------------
Finished Part Resource Summary
---------------------------------------------------------------------------------
No constraint files found.
WARNING: [Synth 8-7080] Parallel synthesis criteria is not met
---------------------------------------------------------------------------------
Start Cross Boundary Optimization
---------------------------------------------------------------------------------
DSP Report: Generating DSP SignificandMultiplication/t8_tile_0/Mfull, operation Mode is: A*B.
DSP Report: operator SignificandMultiplication/t8_tile_0/Mfull is absorbed into DSP SignificandMultiplication/t8_tile_0/Mfull.
WARNING: [Synth 8-3917] design fp32_full_mul_flopoco has port ap_idle driven by constant 1
WARNING: [Synth 8-3917] design fp32_full_mul_flopoco has port ap_ready driven by constant 1
---------------------------------------------------------------------------------
Finished Cross Boundary Optimization : Time (s): cpu = 00:00:10 ; elapsed = 00:00:10 . Memory (MB): peak = 2203.598 ; gain = 673.797 ; free physical = 877 ; free virtual = 6512
---------------------------------------------------------------------------------
---------------------------------------------------------------------------------
Start Area Optimization
---------------------------------------------------------------------------------
---------------------------------------------------------------------------------
Finished Area Optimization : Time (s): cpu = 00:00:17 ; elapsed = 00:00:17 . Memory (MB): peak = 2383.629 ; gain = 853.828 ; free physical = 691 ; free virtual = 6324
---------------------------------------------------------------------------------
 Sort Area is  SignificandMultiplication/t8_tile_0/Mfull_0 : 0 0 : 2881 2881 : Used 1 time 0
---------------------------------------------------------------------------------
Start ROM, RAM, DSP, Shift Register and Retiming Reporting
---------------------------------------------------------------------------------

ROM: Preliminary Mapping Report
+-------------------------+---------------------------------------------------+---------------+----------------+
|Module Name              | RTL Object                                        | Depth x Width | Implemented As | 
+-------------------------+---------------------------------------------------+---------------+----------------+
|MultTable_Freq250_uid14  | Y0                                                | 64x6          | LUT            | 
|MultTable_Freq250_uid19  | Y0                                                | 64x6          | LUT            | 
|MultTable_Freq250_uid24  | Y0                                                | 64x6          | LUT            | 
|MultTable_Freq250_uid31  | Y0                                                | 64x6          | LUT            | 
|MultTable_Freq250_uid36  | Y0                                                | 64x6          | LUT            | 
|MultTable_Freq250_uid43  | Y0                                                | 64x6          | LUT            | 
|MultTable_Freq250_uid48  | Y0                                                | 64x6          | LUT            | 
|MultTable_Freq250_uid57  | Y0                                                | 64x6          | LUT            | 
|MultTable_Freq250_uid62  | Y0                                                | 64x6          | LUT            | 
|MultTable_Freq250_uid69  | Y0                                                | 64x6          | LUT            | 
|MultTable_Freq250_uid74  | Y0                                                | 64x6          | LUT            | 
|MultTable_Freq250_uid83  | Y0                                                | 64x6          | LUT            | 
|MultTable_Freq250_uid88  | Y0                                                | 64x6          | LUT            | 
|MultTable_Freq250_uid95  | Y0                                                | 64x6          | LUT            | 
|MultTable_Freq250_uid100 | Y0                                                | 64x6          | LUT            | 
|MultTable_Freq250_uid109 | Y0                                                | 64x6          | LUT            | 
|fp32_mul_flopoco         | SignificandMultiplication/t8_tile_3/TableMult/Y0  | 64x6          | LUT            | 
|fp32_mul_flopoco         | SignificandMultiplication/t8_tile_2/TableMult/Y0  | 64x6          | LUT            | 
|fp32_mul_flopoco         | SignificandMultiplication/t8_tile_1/TableMult/Y0  | 64x6          | LUT            | 
|fp32_mul_flopoco         | SignificandMultiplication/t8_tile_5/TableMult/Y0  | 64x6          | LUT            | 
|fp32_mul_flopoco         | SignificandMultiplication/t8_tile_6/TableMult/Y0  | 64x6          | LUT            | 
|fp32_mul_flopoco         | SignificandMultiplication/t8_tile_26/TableMult/Y0 | 64x6          | LUT            | 
|fp32_mul_flopoco         | SignificandMultiplication/t8_tile_23/TableMult/Y0 | 64x6          | LUT            | 
|fp32_mul_flopoco         | SignificandMultiplication/t8_tile_22/TableMult/Y0 | 64x6          | LUT            | 
|fp32_mul_flopoco         | SignificandMultiplication/t8_tile_9/TableMult/Y0  | 64x6          | LUT            | 
|fp32_mul_flopoco         | SignificandMultiplication/t8_tile_8/TableMult/Y0  | 64x6          | LUT            | 
|fp32_mul_flopoco         | SignificandMultiplication/t8_tile_20/TableMult/Y0 | 64x6          | LUT            | 
|fp32_mul_flopoco         | SignificandMultiplication/t8_tile_19/TableMult/Y0 | 64x6          | LUT            | 
|fp32_mul_flopoco         | SignificandMultiplication/t8_tile_16/TableMult/Y0 | 64x6          | LUT            | 
|fp32_mul_flopoco         | SignificandMultiplication/t8_tile_15/TableMult/Y0 | 64x6          | LUT            | 
|fp32_mul_flopoco         | SignificandMultiplication/t8_tile_13/TableMult/Y0 | 64x6          | LUT            | 
|fp32_mul_flopoco         | SignificandMultiplication/t8_tile_12/TableMult/Y0 | 64x6          | LUT            | 
+-------------------------+---------------------------------------------------+---------------+----------------+


DSP: Preliminary Mapping Report (see note below. The ' indicates corresponding REG is set)
+-----------------------------+-------------+--------+--------+--------+--------+--------+------+------+------+------+-------+------+------+
|Module Name                  | DSP Mapping | A Size | B Size | C Size | D Size | P Size | AREG | BREG | CREG | DREG | ADREG | MREG | PREG | 
+-----------------------------+-------------+--------+--------+--------+--------+--------+------+------+------+------+-------+------+------+
|DSPBlock_24x17_Freq250_uid10 | A*B         | 24     | 17     | -      | -      | 41     | 0    | 0    | -    | -    | -     | 0    | 0    | 
+-----------------------------+-------------+--------+--------+--------+--------+--------+------+------+------+------+-------+------+------+

Note: The table above is a preliminary report that shows the DSPs inferred at the current stage of the synthesis flow. Some DSP may be reimplemented as non DSP primitives later in the synthesis flow. Multiple instantiated DSPs are reported only once.
---------------------------------------------------------------------------------
Finished ROM, RAM, DSP, Shift Register and Retiming Reporting
---------------------------------------------------------------------------------
No constraint files found.
---------------------------------------------------------------------------------
Start Timing Optimization
---------------------------------------------------------------------------------
---------------------------------------------------------------------------------
Finished Timing Optimization : Time (s): cpu = 00:00:17 ; elapsed = 00:00:17 . Memory (MB): peak = 2383.629 ; gain = 853.828 ; free physical = 684 ; free virtual = 6317
---------------------------------------------------------------------------------
---------------------------------------------------------------------------------
Start Technology Mapping
---------------------------------------------------------------------------------
---------------------------------------------------------------------------------
Finished Technology Mapping : Time (s): cpu = 00:00:17 ; elapsed = 00:00:17 . Memory (MB): peak = 2383.629 ; gain = 853.828 ; free physical = 685 ; free virtual = 6318
---------------------------------------------------------------------------------
---------------------------------------------------------------------------------
Start IO Insertion
---------------------------------------------------------------------------------
---------------------------------------------------------------------------------
Start Flattening Before IO Insertion
---------------------------------------------------------------------------------
---------------------------------------------------------------------------------
Finished Flattening Before IO Insertion
---------------------------------------------------------------------------------
---------------------------------------------------------------------------------
Start Final Netlist Cleanup
---------------------------------------------------------------------------------
---------------------------------------------------------------------------------
Finished Final Netlist Cleanup
---------------------------------------------------------------------------------
---------------------------------------------------------------------------------
Finished IO Insertion : Time (s): cpu = 00:00:22 ; elapsed = 00:00:22 . Memory (MB): peak = 2386.598 ; gain = 856.797 ; free physical = 686 ; free virtual = 6338
---------------------------------------------------------------------------------
---------------------------------------------------------------------------------
Start Renaming Generated Instances
---------------------------------------------------------------------------------
---------------------------------------------------------------------------------
Finished Renaming Generated Instances : Time (s): cpu = 00:00:22 ; elapsed = 00:00:22 . Memory (MB): peak = 2386.598 ; gain = 856.797 ; free physical = 686 ; free virtual = 6338
---------------------------------------------------------------------------------
---------------------------------------------------------------------------------
Start Rebuilding User Hierarchy
---------------------------------------------------------------------------------
---------------------------------------------------------------------------------
Finished Rebuilding User Hierarchy : Time (s): cpu = 00:00:22 ; elapsed = 00:00:22 . Memory (MB): peak = 2386.598 ; gain = 856.797 ; free physical = 686 ; free virtual = 6338
---------------------------------------------------------------------------------
---------------------------------------------------------------------------------
Start Renaming Generated Ports
---------------------------------------------------------------------------------
---------------------------------------------------------------------------------
Finished Renaming Generated Ports : Time (s): cpu = 00:00:22 ; elapsed = 00:00:22 . Memory (MB): peak = 2386.598 ; gain = 856.797 ; free physical = 685 ; free virtual = 6337
---------------------------------------------------------------------------------
---------------------------------------------------------------------------------
Start Handling Custom Attributes
---------------------------------------------------------------------------------
---------------------------------------------------------------------------------
Finished Handling Custom Attributes : Time (s): cpu = 00:00:22 ; elapsed = 00:00:22 . Memory (MB): peak = 2386.598 ; gain = 856.797 ; free physical = 684 ; free virtual = 6336
---------------------------------------------------------------------------------
---------------------------------------------------------------------------------
Start Renaming Generated Nets
---------------------------------------------------------------------------------
---------------------------------------------------------------------------------
Finished Renaming Generated Nets : Time (s): cpu = 00:00:22 ; elapsed = 00:00:22 . Memory (MB): peak = 2386.598 ; gain = 856.797 ; free physical = 684 ; free virtual = 6336
---------------------------------------------------------------------------------
---------------------------------------------------------------------------------
Start Writing Synthesis Report
---------------------------------------------------------------------------------

DSP Final Report (the ' indicates corresponding REG is set)
+-----------------------------+-------------+--------+--------+--------+--------+--------+------+------+------+------+-------+------+------+
|Module Name                  | DSP Mapping | A Size | B Size | C Size | D Size | P Size | AREG | BREG | CREG | DREG | ADREG | MREG | PREG | 
+-----------------------------+-------------+--------+--------+--------+--------+--------+------+------+------+------+-------+------+------+
|DSPBlock_24x17_Freq250_uid10 | A*B         | 24     | 17     | -      | -      | 41     | 0    | 0    | -    | -    | -     | 0    | 0    | 
+-----------------------------+-------------+--------+--------+--------+--------+--------+------+------+------+------+-------+------+------+


Report BlackBoxes: 
+-+--------------+----------+
| |BlackBox name |Instances |
+-+--------------+----------+
+-+--------------+----------+

Report Cell Usage: 
+------+--------+------+
|      |Cell    |Count |
+------+--------+------+
|1     |BUFG    |     1|
|2     |CARRY4  |    23|
|3     |DSP48E1 |     1|
|4     |LUT1    |     2|
|5     |LUT2    |    63|
|6     |LUT3    |    70|
|7     |LUT4    |    55|
|8     |LUT5    |    82|
|9     |LUT6    |   172|
|10    |FDRE    |   116|
|11    |IBUF    |    67|
|12    |OBUF    |    35|
+------+--------+------+

Report Instance Areas: 
+------+------------------------------+------------------------------------+------+
|      |Instance                      |Module                              |Cells |
+------+------------------------------+------------------------------------+------+
|1     |top                           |                                    |   687|
|2     |  u_fp32_mul_flopoco          |fp32_mul_flopoco                    |   581|
|3     |    RoundingAdder             |IntAdder_33_Freq250_uid246          |    75|
|4     |    SignificandMultiplication |IntMultiplier_24x24_48_Freq250_uid5 |   464|
|5     |      bitheapFinalAdd_bh7     |IntAdder_41_Freq250_uid243          |   294|
|6     |      t8_tile_0               |DSPBlock_24x17_Freq250_uid10        |   155|
+------+------------------------------+------------------------------------+------+
---------------------------------------------------------------------------------
Finished Writing Synthesis Report : Time (s): cpu = 00:00:22 ; elapsed = 00:00:22 . Memory (MB): peak = 2386.598 ; gain = 856.797 ; free physical = 687 ; free virtual = 6339
---------------------------------------------------------------------------------
Synthesis finished with 0 errors, 0 critical warnings and 37 warnings.
Synthesis Optimization Runtime : Time (s): cpu = 00:00:22 ; elapsed = 00:00:22 . Memory (MB): peak = 2386.598 ; gain = 856.797 ; free physical = 686 ; free virtual = 6338
Synthesis Optimization Complete : Time (s): cpu = 00:00:22 ; elapsed = 00:00:22 . Memory (MB): peak = 2386.598 ; gain = 856.797 ; free physical = 689 ; free virtual = 6341
INFO: [Project 1-571] Translating synthesized netlist
Netlist sorting complete. Time (s): cpu = 00:00:00 ; elapsed = 00:00:00.01 . Memory (MB): peak = 2402.441 ; gain = 0.000 ; free physical = 670 ; free virtual = 6322
INFO: [Netlist 29-17] Analyzing 24 Unisim elements for replacement
INFO: [Netlist 29-28] Unisim Transformation completed in 0 CPU seconds
INFO: [Project 1-570] Preparing netlist for logic optimization
INFO: [Opt 31-138] Pushed 0 inverter(s) to 0 load pin(s).
Netlist sorting complete. Time (s): cpu = 00:00:00 ; elapsed = 00:00:00 . Memory (MB): peak = 2534.055 ; gain = 0.000 ; free physical = 589 ; free virtual = 6234
INFO: [Project 1-111] Unisim Transformation Summary:
No Unisim elements were transformed.

Synth Design complete | Checksum: 9916f44e
INFO: [Common 17-83] Releasing license: Synthesis
242 Infos, 37 Warnings, 0 Critical Warnings and 0 Errors encountered.
synth_design completed successfully
synth_design: Time (s): cpu = 00:00:24 ; elapsed = 00:00:24 . Memory (MB): peak = 2534.090 ; gain = 1004.289 ; free physical = 587 ; free virtual = 6232
INFO: [Common 17-2834] synth_design peak Physical Memory [PSS] (MB): overall = 1983.027; main = 1983.027; forked = 0.000
INFO: [Common 17-2834] synth_design peak Virtual Memory [VSS] (MB): overall = 2534.059; main = 2534.059; forked = 0.000
# create_clock -name ap_clk -period 4.000 [get_ports ap_clk]
# opt_design
Command: opt_design
Attempting to get a license for feature 'Implementation' and/or device 'xc7z020'
INFO: [Common 17-349] Got license for feature 'Implementation' and/or device 'xc7z020'
Running DRC as a precondition to command opt_design

Starting DRC Task
INFO: [DRC 23-27] Running DRC with 8 threads
INFO: [Project 1-461] DRC finished with 0 Errors
INFO: [Project 1-462] Please refer to the DRC report (report_drc) for more information.

Time (s): cpu = 00:00:00.91 ; elapsed = 00:00:00.33 . Memory (MB): peak = 2606.992 ; gain = 72.902 ; free physical = 588 ; free virtual = 6232

Starting Cache Timing Information Task
INFO: [Timing 38-35] Done setting XDC timing constraints.
Ending Cache Timing Information Task | Checksum: 13df19f71

Time (s): cpu = 00:00:05 ; elapsed = 00:00:05 . Memory (MB): peak = 2768.039 ; gain = 161.047 ; free physical = 426 ; free virtual = 6070

Starting Logic Optimization Task

Phase 1 Initialization

Phase 1.1 Core Generation And Design Setup
Phase 1.1 Core Generation And Design Setup | Checksum: 13df19f71

Time (s): cpu = 00:00:00 ; elapsed = 00:00:00 . Memory (MB): peak = 3058.945 ; gain = 0.000 ; free physical = 345 ; free virtual = 5730

Phase 1.2 Setup Constraints And Sort Netlist
Phase 1.2 Setup Constraints And Sort Netlist | Checksum: 13df19f71

Time (s): cpu = 00:00:00 ; elapsed = 00:00:00 . Memory (MB): peak = 3058.945 ; gain = 0.000 ; free physical = 345 ; free virtual = 5730
Phase 1 Initialization | Checksum: 13df19f71

Time (s): cpu = 00:00:00 ; elapsed = 00:00:00.01 . Memory (MB): peak = 3058.945 ; gain = 0.000 ; free physical = 345 ; free virtual = 5730

Phase 2 Timer Update And Timing Data Collection

Phase 2.1 Timer Update
Phase 2.1 Timer Update | Checksum: 13df19f71

Time (s): cpu = 00:00:00.02 ; elapsed = 00:00:00.01 . Memory (MB): peak = 3058.945 ; gain = 0.000 ; free physical = 341 ; free virtual = 5726

Phase 2.2 Timing Data Collection
Phase 2.2 Timing Data Collection | Checksum: 13df19f71

Time (s): cpu = 00:00:00.03 ; elapsed = 00:00:00.02 . Memory (MB): peak = 3058.945 ; gain = 0.000 ; free physical = 341 ; free virtual = 5726
Phase 2 Timer Update And Timing Data Collection | Checksum: 13df19f71

Time (s): cpu = 00:00:00.03 ; elapsed = 00:00:00.02 . Memory (MB): peak = 3058.945 ; gain = 0.000 ; free physical = 341 ; free virtual = 5726

Phase 3 Retarget
INFO: [Opt 31-1851] Number of loadless carry chains removed were: 0
INFO: [Opt 31-1834] Total Chains To Be Transformed Were: 0 AND Number of Transformed insts Created are: 0
INFO: [Opt 31-138] Pushed 0 inverter(s) to 0 load pin(s).
INFO: [Opt 31-49] Retargeted 0 cell(s).
Phase 3 Retarget | Checksum: 13df19f71

Time (s): cpu = 00:00:00.04 ; elapsed = 00:00:00.03 . Memory (MB): peak = 3058.945 ; gain = 0.000 ; free physical = 341 ; free virtual = 5725
Retarget | Checksum: 13df19f71
INFO: [Opt 31-389] Phase Retarget created 0 cells and removed 0 cells

Phase 4 Constant propagation
INFO: [Opt 31-138] Pushed 0 inverter(s) to 0 load pin(s).
Phase 4 Constant propagation | Checksum: 13df19f71

Time (s): cpu = 00:00:00.05 ; elapsed = 00:00:00.04 . Memory (MB): peak = 3058.945 ; gain = 0.000 ; free physical = 341 ; free virtual = 5725
Constant propagation | Checksum: 13df19f71
INFO: [Opt 31-389] Phase Constant propagation created 0 cells and removed 0 cells

Phase 5 Sweep
INFO: [Constraints 18-11670] Building netlist checker database with flags, 0x8
Done building netlist checker database: Time (s): cpu = 00:00:00 ; elapsed = 00:00:00 . Memory (MB): peak = 3058.945 ; gain = 0.000 ; free physical = 341 ; free virtual = 5725
Phase 5 Sweep | Checksum: c3550a69

Time (s): cpu = 00:00:00.05 ; elapsed = 00:00:00.04 . Memory (MB): peak = 3058.945 ; gain = 0.000 ; free physical = 341 ; free virtual = 5725
Sweep | Checksum: c3550a69
INFO: [Opt 31-389] Phase Sweep created 0 cells and removed 0 cells

Phase 6 BUFG optimization
Phase 6 BUFG optimization | Checksum: c3550a69

Time (s): cpu = 00:00:00.07 ; elapsed = 00:00:00.05 . Memory (MB): peak = 3090.961 ; gain = 32.016 ; free physical = 340 ; free virtual = 5725
BUFG optimization | Checksum: c3550a69
INFO: [Opt 31-662] Phase BUFG optimization created 0 cells of which 0 are BUFGs and removed 0 cells.

Phase 7 Shift Register Optimization
INFO: [Opt 31-1064] SRL Remap converted 0 SRLs to 0 registers and converted 0 registers of register chains to 0 SRLs
Phase 7 Shift Register Optimization | Checksum: c3550a69

Time (s): cpu = 00:00:00.07 ; elapsed = 00:00:00.05 . Memory (MB): peak = 3090.961 ; gain = 32.016 ; free physical = 340 ; free virtual = 5725
Shift Register Optimization | Checksum: c3550a69
INFO: [Opt 31-389] Phase Shift Register Optimization created 0 cells and removed 0 cells

Phase 8 Post Processing Netlist
Phase 8 Post Processing Netlist | Checksum: c3550a69

Time (s): cpu = 00:00:00.07 ; elapsed = 00:00:00.06 . Memory (MB): peak = 3090.961 ; gain = 32.016 ; free physical = 340 ; free virtual = 5725
Post Processing Netlist | Checksum: c3550a69
INFO: [Opt 31-389] Phase Post Processing Netlist created 0 cells and removed 0 cells

Phase 9 Finalization

Phase 9.1 Finalizing Design Cores and Updating Shapes
Phase 9.1 Finalizing Design Cores and Updating Shapes | Checksum: 1039d4218

Time (s): cpu = 00:00:00.08 ; elapsed = 00:00:00.06 . Memory (MB): peak = 3090.961 ; gain = 32.016 ; free physical = 340 ; free virtual = 5725

Phase 9.2 Verifying Netlist Connectivity

Starting Connectivity Check Task

Time (s): cpu = 00:00:00 ; elapsed = 00:00:00.01 . Memory (MB): peak = 3090.961 ; gain = 0.000 ; free physical = 340 ; free virtual = 5725
Phase 9.2 Verifying Netlist Connectivity | Checksum: 1039d4218

Time (s): cpu = 00:00:00.08 ; elapsed = 00:00:00.07 . Memory (MB): peak = 3090.961 ; gain = 32.016 ; free physical = 340 ; free virtual = 5725
Phase 9 Finalization | Checksum: 1039d4218

Time (s): cpu = 00:00:00.08 ; elapsed = 00:00:00.07 . Memory (MB): peak = 3090.961 ; gain = 32.016 ; free physical = 340 ; free virtual = 5725
Opt_design Change Summary
=========================


-------------------------------------------------------------------------------------------------------------------------
|  Phase                        |  #Cells created  |  #Cells Removed  |  #Constrained objects preventing optimizations  |
-------------------------------------------------------------------------------------------------------------------------
|  Retarget                     |               0  |               0  |                                              0  |
|  Constant propagation         |               0  |               0  |                                              0  |
|  Sweep                        |               0  |               0  |                                              0  |
|  BUFG optimization            |               0  |               0  |                                              0  |
|  Shift Register Optimization  |               0  |               0  |                                              0  |
|  Post Processing Netlist      |               0  |               0  |                                              0  |
-------------------------------------------------------------------------------------------------------------------------


Ending Logic Optimization Task | Checksum: 1039d4218

Time (s): cpu = 00:00:00.08 ; elapsed = 00:00:00.07 . Memory (MB): peak = 3090.961 ; gain = 32.016 ; free physical = 341 ; free virtual = 5725

Starting Power Optimization Task
INFO: [Pwropt 34-132] Skipping clock gating for clocks with a period < 2.00 ns.
Ending Power Optimization Task | Checksum: 1039d4218

Time (s): cpu = 00:00:00 ; elapsed = 00:00:00 . Memory (MB): peak = 3090.961 ; gain = 0.000 ; free physical = 340 ; free virtual = 5725

Starting Final Cleanup Task
Ending Final Cleanup Task | Checksum: 1039d4218

Time (s): cpu = 00:00:00 ; elapsed = 00:00:00 . Memory (MB): peak = 3090.961 ; gain = 0.000 ; free physical = 340 ; free virtual = 5725

Starting Netlist Obfuscation Task
Netlist sorting complete. Time (s): cpu = 00:00:00 ; elapsed = 00:00:00 . Memory (MB): peak = 3090.961 ; gain = 0.000 ; free physical = 340 ; free virtual = 5725
Ending Netlist Obfuscation Task | Checksum: 1039d4218

Time (s): cpu = 00:00:00 ; elapsed = 00:00:00 . Memory (MB): peak = 3090.961 ; gain = 0.000 ; free physical = 340 ; free virtual = 5725
INFO: [Common 17-83] Releasing license: Implementation
20 Infos, 0 Warnings, 0 Critical Warnings and 0 Errors encountered.
opt_design completed successfully
opt_design: Time (s): cpu = 00:00:09 ; elapsed = 00:00:09 . Memory (MB): peak = 3090.961 ; gain = 556.871 ; free physical = 340 ; free virtual = 5725
# place_design
Command: place_design
Attempting to get a license for feature 'Implementation' and/or device 'xc7z020'
INFO: [Common 17-349] Got license for feature 'Implementation' and/or device 'xc7z020'
INFO: [Common 17-83] Releasing license: Implementation
INFO: [DRC 23-27] Running DRC with 8 threads
INFO: [Vivado_Tcl 4-198] DRC finished with 0 Errors
INFO: [Vivado_Tcl 4-199] Please refer to the DRC report (report_drc) for more information.
Running DRC as a precondition to command place_design
INFO: [DRC 23-27] Running DRC with 8 threads
INFO: [Vivado_Tcl 4-198] DRC finished with 0 Errors
INFO: [Vivado_Tcl 4-199] Please refer to the DRC report (report_drc) for more information.
INFO: [Place 30-611] Multithreading enabled for place_design using a maximum of 8 CPUs

Starting Placer Task

Phase 1 Placer Initialization

Phase 1.1 Placer Initialization Netlist Sorting
Netlist sorting complete. Time (s): cpu = 00:00:00 ; elapsed = 00:00:00 . Memory (MB): peak = 3090.961 ; gain = 0.000 ; free physical = 316 ; free virtual = 5697
Phase 1.1 Placer Initialization Netlist Sorting | Checksum: fadfb194

Time (s): cpu = 00:00:00 ; elapsed = 00:00:00 . Memory (MB): peak = 3090.961 ; gain = 0.000 ; free physical = 316 ; free virtual = 5697
Netlist sorting complete. Time (s): cpu = 00:00:00 ; elapsed = 00:00:00 . Memory (MB): peak = 3090.961 ; gain = 0.000 ; free physical = 316 ; free virtual = 5697

Phase 1.2 IO Placement/ Clock Placement/ Build Placer Device
INFO: [Timing 38-35] Done setting XDC timing constraints.
Phase 1.2 IO Placement/ Clock Placement/ Build Placer Device | Checksum: dd002c56

Time (s): cpu = 00:00:00.78 ; elapsed = 00:00:00.29 . Memory (MB): peak = 3090.961 ; gain = 0.000 ; free physical = 279 ; free virtual = 5662

Phase 1.3 Build Placer Netlist Model
Phase 1.3 Build Placer Netlist Model | Checksum: 134d6d037

Time (s): cpu = 00:00:01 ; elapsed = 00:00:00.41 . Memory (MB): peak = 3130.004 ; gain = 39.043 ; free physical = 268 ; free virtual = 5652

Phase 1.4 Constrain Clocks/Macros
Phase 1.4 Constrain Clocks/Macros | Checksum: 134d6d037

Time (s): cpu = 00:00:01 ; elapsed = 00:00:00.42 . Memory (MB): peak = 3130.004 ; gain = 39.043 ; free physical = 268 ; free virtual = 5652
Phase 1 Placer Initialization | Checksum: 134d6d037

Time (s): cpu = 00:00:01 ; elapsed = 00:00:00.42 . Memory (MB): peak = 3130.004 ; gain = 39.043 ; free physical = 264 ; free virtual = 5649

Phase 2 Global Placement

Phase 2.1 Floorplanning
Phase 2.1 Floorplanning | Checksum: ef56f506

Time (s): cpu = 00:00:01 ; elapsed = 00:00:00.48 . Memory (MB): peak = 3130.004 ; gain = 39.043 ; free physical = 267 ; free virtual = 5652

Phase 2.2 Update Timing before SLR Path Opt
Phase 2.2 Update Timing before SLR Path Opt | Checksum: 1a13aec5b

Time (s): cpu = 00:00:02 ; elapsed = 00:00:00.51 . Memory (MB): peak = 3130.004 ; gain = 39.043 ; free physical = 260 ; free virtual = 5645

Phase 2.3 Post-Processing in Floorplanning
Phase 2.3 Post-Processing in Floorplanning | Checksum: e7e69d0e

Time (s): cpu = 00:00:02 ; elapsed = 00:00:00.51 . Memory (MB): peak = 3130.004 ; gain = 39.043 ; free physical = 260 ; free virtual = 5645

Phase 2.4 Global Place Phase1
Phase 2.4 Global Place Phase1 | Checksum: 128b1ad92

Time (s): cpu = 00:00:06 ; elapsed = 00:00:02 . Memory (MB): peak = 3130.004 ; gain = 39.043 ; free physical = 232 ; free virtual = 5617

Phase 2.5 Global Place Phase2

Phase 2.5.1 UpdateTiming Before Physical Synthesis
Phase 2.5.1 UpdateTiming Before Physical Synthesis | Checksum: 19530b579

Time (s): cpu = 00:00:06 ; elapsed = 00:00:02 . Memory (MB): peak = 3130.004 ; gain = 39.043 ; free physical = 285 ; free virtual = 5626

Phase 2.5.2 Physical Synthesis In Placer
INFO: [Physopt 32-1035] Found 1 LUTNM shape to break, 55 LUT instances to create LUTNM shape
INFO: [Physopt 32-1044] Break lutnm for timing: one critical 0, two critical 1, total 1, new lutff created 1
INFO: [Physopt 32-1138] End 1 Pass. Optimized 25 nets or LUTs. Breaked 1 LUT, combined 24 existing LUTs and moved 0 existing LUT
INFO: [Physopt 32-65] No nets found for high-fanout optimization.
INFO: [Physopt 32-232] Optimized 0 net. Created 0 new instance.
INFO: [Physopt 32-775] End 1 Pass. Optimized 0 net or cell. Created 0 new cell, deleted 0 existing cell and moved 0 existing cell
INFO: [Physopt 32-456] No candidate cells for DSP register optimization found in the design.
INFO: [Physopt 32-775] End 2 Pass. Optimized 0 net or cell. Created 0 new cell, deleted 0 existing cell and moved 0 existing cell
INFO: [Physopt 32-1123] No candidate cells found for Shift Register to Pipeline optimization
INFO: [Physopt 32-775] End 2 Pass. Optimized 0 net or cell. Created 0 new cell, deleted 0 existing cell and moved 0 existing cell
INFO: [Physopt 32-1401] No candidate cells found for Shift Register optimization.
INFO: [Physopt 32-677] No candidate cells for Shift Register optimization found in the design
INFO: [Physopt 32-775] End 1 Pass. Optimized 0 net or cell. Created 0 new cell, deleted 0 existing cell and moved 0 existing cell
INFO: [Physopt 32-526] No candidate cells for BRAM register optimization found in the design
INFO: [Physopt 32-775] End 1 Pass. Optimized 0 net or cell. Created 0 new cell, deleted 0 existing cell and moved 0 existing cell
INFO: [Physopt 32-846] No candidate cells for URAM register optimization found in the design
INFO: [Physopt 32-775] End 1 Pass. Optimized 0 net or cell. Created 0 new cell, deleted 0 existing cell and moved 0 existing cell
INFO: [Physopt 32-846] No candidate cells for URAM register optimization found in the design
INFO: [Physopt 32-775] End 1 Pass. Optimized 0 net or cell. Created 0 new cell, deleted 0 existing cell and moved 0 existing cell
INFO: [Physopt 32-949] No candidate nets found for dynamic/static region interface net replication
INFO: [Physopt 32-775] End 1 Pass. Optimized 0 net or cell. Created 0 new cell, deleted 0 existing cell and moved 0 existing cell
Netlist sorting complete. Time (s): cpu = 00:00:00 ; elapsed = 00:00:00 . Memory (MB): peak = 3130.004 ; gain = 0.000 ; free physical = 282 ; free virtual = 5622

Summary of Physical Synthesis Optimizations
============================================


-----------------------------------------------------------------------------------------------------------------------------------------------------------
|  Optimization                                     |  Added Cells  |  Removed Cells  |  Optimized Cells/Nets  |  Dont Touch  |  Iterations  |  Elapsed   |
-----------------------------------------------------------------------------------------------------------------------------------------------------------
|  LUT Combining                                    |            1  |             24  |                    25  |           0  |           1  |  00:00:00  |
|  Retime                                           |            0  |              0  |                     0  |           0  |           1  |  00:00:00  |
|  Very High Fanout                                 |            0  |              0  |                     0  |           0  |           1  |  00:00:00  |
|  DSP Register                                     |            0  |              0  |                     0  |           0  |           1  |  00:00:00  |
|  Shift Register to Pipeline                       |            0  |              0  |                     0  |           0  |           1  |  00:00:00  |
|  Shift Register                                   |            0  |              0  |                     0  |           0  |           1  |  00:00:00  |
|  BRAM Register                                    |            0  |              0  |                     0  |           0  |           1  |  00:00:00  |
|  URAM Register                                    |            0  |              0  |                     0  |           0  |           1  |  00:00:00  |
|  Dynamic/Static Region Interface Net Replication  |            0  |              0  |                     0  |           0  |           1  |  00:00:00  |
|  Total                                            |            1  |             24  |                    25  |           0  |           9  |  00:00:00  |
-----------------------------------------------------------------------------------------------------------------------------------------------------------


Phase 2.5.2 Physical Synthesis In Placer | Checksum: 1577866ec

Time (s): cpu = 00:00:06 ; elapsed = 00:00:02 . Memory (MB): peak = 3130.004 ; gain = 39.043 ; free physical = 280 ; free virtual = 5621
Phase 2.5 Global Place Phase2 | Checksum: 183bb9a20

Time (s): cpu = 00:00:07 ; elapsed = 00:00:02 . Memory (MB): peak = 3130.004 ; gain = 39.043 ; free physical = 281 ; free virtual = 5622
Phase 2 Global Placement | Checksum: 183bb9a20

Time (s): cpu = 00:00:07 ; elapsed = 00:00:02 . Memory (MB): peak = 3130.004 ; gain = 39.043 ; free physical = 281 ; free virtual = 5622

Phase 3 Detail Placement

Phase 3.1 Commit Multi Column Macros
Phase 3.1 Commit Multi Column Macros | Checksum: 1298ea0f7

Time (s): cpu = 00:00:07 ; elapsed = 00:00:02 . Memory (MB): peak = 3130.004 ; gain = 39.043 ; free physical = 281 ; free virtual = 5621

Phase 3.2 Commit Most Macros & LUTRAMs
Phase 3.2 Commit Most Macros & LUTRAMs | Checksum: 16f197c78

Time (s): cpu = 00:00:07 ; elapsed = 00:00:02 . Memory (MB): peak = 3130.004 ; gain = 39.043 ; free physical = 353 ; free virtual = 5693

Phase 3.3 Area Swap Optimization
Phase 3.3 Area Swap Optimization | Checksum: 168a2ab33

Time (s): cpu = 00:00:07 ; elapsed = 00:00:02 . Memory (MB): peak = 3130.004 ; gain = 39.043 ; free physical = 353 ; free virtual = 5693

Phase 3.4 Pipeline Register Optimization
Phase 3.4 Pipeline Register Optimization | Checksum: 1e0745aa5

Time (s): cpu = 00:00:07 ; elapsed = 00:00:02 . Memory (MB): peak = 3130.004 ; gain = 39.043 ; free physical = 352 ; free virtual = 5693

Phase 3.5 Fast Optimization
Phase 3.5 Fast Optimization | Checksum: 1fdb7d776

Time (s): cpu = 00:00:08 ; elapsed = 00:00:02 . Memory (MB): peak = 3130.004 ; gain = 39.043 ; free physical = 353 ; free virtual = 5693

Phase 3.6 Small Shape Detail Placement
Phase 3.6 Small Shape Detail Placement | Checksum: 1d10d7111

Time (s): cpu = 00:00:08 ; elapsed = 00:00:03 . Memory (MB): peak = 3130.004 ; gain = 39.043 ; free physical = 350 ; free virtual = 5691

Phase 3.7 Re-assign LUT pins
Phase 3.7 Re-assign LUT pins | Checksum: 17537647d

Time (s): cpu = 00:00:08 ; elapsed = 00:00:03 . Memory (MB): peak = 3130.004 ; gain = 39.043 ; free physical = 350 ; free virtual = 5691

Phase 3.8 Pipeline Register Optimization
Phase 3.8 Pipeline Register Optimization | Checksum: 7fb2925b

Time (s): cpu = 00:00:08 ; elapsed = 00:00:03 . Memory (MB): peak = 3130.004 ; gain = 39.043 ; free physical = 350 ; free virtual = 5691

Phase 3.9 Fast Optimization
Phase 3.9 Fast Optimization | Checksum: 1a503c4f2

Time (s): cpu = 00:00:09 ; elapsed = 00:00:03 . Memory (MB): peak = 3130.004 ; gain = 39.043 ; free physical = 347 ; free virtual = 5687
Phase 3 Detail Placement | Checksum: 1a503c4f2

Time (s): cpu = 00:00:09 ; elapsed = 00:00:03 . Memory (MB): peak = 3130.004 ; gain = 39.043 ; free physical = 347 ; free virtual = 5687

Phase 4 Post Placement Optimization and Clean-Up

Phase 4.1 Post Commit Optimization
INFO: [Timing 38-35] Done setting XDC timing constraints.

Phase 4.1.1 Post Placement Optimization
Post Placement Optimization Initialization | Checksum: 15494a190

Phase 4.1.1.1 BUFG Insertion

Starting Physical Synthesis Task

Phase 1 Physical Synthesis Initialization
INFO: [Physopt 32-721] Multithreading enabled for phys_opt_design using a maximum of 8 CPUs
INFO: [Physopt 32-619] Estimated Timing Summary | WNS=-1.382 | TNS=-9.839 |
Phase 1 Physical Synthesis Initialization | Checksum: bb4e357a

Time (s): cpu = 00:00:00.06 ; elapsed = 00:00:00.01 . Memory (MB): peak = 3130.004 ; gain = 0.000 ; free physical = 351 ; free virtual = 5692
INFO: [Place 46-56] BUFG insertion identified 0 candidate nets. Inserted BUFG: 0, Replicated BUFG Driver: 0, Skipped due to Placement/Routing Conflicts: 0, Skipped due to Timing Degradation: 0, Skipped due to netlist editing failed: 0.
Ending Physical Synthesis Task | Checksum: f00488e8

Time (s): cpu = 00:00:00.06 ; elapsed = 00:00:00.02 . Memory (MB): peak = 3130.004 ; gain = 0.000 ; free physical = 351 ; free virtual = 5692
Phase 4.1.1.1 BUFG Insertion | Checksum: 15494a190

Time (s): cpu = 00:00:09 ; elapsed = 00:00:03 . Memory (MB): peak = 3130.004 ; gain = 39.043 ; free physical = 351 ; free virtual = 5692

Phase 4.1.1.2 Post Placement Timing Optimization
INFO: [Place 30-746] Post Placement Timing Summary WNS=-1.092. For the most accurate timing information please run report_timing.
Phase 4.1.1.2 Post Placement Timing Optimization | Checksum: 12527b771

Time (s): cpu = 00:00:19 ; elapsed = 00:00:13 . Memory (MB): peak = 3130.004 ; gain = 39.043 ; free physical = 310 ; free virtual = 5651

Time (s): cpu = 00:00:19 ; elapsed = 00:00:13 . Memory (MB): peak = 3130.004 ; gain = 39.043 ; free physical = 310 ; free virtual = 5651
Phase 4.1 Post Commit Optimization | Checksum: 12527b771

Time (s): cpu = 00:00:19 ; elapsed = 00:00:13 . Memory (MB): peak = 3130.004 ; gain = 39.043 ; free physical = 310 ; free virtual = 5651

Phase 4.2 Post Placement Cleanup
Phase 4.2 Post Placement Cleanup | Checksum: 12527b771

Time (s): cpu = 00:00:19 ; elapsed = 00:00:13 . Memory (MB): peak = 3130.004 ; gain = 39.043 ; free physical = 310 ; free virtual = 5651

Phase 4.3 Placer Reporting

Phase 4.3.1 Print Estimated Congestion
INFO: [Place 30-612] Post-Placement Estimated Congestion 
 ____________________________________________________
|           | Global Congestion | Short Congestion  |
| Direction | Region Size       | Region Size       |
|___________|___________________|___________________|
|      North|                1x1|                1x1|
|___________|___________________|___________________|
|      South|                1x1|                1x1|
|___________|___________________|___________________|
|       East|                1x1|                1x1|
|___________|___________________|___________________|
|       West|                1x1|                1x1|
|___________|___________________|___________________|

Phase 4.3.1 Print Estimated Congestion | Checksum: 12527b771

Time (s): cpu = 00:00:19 ; elapsed = 00:00:13 . Memory (MB): peak = 3130.004 ; gain = 39.043 ; free physical = 310 ; free virtual = 5651
Phase 4.3 Placer Reporting | Checksum: 12527b771

Time (s): cpu = 00:00:19 ; elapsed = 00:00:13 . Memory (MB): peak = 3130.004 ; gain = 39.043 ; free physical = 310 ; free virtual = 5650

Phase 4.4 Final Placement Cleanup
Netlist sorting complete. Time (s): cpu = 00:00:00 ; elapsed = 00:00:00 . Memory (MB): peak = 3130.004 ; gain = 0.000 ; free physical = 309 ; free virtual = 5650

Time (s): cpu = 00:00:19 ; elapsed = 00:00:13 . Memory (MB): peak = 3130.004 ; gain = 39.043 ; free physical = 309 ; free virtual = 5650
Phase 4 Post Placement Optimization and Clean-Up | Checksum: 1601a918f

Time (s): cpu = 00:00:19 ; elapsed = 00:00:13 . Memory (MB): peak = 3130.004 ; gain = 39.043 ; free physical = 309 ; free virtual = 5650
Ending Placer Task | Checksum: 121fe66b1

Time (s): cpu = 00:00:19 ; elapsed = 00:00:13 . Memory (MB): peak = 3130.004 ; gain = 39.043 ; free physical = 309 ; free virtual = 5650
37 Infos, 0 Warnings, 0 Critical Warnings and 0 Errors encountered.
place_design completed successfully
place_design: Time (s): cpu = 00:00:21 ; elapsed = 00:00:13 . Memory (MB): peak = 3130.004 ; gain = 39.043 ; free physical = 309 ; free virtual = 5650
# route_design
Command: route_design
Attempting to get a license for feature 'Implementation' and/or device 'xc7z020'
INFO: [Common 17-349] Got license for feature 'Implementation' and/or device 'xc7z020'


Starting Routing Task
INFO: [Route 35-254] Multithreading enabled for route_design using a maximum of 8 CPUs

Phase 1 Build RT Design
Checksum: PlaceDB: 8bcf1dd9 ConstDB: 0 ShapeSum: 8035d5e8 RouteDB: 15f972f0
Post Restoration Checksum: NetGraph: 72bf12dd | NumContArr: 48edc8ce | Constraints: c2a8fa9d | Timing: c2a8fa9d
Phase 1 Build RT Design | Checksum: 240fed0e5

Time (s): cpu = 00:00:22 ; elapsed = 00:00:19 . Memory (MB): peak = 3130.004 ; gain = 0.000 ; free physical = 287 ; free virtual = 5556

Phase 2 Router Initialization

Phase 2.1 Fix Topology Constraints
Phase 2.1 Fix Topology Constraints | Checksum: 240fed0e5

Time (s): cpu = 00:00:22 ; elapsed = 00:00:19 . Memory (MB): peak = 3130.004 ; gain = 0.000 ; free physical = 287 ; free virtual = 5556

Phase 2.2 Pre Route Cleanup
Phase 2.2 Pre Route Cleanup | Checksum: 240fed0e5

Time (s): cpu = 00:00:22 ; elapsed = 00:00:19 . Memory (MB): peak = 3130.004 ; gain = 0.000 ; free physical = 287 ; free virtual = 5556
 Number of Nodes with overlaps = 0

Phase 2.3 Update Timing
Phase 2.3 Update Timing | Checksum: 228e19898

Time (s): cpu = 00:00:23 ; elapsed = 00:00:20 . Memory (MB): peak = 3130.004 ; gain = 0.000 ; free physical = 287 ; free virtual = 5556
INFO: [Route 35-416] Intermediate Timing Summary | WNS=-0.987 | TNS=-1.833 | WHS=-0.054 | THS=-0.165 |


Phase 2.4 Soft Constraint Pins - Fast Budgeting
Phase 2.4 Soft Constraint Pins - Fast Budgeting | Checksum: 21b1f56ea

Time (s): cpu = 00:00:23 ; elapsed = 00:00:20 . Memory (MB): peak = 3130.004 ; gain = 0.000 ; free physical = 286 ; free virtual = 5555

Router Utilization Summary
  Global Vertical Routing Utilization    = 0 %
  Global Horizontal Routing Utilization  = 0 %
  Routable Net Status*
  *Does not include unroutable nets such as driverless and loadless.
  Run report_route_status for detailed report.
  Number of Failed Nets               = 651
    (Failed Nets is the sum of unrouted and partially routed nets)
  Number of Unrouted Nets             = 651
  Number of Partially Routed Nets     = 0
  Number of Node Overlaps             = 0

Phase 2 Router Initialization | Checksum: 21b1f56ea

Time (s): cpu = 00:00:23 ; elapsed = 00:00:20 . Memory (MB): peak = 3130.004 ; gain = 0.000 ; free physical = 293 ; free virtual = 5563

Phase 3 Global Routing
Phase 3 Global Routing | Checksum: 21b1f56ea

Time (s): cpu = 00:00:23 ; elapsed = 00:00:20 . Memory (MB): peak = 3130.004 ; gain = 0.000 ; free physical = 293 ; free virtual = 5563

Phase 4 Initial Routing

Phase 4.1 Initial Net Routing Pass
Phase 4.1 Initial Net Routing Pass | Checksum: 2024216c2

Time (s): cpu = 00:00:23 ; elapsed = 00:00:20 . Memory (MB): peak = 3130.004 ; gain = 0.000 ; free physical = 380 ; free virtual = 5650
Phase 4 Initial Routing | Checksum: 2024216c2

Time (s): cpu = 00:00:24 ; elapsed = 00:00:20 . Memory (MB): peak = 3130.004 ; gain = 0.000 ; free physical = 380 ; free virtual = 5650
INFO: [Route 35-580] Design has 1 pins with tight setup and hold constraints.

The top 5 pins with tight setup and hold constraints:

+====================+===================+===================================================+
| Launch Setup Clock | Launch Hold Clock | Pin                                               |
+====================+===================+===================================================+
| ap_clk             | ap_clk            | u_fp32_mul_flopoco/RoundingAdder/X_1_d1_reg[32]/D |
+--------------------+-------------------+---------------------------------------------------+

File with complete list of pins: tight_setup_hold_pins.txt


Phase 5 Rip-up And Reroute

Phase 5.1 Global Iteration 0
 Number of Nodes with overlaps = 59
 Number of Nodes with overlaps = 7
 Number of Nodes with overlaps = 5
 Number of Nodes with overlaps = 3
 Number of Nodes with overlaps = 0
INFO: [Route 35-416] Intermediate Timing Summary | WNS=-1.120 | TNS=-5.237 | WHS=N/A    | THS=N/A    |

Phase 5.1 Global Iteration 0 | Checksum: 11396af90

Time (s): cpu = 00:00:24 ; elapsed = 00:00:20 . Memory (MB): peak = 3130.004 ; gain = 0.000 ; free physical = 369 ; free virtual = 5642

Phase 5.2 Global Iteration 1
 Number of Nodes with overlaps = 5
 Number of Nodes with overlaps = 6
 Number of Nodes with overlaps = 3
 Number of Nodes with overlaps = 2
 Number of Nodes with overlaps = 0
INFO: [Route 35-416] Intermediate Timing Summary | WNS=-1.169 | TNS=-5.032 | WHS=N/A    | THS=N/A    |

Phase 5.2 Global Iteration 1 | Checksum: 284fe3643

Time (s): cpu = 00:00:25 ; elapsed = 00:00:21 . Memory (MB): peak = 3130.004 ; gain = 0.000 ; free physical = 357 ; free virtual = 5632
Phase 5 Rip-up And Reroute | Checksum: 284fe3643

Time (s): cpu = 00:00:25 ; elapsed = 00:00:21 . Memory (MB): peak = 3130.004 ; gain = 0.000 ; free physical = 357 ; free virtual = 5632

Phase 6 Delay and Skew Optimization

Phase 6.1 Delay CleanUp

Phase 6.1.1 Update Timing
Phase 6.1.1 Update Timing | Checksum: 28945e5a3

Time (s): cpu = 00:00:25 ; elapsed = 00:00:21 . Memory (MB): peak = 3130.004 ; gain = 0.000 ; free physical = 356 ; free virtual = 5630
INFO: [Route 35-416] Intermediate Timing Summary | WNS=-1.120 | TNS=-5.237 | WHS=N/A    | THS=N/A    |

 Number of Nodes with overlaps = 0
Phase 6.1 Delay CleanUp | Checksum: 2b0fb3d7b

Time (s): cpu = 00:00:25 ; elapsed = 00:00:21 . Memory (MB): peak = 3130.004 ; gain = 0.000 ; free physical = 355 ; free virtual = 5630

Phase 6.2 Clock Skew Optimization
Phase 6.2 Clock Skew Optimization | Checksum: 2b0fb3d7b

Time (s): cpu = 00:00:25 ; elapsed = 00:00:21 . Memory (MB): peak = 3130.004 ; gain = 0.000 ; free physical = 355 ; free virtual = 5630
Phase 6 Delay and Skew Optimization | Checksum: 2b0fb3d7b

Time (s): cpu = 00:00:25 ; elapsed = 00:00:21 . Memory (MB): peak = 3130.004 ; gain = 0.000 ; free physical = 355 ; free virtual = 5630

Phase 7 Post Hold Fix

Phase 7.1 Hold Fix Iter
INFO: [Route 35-416] Intermediate Timing Summary | WNS=-1.120 | TNS=-4.830 | WHS=0.185  | THS=0.000  |

Phase 7.1 Hold Fix Iter | Checksum: 2d8a03cb7

Time (s): cpu = 00:00:25 ; elapsed = 00:00:21 . Memory (MB): peak = 3130.004 ; gain = 0.000 ; free physical = 354 ; free virtual = 5629
Phase 7 Post Hold Fix | Checksum: 2d8a03cb7

Time (s): cpu = 00:00:25 ; elapsed = 00:00:21 . Memory (MB): peak = 3130.004 ; gain = 0.000 ; free physical = 354 ; free virtual = 5629

Phase 8 Route finalize

Router Utilization Summary
  Global Vertical Routing Utilization    = 0.31661 %
  Global Horizontal Routing Utilization  = 0.311021 %
  Routable Net Status*
  *Does not include unroutable nets such as driverless and loadless.
  Run report_route_status for detailed report.
  Number of Failed Nets               = 0
    (Failed Nets is the sum of unrouted and partially routed nets)
  Number of Unrouted Nets             = 0
  Number of Partially Routed Nets     = 0
  Number of Node Overlaps             = 0


--GLOBAL Congestion:
Utilization threshold used for congestion level computation: 0.85
Congestion Report
North Dir 1x1 Area, Max Cong = 47.7477%, No Congested Regions.
South Dir 1x1 Area, Max Cong = 34.2342%, No Congested Regions.
East Dir 1x1 Area, Max Cong = 36.7647%, No Congested Regions.
West Dir 1x1 Area, Max Cong = 42.6471%, No Congested Regions.

------------------------------
Reporting congestion hotspots
------------------------------
Direction: North
----------------
Congested clusters found at Level 0
Effective congestion level: 0 Aspect Ratio: 1 Sparse Ratio: 0
Direction: South
----------------
Congested clusters found at Level 0
Effective congestion level: 0 Aspect Ratio: 1 Sparse Ratio: 0
Direction: East
----------------
Congested clusters found at Level 0
Effective congestion level: 0 Aspect Ratio: 1 Sparse Ratio: 0
Direction: West
----------------
Congested clusters found at Level 0
Effective congestion level: 0 Aspect Ratio: 1 Sparse Ratio: 0

Phase 8 Route finalize | Checksum: 2d8a03cb7

Time (s): cpu = 00:00:25 ; elapsed = 00:00:21 . Memory (MB): peak = 3130.004 ; gain = 0.000 ; free physical = 354 ; free virtual = 5629

Phase 9 Verifying routed nets

 Verification completed successfully
Phase 9 Verifying routed nets | Checksum: 2d8a03cb7

Time (s): cpu = 00:00:25 ; elapsed = 00:00:21 . Memory (MB): peak = 3130.004 ; gain = 0.000 ; free physical = 354 ; free virtual = 5629

Phase 10 Depositing Routes
Phase 10 Depositing Routes | Checksum: 3129b0b5c

Time (s): cpu = 00:00:25 ; elapsed = 00:00:21 . Memory (MB): peak = 3130.004 ; gain = 0.000 ; free physical = 353 ; free virtual = 5628

Phase 11 Post Process Routing
Phase 11 Post Process Routing | Checksum: 3129b0b5c

Time (s): cpu = 00:00:25 ; elapsed = 00:00:21 . Memory (MB): peak = 3130.004 ; gain = 0.000 ; free physical = 353 ; free virtual = 5628

Phase 12 Post Router Timing
INFO: [Route 35-57] Estimated Timing Summary | WNS=-1.120 | TNS=-4.830 | WHS=0.185  | THS=0.000  |

WARNING: [Route 35-328] Router estimated timing not met.
Resolution: For a complete and accurate timing signoff, report_timing_summary must be run after route_design. Alternatively, route_design can be run with the -timing_summary option to enable a complete timing signoff at the end of route_design.
Phase 12 Post Router Timing | Checksum: 3129b0b5c

Time (s): cpu = 00:00:25 ; elapsed = 00:00:21 . Memory (MB): peak = 3130.004 ; gain = 0.000 ; free physical = 353 ; free virtual = 5628
Total Elapsed time in route_design: 20.75 secs

Phase 13 Post-Route Event Processing
Phase 13 Post-Route Event Processing | Checksum: fc16ac61

Time (s): cpu = 00:00:25 ; elapsed = 00:00:21 . Memory (MB): peak = 3130.004 ; gain = 0.000 ; free physical = 353 ; free virtual = 5628
INFO: [Route 35-16] Router Completed Successfully
Ending Routing Task | Checksum: fc16ac61

Time (s): cpu = 00:00:25 ; elapsed = 00:00:21 . Memory (MB): peak = 3130.004 ; gain = 0.000 ; free physical = 353 ; free virtual = 5628

Routing Is Done.
INFO: [Common 17-83] Releasing license: Implementation
11 Infos, 1 Warnings, 0 Critical Warnings and 0 Errors encountered.
route_design completed successfully
route_design: Time (s): cpu = 00:00:25 ; elapsed = 00:00:21 . Memory (MB): peak = 3130.004 ; gain = 0.000 ; free physical = 353 ; free virtual = 5628
# report_utilization -file /home/joe/Desktop/Uni/Year_4/Dissertation/Program-Synthesis-for-Efficient-ML/results/FLOPOCO/solution_fp32multiplication_flopoco/utilization.rpt
# report_timing_summary -file /home/joe/Desktop/Uni/Year_4/Dissertation/Program-Synthesis-for-Efficient-ML/results/FLOPOCO/solution_fp32multiplication_flopoco/timing.rpt
INFO: [Timing 38-91] UpdateTimingParams: Speed grade: -1, Delay Type: min_max.
INFO: [Timing 38-191] Multithreading enabled for timing update using a maximum of 8 CPUs
# report_timing -delay_type max -max_paths 1 -nworst 1 -file /home/joe/Desktop/Uni/Year_4/Dissertation/Program-Synthesis-for-Efficient-ML/results/FLOPOCO/solution_fp32multiplication_flopoco/timing_detail.rpt
INFO: [Timing 38-91] UpdateTimingParams: Speed grade: -1, Delay Type: max.
INFO: [Timing 38-191] Multithreading enabled for timing update using a maximum of 8 CPUs
INFO: [Timing 38-78] ReportTimingParams: -max_paths 1 -nworst 1 -delay_type max -sort_by slack.
# exit
INFO: [Common 17-206] Exiting Vivado at Wed Feb 11 11:45:19 2026...
