

================================================================
== Vitis HLS Report for 'fp32_normaliser'
================================================================
* Date:           Tue Nov 11 16:09:49 2025

* Version:        2025.1 (Build 6135595 on May 21 2025)
* Project:        solution_fp32addition_fp32_normalisation_component
* Solution:       hls (Vivado IP Flow Target)
* Product family: zynq
* Target device:  xc7z020-clg400-1


================================================================
== Performance Estimates
================================================================
+ Timing: 
    * Summary: 
    +--------+----------+----------+------------+
    |  Clock |  Target  | Estimated| Uncertainty|
    +--------+----------+----------+------------+
    |ap_clk  |  1.00 sec|  7.137 ns|    0.27 sec|
    +--------+----------+----------+------------+

+ Latency: 
    * Summary: 
    +---------+---------+----------+----------+-----+-----+---------+
    |  Latency (cycles) |  Latency (absolute) |  Interval | Pipeline|
    |   min   |   max   |    min   |    max   | min | max |   Type  |
    +---------+---------+----------+----------+-----+-----+---------+
    |        0|        0|      0 ns|      0 ns|    1|    1|       no|
    +---------+---------+----------+----------+-----+-----+---------+

    + Detail: 
        * Instance: 
        N/A

        * Loop: 
        N/A



================================================================
== Utilization Estimates
================================================================
* Summary: 
+-----------------+---------+-----+--------+-------+-----+
|       Name      | BRAM_18K| DSP |   FF   |  LUT  | URAM|
+-----------------+---------+-----+--------+-------+-----+
|DSP              |        -|    -|       -|      -|    -|
|Expression       |        -|    -|       0|    438|    -|
|FIFO             |        -|    -|       -|      -|    -|
|Instance         |        -|    -|       -|      -|    -|
|Memory           |        -|    -|       -|      -|    -|
|Multiplexer      |        -|    -|       0|    248|    -|
|Register         |        -|    -|       -|      -|    -|
+-----------------+---------+-----+--------+-------+-----+
|Total            |        0|    0|       0|    686|    0|
+-----------------+---------+-----+--------+-------+-----+
|Available        |      280|  220|  106400|  53200|    0|
+-----------------+---------+-----+--------+-------+-----+
|Utilization (%)  |        0|    0|       0|      1|    0|
+-----------------+---------+-----+--------+-------+-----+

+ Detail: 
    * Instance: 
    N/A

    * DSP: 
    N/A

    * Memory: 
    N/A

    * FIFO: 
    N/A

    * Expression: 
    +--------------------+----------+----+---+----+------------+------------+
    |    Variable Name   | Operation| DSP| FF| LUT| Bitwidth P0| Bitwidth P1|
    +--------------------+----------+----+---+----+------------+------------+
    |exp_10_fu_820_p2    |         +|   0|  0|  15|           8|           5|
    |exp_11_fu_800_p2    |         +|   0|  0|  15|           8|           5|
    |exp_12_fu_780_p2    |         +|   0|  0|  15|           8|           5|
    |exp_13_fu_760_p2    |         +|   0|  0|  15|           8|           5|
    |exp_14_fu_740_p2    |         +|   0|  0|  15|           8|           5|
    |exp_15_fu_720_p2    |         +|   0|  0|  15|           8|           5|
    |exp_16_fu_700_p2    |         +|   0|  0|  15|           8|           6|
    |exp_17_fu_680_p2    |         +|   0|  0|  15|           8|           6|
    |exp_18_fu_660_p2    |         +|   0|  0|  15|           8|           6|
    |exp_19_fu_640_p2    |         +|   0|  0|  15|           8|           6|
    |exp_1_fu_1000_p2    |         +|   0|  0|  15|           8|           2|
    |exp_20_fu_620_p2    |         +|   0|  0|  15|           8|           6|
    |exp_21_fu_600_p2    |         +|   0|  0|  15|           8|           6|
    |exp_22_fu_580_p2    |         +|   0|  0|  15|           8|           6|
    |exp_24_fu_560_p2    |         +|   0|  0|  15|           8|           6|
    |exp_2_fu_980_p2     |         +|   0|  0|  15|           8|           3|
    |exp_3_fu_960_p2     |         +|   0|  0|  15|           8|           3|
    |exp_4_fu_940_p2     |         +|   0|  0|  15|           8|           4|
    |exp_5_fu_920_p2     |         +|   0|  0|  15|           8|           4|
    |exp_6_fu_900_p2     |         +|   0|  0|  15|           8|           4|
    |exp_7_fu_880_p2     |         +|   0|  0|  15|           8|           4|
    |exp_8_fu_860_p2     |         +|   0|  0|  15|           8|           5|
    |exp_9_fu_840_p2     |         +|   0|  0|  15|           8|           5|
    |exp_fu_1023_p2      |         +|   0|  0|  15|           8|           1|
    |ap_condition_563    |       and|   0|  0|   2|           1|           1|
    |ap_condition_569    |       and|   0|  0|   2|           1|           1|
    |ap_condition_575    |       and|   0|  0|   2|           1|           1|
    |ap_condition_582    |       and|   0|  0|   2|           1|           1|
    |ap_condition_590    |       and|   0|  0|   2|           1|           1|
    |ap_condition_599    |       and|   0|  0|   2|           1|           1|
    |ap_condition_609    |       and|   0|  0|   2|           1|           1|
    |ap_condition_620    |       and|   0|  0|   2|           1|           1|
    |ap_condition_632    |       and|   0|  0|   2|           1|           1|
    |ap_condition_645    |       and|   0|  0|   2|           1|           1|
    |ap_condition_659    |       and|   0|  0|   2|           1|           1|
    |ap_condition_674    |       and|   0|  0|   2|           1|           1|
    |ap_condition_690    |       and|   0|  0|   2|           1|           1|
    |ap_condition_694    |       and|   0|  0|   2|           1|           1|
    |ap_condition_699    |       and|   0|  0|   2|           1|           1|
    |ap_condition_705    |       and|   0|  0|   2|           1|           1|
    |ap_condition_712    |       and|   0|  0|   2|           1|           1|
    |ap_condition_720    |       and|   0|  0|   2|           1|           1|
    |ap_condition_729    |       and|   0|  0|   2|           1|           1|
    |ap_condition_739    |       and|   0|  0|   2|           1|           1|
    |ap_condition_750    |       and|   0|  0|   2|           1|           1|
    |ap_condition_762    |       and|   0|  0|   2|           1|           1|
    |ap_condition_774    |       and|   0|  0|   2|           1|           1|
    |icmp_ln5_fu_362_p2  |      icmp|   0|  0|  32|          25|           1|
    +--------------------+----------+----+---+----+------------+------------+
    |Total               |          |   0|  0| 438|         240|         137|
    +--------------------+----------+----+---+----+------------+------------+

    * Multiplexer: 
    +-------------------------------------+-----+-----------+-----+-----------+
    |                 Name                | LUT | Input Size| Bits| Total Bits|
    +-------------------------------------+-----+-----------+-----+-----------+
    |ap_phi_mux_exp_23_phi_fu_243_p50     |  117|         26|    8|        208|
    |ap_phi_mux_norm24_22_phi_fu_299_p50  |  117|         26|   23|        598|
    |ap_phi_mux_retval_0_phi_fu_355_p4    |   14|          3|   32|         96|
    +-------------------------------------+-----+-----------+-----+-----------+
    |Total                                |  248|         55|   63|        902|
    +-------------------------------------+-----+-----------+-----+-----------+

    * Register: 
    N/A



================================================================
== Interface
================================================================
* Summary: 
+------------------+-----+-----+------------+------------------+--------------+
|     RTL Ports    | Dir | Bits|  Protocol  |   Source Object  |    C Type    |
+------------------+-----+-----+------------+------------------+--------------+
|ap_start          |   in|    1|  ap_ctrl_hs|   fp32_normaliser|  return value|
|ap_done           |  out|    1|  ap_ctrl_hs|   fp32_normaliser|  return value|
|ap_idle           |  out|    1|  ap_ctrl_hs|   fp32_normaliser|  return value|
|ap_ready          |  out|    1|  ap_ctrl_hs|   fp32_normaliser|  return value|
|ap_return         |  out|   32|  ap_ctrl_hs|   fp32_normaliser|  return value|
|ap_rst            |   in|    1|  ap_ctrl_hs|   fp32_normaliser|  return value|
|raw_sum_mantissa  |   in|   25|     ap_none|  raw_sum_mantissa|        scalar|
|raw_sign          |   in|    1|     ap_none|          raw_sign|        scalar|
|target_exponent   |   in|    8|     ap_none|   target_exponent|        scalar|
+------------------+-----+-----+------------+------------------+--------------+

============================================================
+ Verbose Summary: Synthesis Manager
============================================================
InlineROM: 1
ExposeGlobal: 0
============================================================
+ Verbose Summary: CDFG Model
============================================================
IsTopModel: 1
ResetActiveHigh: 1
IsCombinational: 1
IsDatapathOnly: 2
HasWiredReturn: 1
HasMFsm: 0
HasVarLatency: 0
IsPipeline: 0
IsRtlPipelined: 0
IsInstanceOverlapped: 0
IsDontTouch: 0
HasImplIP: 0
IsGatedGlobalClock: 0


============================================================
+ Verbose Summary: Schedule
============================================================
* Number of FSM states : 1
* Pipeline : 0
* Dataflow Pipeline: 0

* FSM state transitions: 
1 --> 

* FSM state operations: 

State 1 <SV = 0> <Delay = 7.13>
ST_1 : Operation 2 [1/1] (0.00ns)   --->   "%specbitsmap_ln0 = specbitsmap void @_ssdm_op_SpecBitsMap, i32 0"   --->   Operation 2 'specbitsmap' 'specbitsmap_ln0' <Predicate = true> <Delay = 0.00>
ST_1 : Operation 3 [1/1] (0.00ns)   --->   "%spectopmodule_ln4 = spectopmodule void @_ssdm_op_SpecTopModule, void @empty_1" [/home/joe/Desktop/Uni/Year_4/Dissertation/Program-Synthesis-for-Efficient-ML/results/cpp/solution_fp32addition_fp32_normalisation.cpp:4]   --->   Operation 3 'spectopmodule' 'spectopmodule_ln4' <Predicate = true> <Delay = 0.00>
ST_1 : Operation 4 [1/1] (0.00ns)   --->   "%specbitsmap_ln0 = specbitsmap void @_ssdm_op_SpecBitsMap, i25 %raw_sum_mantissa"   --->   Operation 4 'specbitsmap' 'specbitsmap_ln0' <Predicate = true> <Delay = 0.00>
ST_1 : Operation 5 [1/1] (0.00ns)   --->   "%specinterface_ln0 = specinterface void @_ssdm_op_SpecInterface, i25 %raw_sum_mantissa, void @empty, i32 0, i32 0, void @empty_0, i32 0, i32 0, void @empty_0, void @empty_0, void @empty_0, i32 0, i32 0, i32 0, i32 0, void @empty_0, void @empty_0, i32 4294967295, i32 0, i32 0"   --->   Operation 5 'specinterface' 'specinterface_ln0' <Predicate = true> <Delay = 0.00>
ST_1 : Operation 6 [1/1] (0.00ns)   --->   "%specbitsmap_ln0 = specbitsmap void @_ssdm_op_SpecBitsMap, i1 %raw_sign"   --->   Operation 6 'specbitsmap' 'specbitsmap_ln0' <Predicate = true> <Delay = 0.00>
ST_1 : Operation 7 [1/1] (0.00ns)   --->   "%specinterface_ln0 = specinterface void @_ssdm_op_SpecInterface, i1 %raw_sign, void @empty, i32 0, i32 0, void @empty_0, i32 0, i32 0, void @empty_0, void @empty_0, void @empty_0, i32 0, i32 0, i32 0, i32 0, void @empty_0, void @empty_0, i32 4294967295, i32 0, i32 0"   --->   Operation 7 'specinterface' 'specinterface_ln0' <Predicate = true> <Delay = 0.00>
ST_1 : Operation 8 [1/1] (0.00ns)   --->   "%specbitsmap_ln0 = specbitsmap void @_ssdm_op_SpecBitsMap, i8 %target_exponent"   --->   Operation 8 'specbitsmap' 'specbitsmap_ln0' <Predicate = true> <Delay = 0.00>
ST_1 : Operation 9 [1/1] (0.00ns)   --->   "%specinterface_ln0 = specinterface void @_ssdm_op_SpecInterface, i8 %target_exponent, void @empty, i32 0, i32 0, void @empty_0, i32 0, i32 0, void @empty_0, void @empty_0, void @empty_0, i32 0, i32 0, i32 0, i32 0, void @empty_0, void @empty_0, i32 4294967295, i32 0, i32 0"   --->   Operation 9 'specinterface' 'specinterface_ln0' <Predicate = true> <Delay = 0.00>
ST_1 : Operation 10 [1/1] (0.00ns)   --->   "%target_exponent_read = read i8 @_ssdm_op_Read.ap_auto.i8, i8 %target_exponent" [/home/joe/Desktop/Uni/Year_4/Dissertation/Program-Synthesis-for-Efficient-ML/results/cpp/solution_fp32addition_fp32_normalisation.cpp:4]   --->   Operation 10 'read' 'target_exponent_read' <Predicate = true> <Delay = 0.00>
ST_1 : Operation 11 [1/1] (0.00ns)   --->   "%raw_sign_read = read i1 @_ssdm_op_Read.ap_auto.i1, i1 %raw_sign" [/home/joe/Desktop/Uni/Year_4/Dissertation/Program-Synthesis-for-Efficient-ML/results/cpp/solution_fp32addition_fp32_normalisation.cpp:4]   --->   Operation 11 'read' 'raw_sign_read' <Predicate = true> <Delay = 0.00>
ST_1 : Operation 12 [1/1] (0.00ns)   --->   "%raw_sum_mantissa_read = read i25 @_ssdm_op_Read.ap_auto.i25, i25 %raw_sum_mantissa" [/home/joe/Desktop/Uni/Year_4/Dissertation/Program-Synthesis-for-Efficient-ML/results/cpp/solution_fp32addition_fp32_normalisation.cpp:4]   --->   Operation 12 'read' 'raw_sum_mantissa_read' <Predicate = true> <Delay = 0.00>
ST_1 : Operation 13 [1/1] (2.34ns)   --->   "%icmp_ln5 = icmp_eq  i25 %raw_sum_mantissa_read, i25 0" [/home/joe/Desktop/Uni/Year_4/Dissertation/Program-Synthesis-for-Efficient-ML/results/cpp/solution_fp32addition_fp32_normalisation.cpp:5]   --->   Operation 13 'icmp' 'icmp_ln5' <Predicate = true> <Delay = 2.34> <CoreInst = "Cmp">   --->   Core 9 'Cmp' <Latency = 0> <II = 1> <Delay = 2.34> <FuncUnit> <Opcode : 'seteq' 'setne' 'setle' 'setge' 'setlt' 'setgt'> <InPorts = 2> <OutPorts = 1>
ST_1 : Operation 14 [1/1] (1.58ns)   --->   "%br_ln5 = br i1 %icmp_ln5, void %if.end, void %return" [/home/joe/Desktop/Uni/Year_4/Dissertation/Program-Synthesis-for-Efficient-ML/results/cpp/solution_fp32addition_fp32_normalisation.cpp:5]   --->   Operation 14 'br' 'br_ln5' <Predicate = true> <Delay = 1.58>
ST_1 : Operation 15 [1/1] (0.00ns)   --->   "%tmp = bitselect i1 @_ssdm_op_BitSelect.i1.i25.i32, i25 %raw_sum_mantissa_read, i32 24" [/home/joe/Desktop/Uni/Year_4/Dissertation/Program-Synthesis-for-Efficient-ML/results/cpp/solution_fp32addition_fp32_normalisation.cpp:10]   --->   Operation 15 'bitselect' 'tmp' <Predicate = (!icmp_ln5)> <Delay = 0.00>
ST_1 : Operation 16 [1/1] (0.00ns)   --->   "%br_ln10 = br i1 %tmp, void %if.else, void %if.then9" [/home/joe/Desktop/Uni/Year_4/Dissertation/Program-Synthesis-for-Efficient-ML/results/cpp/solution_fp32addition_fp32_normalisation.cpp:10]   --->   Operation 16 'br' 'br_ln10' <Predicate = (!icmp_ln5)> <Delay = 0.00>
ST_1 : Operation 17 [1/1] (0.00ns)   --->   "%tmp_1 = bitselect i1 @_ssdm_op_BitSelect.i1.i25.i32, i25 %raw_sum_mantissa_read, i32 23" [/home/joe/Desktop/Uni/Year_4/Dissertation/Program-Synthesis-for-Efficient-ML/results/cpp/solution_fp32addition_fp32_normalisation.cpp:11]   --->   Operation 17 'bitselect' 'tmp_1' <Predicate = (!icmp_ln5 & !tmp)> <Delay = 0.00>
ST_1 : Operation 18 [1/1] (0.00ns)   --->   "%br_ln11 = br i1 %tmp_1, void %if.else18, void %if.then15" [/home/joe/Desktop/Uni/Year_4/Dissertation/Program-Synthesis-for-Efficient-ML/results/cpp/solution_fp32addition_fp32_normalisation.cpp:11]   --->   Operation 18 'br' 'br_ln11' <Predicate = (!icmp_ln5 & !tmp)> <Delay = 0.00>
ST_1 : Operation 19 [1/1] (0.00ns)   --->   "%tmp_2 = bitselect i1 @_ssdm_op_BitSelect.i1.i25.i32, i25 %raw_sum_mantissa_read, i32 22" [/home/joe/Desktop/Uni/Year_4/Dissertation/Program-Synthesis-for-Efficient-ML/results/cpp/solution_fp32addition_fp32_normalisation.cpp:12]   --->   Operation 19 'bitselect' 'tmp_2' <Predicate = (!icmp_ln5 & !tmp & !tmp_1)> <Delay = 0.00>
ST_1 : Operation 20 [1/1] (0.00ns)   --->   "%br_ln12 = br i1 %tmp_2, void %if.else26, void %if.then21" [/home/joe/Desktop/Uni/Year_4/Dissertation/Program-Synthesis-for-Efficient-ML/results/cpp/solution_fp32addition_fp32_normalisation.cpp:12]   --->   Operation 20 'br' 'br_ln12' <Predicate = (!icmp_ln5 & !tmp & !tmp_1)> <Delay = 0.00>
ST_1 : Operation 21 [1/1] (0.00ns)   --->   "%tmp_3 = bitselect i1 @_ssdm_op_BitSelect.i1.i25.i32, i25 %raw_sum_mantissa_read, i32 21" [/home/joe/Desktop/Uni/Year_4/Dissertation/Program-Synthesis-for-Efficient-ML/results/cpp/solution_fp32addition_fp32_normalisation.cpp:13]   --->   Operation 21 'bitselect' 'tmp_3' <Predicate = (!icmp_ln5 & !tmp & !tmp_1 & !tmp_2)> <Delay = 0.00>
ST_1 : Operation 22 [1/1] (0.00ns)   --->   "%br_ln13 = br i1 %tmp_3, void %if.else34, void %if.then29" [/home/joe/Desktop/Uni/Year_4/Dissertation/Program-Synthesis-for-Efficient-ML/results/cpp/solution_fp32addition_fp32_normalisation.cpp:13]   --->   Operation 22 'br' 'br_ln13' <Predicate = (!icmp_ln5 & !tmp & !tmp_1 & !tmp_2)> <Delay = 0.00>
ST_1 : Operation 23 [1/1] (0.00ns)   --->   "%tmp_4 = bitselect i1 @_ssdm_op_BitSelect.i1.i25.i32, i25 %raw_sum_mantissa_read, i32 20" [/home/joe/Desktop/Uni/Year_4/Dissertation/Program-Synthesis-for-Efficient-ML/results/cpp/solution_fp32addition_fp32_normalisation.cpp:14]   --->   Operation 23 'bitselect' 'tmp_4' <Predicate = (!icmp_ln5 & !tmp & !tmp_1 & !tmp_2 & !tmp_3)> <Delay = 0.00>
ST_1 : Operation 24 [1/1] (0.00ns)   --->   "%br_ln14 = br i1 %tmp_4, void %if.else42, void %if.then37" [/home/joe/Desktop/Uni/Year_4/Dissertation/Program-Synthesis-for-Efficient-ML/results/cpp/solution_fp32addition_fp32_normalisation.cpp:14]   --->   Operation 24 'br' 'br_ln14' <Predicate = (!icmp_ln5 & !tmp & !tmp_1 & !tmp_2 & !tmp_3)> <Delay = 0.00>
ST_1 : Operation 25 [1/1] (0.00ns)   --->   "%tmp_5 = bitselect i1 @_ssdm_op_BitSelect.i1.i25.i32, i25 %raw_sum_mantissa_read, i32 19" [/home/joe/Desktop/Uni/Year_4/Dissertation/Program-Synthesis-for-Efficient-ML/results/cpp/solution_fp32addition_fp32_normalisation.cpp:15]   --->   Operation 25 'bitselect' 'tmp_5' <Predicate = (!icmp_ln5 & !tmp & !tmp_1 & !tmp_2 & !tmp_3 & !tmp_4)> <Delay = 0.00>
ST_1 : Operation 26 [1/1] (0.00ns)   --->   "%br_ln15 = br i1 %tmp_5, void %if.else50, void %if.then45" [/home/joe/Desktop/Uni/Year_4/Dissertation/Program-Synthesis-for-Efficient-ML/results/cpp/solution_fp32addition_fp32_normalisation.cpp:15]   --->   Operation 26 'br' 'br_ln15' <Predicate = (!icmp_ln5 & !tmp & !tmp_1 & !tmp_2 & !tmp_3 & !tmp_4)> <Delay = 0.00>
ST_1 : Operation 27 [1/1] (0.00ns)   --->   "%tmp_6 = bitselect i1 @_ssdm_op_BitSelect.i1.i25.i32, i25 %raw_sum_mantissa_read, i32 18" [/home/joe/Desktop/Uni/Year_4/Dissertation/Program-Synthesis-for-Efficient-ML/results/cpp/solution_fp32addition_fp32_normalisation.cpp:16]   --->   Operation 27 'bitselect' 'tmp_6' <Predicate = (!icmp_ln5 & !tmp & !tmp_1 & !tmp_2 & !tmp_3 & !tmp_4 & !tmp_5)> <Delay = 0.00>
ST_1 : Operation 28 [1/1] (0.00ns)   --->   "%br_ln16 = br i1 %tmp_6, void %if.else58, void %if.then53" [/home/joe/Desktop/Uni/Year_4/Dissertation/Program-Synthesis-for-Efficient-ML/results/cpp/solution_fp32addition_fp32_normalisation.cpp:16]   --->   Operation 28 'br' 'br_ln16' <Predicate = (!icmp_ln5 & !tmp & !tmp_1 & !tmp_2 & !tmp_3 & !tmp_4 & !tmp_5)> <Delay = 0.00>
ST_1 : Operation 29 [1/1] (0.00ns)   --->   "%tmp_7 = bitselect i1 @_ssdm_op_BitSelect.i1.i25.i32, i25 %raw_sum_mantissa_read, i32 17" [/home/joe/Desktop/Uni/Year_4/Dissertation/Program-Synthesis-for-Efficient-ML/results/cpp/solution_fp32addition_fp32_normalisation.cpp:17]   --->   Operation 29 'bitselect' 'tmp_7' <Predicate = (!icmp_ln5 & !tmp & !tmp_1 & !tmp_2 & !tmp_3 & !tmp_4 & !tmp_5 & !tmp_6)> <Delay = 0.00>
ST_1 : Operation 30 [1/1] (0.00ns)   --->   "%br_ln17 = br i1 %tmp_7, void %if.else66, void %if.then61" [/home/joe/Desktop/Uni/Year_4/Dissertation/Program-Synthesis-for-Efficient-ML/results/cpp/solution_fp32addition_fp32_normalisation.cpp:17]   --->   Operation 30 'br' 'br_ln17' <Predicate = (!icmp_ln5 & !tmp & !tmp_1 & !tmp_2 & !tmp_3 & !tmp_4 & !tmp_5 & !tmp_6)> <Delay = 0.00>
ST_1 : Operation 31 [1/1] (0.00ns)   --->   "%tmp_8 = bitselect i1 @_ssdm_op_BitSelect.i1.i25.i32, i25 %raw_sum_mantissa_read, i32 16" [/home/joe/Desktop/Uni/Year_4/Dissertation/Program-Synthesis-for-Efficient-ML/results/cpp/solution_fp32addition_fp32_normalisation.cpp:18]   --->   Operation 31 'bitselect' 'tmp_8' <Predicate = (!icmp_ln5 & !tmp & !tmp_1 & !tmp_2 & !tmp_3 & !tmp_4 & !tmp_5 & !tmp_6 & !tmp_7)> <Delay = 0.00>
ST_1 : Operation 32 [1/1] (0.00ns)   --->   "%br_ln18 = br i1 %tmp_8, void %if.else74, void %if.then69" [/home/joe/Desktop/Uni/Year_4/Dissertation/Program-Synthesis-for-Efficient-ML/results/cpp/solution_fp32addition_fp32_normalisation.cpp:18]   --->   Operation 32 'br' 'br_ln18' <Predicate = (!icmp_ln5 & !tmp & !tmp_1 & !tmp_2 & !tmp_3 & !tmp_4 & !tmp_5 & !tmp_6 & !tmp_7)> <Delay = 0.00>
ST_1 : Operation 33 [1/1] (0.00ns)   --->   "%tmp_9 = bitselect i1 @_ssdm_op_BitSelect.i1.i25.i32, i25 %raw_sum_mantissa_read, i32 15" [/home/joe/Desktop/Uni/Year_4/Dissertation/Program-Synthesis-for-Efficient-ML/results/cpp/solution_fp32addition_fp32_normalisation.cpp:19]   --->   Operation 33 'bitselect' 'tmp_9' <Predicate = (!icmp_ln5 & !tmp & !tmp_1 & !tmp_2 & !tmp_3 & !tmp_4 & !tmp_5 & !tmp_6 & !tmp_7 & !tmp_8)> <Delay = 0.00>
ST_1 : Operation 34 [1/1] (0.00ns)   --->   "%br_ln19 = br i1 %tmp_9, void %if.else82, void %if.then77" [/home/joe/Desktop/Uni/Year_4/Dissertation/Program-Synthesis-for-Efficient-ML/results/cpp/solution_fp32addition_fp32_normalisation.cpp:19]   --->   Operation 34 'br' 'br_ln19' <Predicate = (!icmp_ln5 & !tmp & !tmp_1 & !tmp_2 & !tmp_3 & !tmp_4 & !tmp_5 & !tmp_6 & !tmp_7 & !tmp_8)> <Delay = 0.00>
ST_1 : Operation 35 [1/1] (0.00ns)   --->   "%tmp_10 = bitselect i1 @_ssdm_op_BitSelect.i1.i25.i32, i25 %raw_sum_mantissa_read, i32 14" [/home/joe/Desktop/Uni/Year_4/Dissertation/Program-Synthesis-for-Efficient-ML/results/cpp/solution_fp32addition_fp32_normalisation.cpp:20]   --->   Operation 35 'bitselect' 'tmp_10' <Predicate = (!icmp_ln5 & !tmp & !tmp_1 & !tmp_2 & !tmp_3 & !tmp_4 & !tmp_5 & !tmp_6 & !tmp_7 & !tmp_8 & !tmp_9)> <Delay = 0.00>
ST_1 : Operation 36 [1/1] (0.00ns)   --->   "%br_ln20 = br i1 %tmp_10, void %if.else90, void %if.then85" [/home/joe/Desktop/Uni/Year_4/Dissertation/Program-Synthesis-for-Efficient-ML/results/cpp/solution_fp32addition_fp32_normalisation.cpp:20]   --->   Operation 36 'br' 'br_ln20' <Predicate = (!icmp_ln5 & !tmp & !tmp_1 & !tmp_2 & !tmp_3 & !tmp_4 & !tmp_5 & !tmp_6 & !tmp_7 & !tmp_8 & !tmp_9)> <Delay = 0.00>
ST_1 : Operation 37 [1/1] (0.00ns)   --->   "%tmp_11 = bitselect i1 @_ssdm_op_BitSelect.i1.i25.i32, i25 %raw_sum_mantissa_read, i32 13" [/home/joe/Desktop/Uni/Year_4/Dissertation/Program-Synthesis-for-Efficient-ML/results/cpp/solution_fp32addition_fp32_normalisation.cpp:21]   --->   Operation 37 'bitselect' 'tmp_11' <Predicate = (!icmp_ln5 & !tmp & !tmp_1 & !tmp_2 & !tmp_3 & !tmp_4 & !tmp_5 & !tmp_6 & !tmp_7 & !tmp_8 & !tmp_9 & !tmp_10)> <Delay = 0.00>
ST_1 : Operation 38 [1/1] (0.00ns)   --->   "%br_ln21 = br i1 %tmp_11, void %if.else98, void %if.then93" [/home/joe/Desktop/Uni/Year_4/Dissertation/Program-Synthesis-for-Efficient-ML/results/cpp/solution_fp32addition_fp32_normalisation.cpp:21]   --->   Operation 38 'br' 'br_ln21' <Predicate = (!icmp_ln5 & !tmp & !tmp_1 & !tmp_2 & !tmp_3 & !tmp_4 & !tmp_5 & !tmp_6 & !tmp_7 & !tmp_8 & !tmp_9 & !tmp_10)> <Delay = 0.00>
ST_1 : Operation 39 [1/1] (0.00ns)   --->   "%tmp_12 = bitselect i1 @_ssdm_op_BitSelect.i1.i25.i32, i25 %raw_sum_mantissa_read, i32 12" [/home/joe/Desktop/Uni/Year_4/Dissertation/Program-Synthesis-for-Efficient-ML/results/cpp/solution_fp32addition_fp32_normalisation.cpp:22]   --->   Operation 39 'bitselect' 'tmp_12' <Predicate = (!icmp_ln5 & !tmp & !tmp_1 & !tmp_2 & !tmp_3 & !tmp_4 & !tmp_5 & !tmp_6 & !tmp_7 & !tmp_8 & !tmp_9 & !tmp_10 & !tmp_11)> <Delay = 0.00>
ST_1 : Operation 40 [1/1] (0.00ns)   --->   "%br_ln22 = br i1 %tmp_12, void %if.else106, void %if.then101" [/home/joe/Desktop/Uni/Year_4/Dissertation/Program-Synthesis-for-Efficient-ML/results/cpp/solution_fp32addition_fp32_normalisation.cpp:22]   --->   Operation 40 'br' 'br_ln22' <Predicate = (!icmp_ln5 & !tmp & !tmp_1 & !tmp_2 & !tmp_3 & !tmp_4 & !tmp_5 & !tmp_6 & !tmp_7 & !tmp_8 & !tmp_9 & !tmp_10 & !tmp_11)> <Delay = 0.00>
ST_1 : Operation 41 [1/1] (0.00ns)   --->   "%tmp_13 = bitselect i1 @_ssdm_op_BitSelect.i1.i25.i32, i25 %raw_sum_mantissa_read, i32 11" [/home/joe/Desktop/Uni/Year_4/Dissertation/Program-Synthesis-for-Efficient-ML/results/cpp/solution_fp32addition_fp32_normalisation.cpp:23]   --->   Operation 41 'bitselect' 'tmp_13' <Predicate = (!icmp_ln5 & !tmp & !tmp_1 & !tmp_2 & !tmp_3 & !tmp_4 & !tmp_5 & !tmp_6 & !tmp_7 & !tmp_8 & !tmp_9 & !tmp_10 & !tmp_11 & !tmp_12)> <Delay = 0.00>
ST_1 : Operation 42 [1/1] (0.00ns)   --->   "%br_ln23 = br i1 %tmp_13, void %if.else114, void %if.then109" [/home/joe/Desktop/Uni/Year_4/Dissertation/Program-Synthesis-for-Efficient-ML/results/cpp/solution_fp32addition_fp32_normalisation.cpp:23]   --->   Operation 42 'br' 'br_ln23' <Predicate = (!icmp_ln5 & !tmp & !tmp_1 & !tmp_2 & !tmp_3 & !tmp_4 & !tmp_5 & !tmp_6 & !tmp_7 & !tmp_8 & !tmp_9 & !tmp_10 & !tmp_11 & !tmp_12)> <Delay = 0.00>
ST_1 : Operation 43 [1/1] (0.00ns)   --->   "%tmp_14 = bitselect i1 @_ssdm_op_BitSelect.i1.i25.i32, i25 %raw_sum_mantissa_read, i32 10" [/home/joe/Desktop/Uni/Year_4/Dissertation/Program-Synthesis-for-Efficient-ML/results/cpp/solution_fp32addition_fp32_normalisation.cpp:24]   --->   Operation 43 'bitselect' 'tmp_14' <Predicate = (!icmp_ln5 & !tmp & !tmp_1 & !tmp_2 & !tmp_3 & !tmp_4 & !tmp_5 & !tmp_6 & !tmp_7 & !tmp_8 & !tmp_9 & !tmp_10 & !tmp_11 & !tmp_12 & !tmp_13)> <Delay = 0.00>
ST_1 : Operation 44 [1/1] (0.00ns)   --->   "%br_ln24 = br i1 %tmp_14, void %if.else122, void %if.then117" [/home/joe/Desktop/Uni/Year_4/Dissertation/Program-Synthesis-for-Efficient-ML/results/cpp/solution_fp32addition_fp32_normalisation.cpp:24]   --->   Operation 44 'br' 'br_ln24' <Predicate = (!icmp_ln5 & !tmp & !tmp_1 & !tmp_2 & !tmp_3 & !tmp_4 & !tmp_5 & !tmp_6 & !tmp_7 & !tmp_8 & !tmp_9 & !tmp_10 & !tmp_11 & !tmp_12 & !tmp_13)> <Delay = 0.00>
ST_1 : Operation 45 [1/1] (0.00ns)   --->   "%tmp_15 = bitselect i1 @_ssdm_op_BitSelect.i1.i25.i32, i25 %raw_sum_mantissa_read, i32 9" [/home/joe/Desktop/Uni/Year_4/Dissertation/Program-Synthesis-for-Efficient-ML/results/cpp/solution_fp32addition_fp32_normalisation.cpp:25]   --->   Operation 45 'bitselect' 'tmp_15' <Predicate = (!icmp_ln5 & !tmp & !tmp_1 & !tmp_2 & !tmp_3 & !tmp_4 & !tmp_5 & !tmp_6 & !tmp_7 & !tmp_8 & !tmp_9 & !tmp_10 & !tmp_11 & !tmp_12 & !tmp_13 & !tmp_14)> <Delay = 0.00>
ST_1 : Operation 46 [1/1] (0.00ns)   --->   "%br_ln25 = br i1 %tmp_15, void %if.else130, void %if.then125" [/home/joe/Desktop/Uni/Year_4/Dissertation/Program-Synthesis-for-Efficient-ML/results/cpp/solution_fp32addition_fp32_normalisation.cpp:25]   --->   Operation 46 'br' 'br_ln25' <Predicate = (!icmp_ln5 & !tmp & !tmp_1 & !tmp_2 & !tmp_3 & !tmp_4 & !tmp_5 & !tmp_6 & !tmp_7 & !tmp_8 & !tmp_9 & !tmp_10 & !tmp_11 & !tmp_12 & !tmp_13 & !tmp_14)> <Delay = 0.00>
ST_1 : Operation 47 [1/1] (0.00ns)   --->   "%tmp_16 = bitselect i1 @_ssdm_op_BitSelect.i1.i25.i32, i25 %raw_sum_mantissa_read, i32 8" [/home/joe/Desktop/Uni/Year_4/Dissertation/Program-Synthesis-for-Efficient-ML/results/cpp/solution_fp32addition_fp32_normalisation.cpp:26]   --->   Operation 47 'bitselect' 'tmp_16' <Predicate = (!icmp_ln5 & !tmp & !tmp_1 & !tmp_2 & !tmp_3 & !tmp_4 & !tmp_5 & !tmp_6 & !tmp_7 & !tmp_8 & !tmp_9 & !tmp_10 & !tmp_11 & !tmp_12 & !tmp_13 & !tmp_14 & !tmp_15)> <Delay = 0.00>
ST_1 : Operation 48 [1/1] (0.00ns)   --->   "%br_ln26 = br i1 %tmp_16, void %if.else138, void %if.then133" [/home/joe/Desktop/Uni/Year_4/Dissertation/Program-Synthesis-for-Efficient-ML/results/cpp/solution_fp32addition_fp32_normalisation.cpp:26]   --->   Operation 48 'br' 'br_ln26' <Predicate = (!icmp_ln5 & !tmp & !tmp_1 & !tmp_2 & !tmp_3 & !tmp_4 & !tmp_5 & !tmp_6 & !tmp_7 & !tmp_8 & !tmp_9 & !tmp_10 & !tmp_11 & !tmp_12 & !tmp_13 & !tmp_14 & !tmp_15)> <Delay = 0.00>
ST_1 : Operation 49 [1/1] (0.00ns)   --->   "%tmp_17 = bitselect i1 @_ssdm_op_BitSelect.i1.i25.i32, i25 %raw_sum_mantissa_read, i32 7" [/home/joe/Desktop/Uni/Year_4/Dissertation/Program-Synthesis-for-Efficient-ML/results/cpp/solution_fp32addition_fp32_normalisation.cpp:27]   --->   Operation 49 'bitselect' 'tmp_17' <Predicate = (!icmp_ln5 & !tmp & !tmp_1 & !tmp_2 & !tmp_3 & !tmp_4 & !tmp_5 & !tmp_6 & !tmp_7 & !tmp_8 & !tmp_9 & !tmp_10 & !tmp_11 & !tmp_12 & !tmp_13 & !tmp_14 & !tmp_15 & !tmp_16)> <Delay = 0.00>
ST_1 : Operation 50 [1/1] (0.00ns)   --->   "%br_ln27 = br i1 %tmp_17, void %if.else146, void %if.then141" [/home/joe/Desktop/Uni/Year_4/Dissertation/Program-Synthesis-for-Efficient-ML/results/cpp/solution_fp32addition_fp32_normalisation.cpp:27]   --->   Operation 50 'br' 'br_ln27' <Predicate = (!icmp_ln5 & !tmp & !tmp_1 & !tmp_2 & !tmp_3 & !tmp_4 & !tmp_5 & !tmp_6 & !tmp_7 & !tmp_8 & !tmp_9 & !tmp_10 & !tmp_11 & !tmp_12 & !tmp_13 & !tmp_14 & !tmp_15 & !tmp_16)> <Delay = 0.00>
ST_1 : Operation 51 [1/1] (0.00ns)   --->   "%tmp_18 = bitselect i1 @_ssdm_op_BitSelect.i1.i25.i32, i25 %raw_sum_mantissa_read, i32 6" [/home/joe/Desktop/Uni/Year_4/Dissertation/Program-Synthesis-for-Efficient-ML/results/cpp/solution_fp32addition_fp32_normalisation.cpp:28]   --->   Operation 51 'bitselect' 'tmp_18' <Predicate = (!icmp_ln5 & !tmp & !tmp_1 & !tmp_2 & !tmp_3 & !tmp_4 & !tmp_5 & !tmp_6 & !tmp_7 & !tmp_8 & !tmp_9 & !tmp_10 & !tmp_11 & !tmp_12 & !tmp_13 & !tmp_14 & !tmp_15 & !tmp_16 & !tmp_17)> <Delay = 0.00>
ST_1 : Operation 52 [1/1] (0.00ns)   --->   "%br_ln28 = br i1 %tmp_18, void %if.else154, void %if.then149" [/home/joe/Desktop/Uni/Year_4/Dissertation/Program-Synthesis-for-Efficient-ML/results/cpp/solution_fp32addition_fp32_normalisation.cpp:28]   --->   Operation 52 'br' 'br_ln28' <Predicate = (!icmp_ln5 & !tmp & !tmp_1 & !tmp_2 & !tmp_3 & !tmp_4 & !tmp_5 & !tmp_6 & !tmp_7 & !tmp_8 & !tmp_9 & !tmp_10 & !tmp_11 & !tmp_12 & !tmp_13 & !tmp_14 & !tmp_15 & !tmp_16 & !tmp_17)> <Delay = 0.00>
ST_1 : Operation 53 [1/1] (0.00ns)   --->   "%tmp_19 = bitselect i1 @_ssdm_op_BitSelect.i1.i25.i32, i25 %raw_sum_mantissa_read, i32 5" [/home/joe/Desktop/Uni/Year_4/Dissertation/Program-Synthesis-for-Efficient-ML/results/cpp/solution_fp32addition_fp32_normalisation.cpp:29]   --->   Operation 53 'bitselect' 'tmp_19' <Predicate = (!icmp_ln5 & !tmp & !tmp_1 & !tmp_2 & !tmp_3 & !tmp_4 & !tmp_5 & !tmp_6 & !tmp_7 & !tmp_8 & !tmp_9 & !tmp_10 & !tmp_11 & !tmp_12 & !tmp_13 & !tmp_14 & !tmp_15 & !tmp_16 & !tmp_17 & !tmp_18)> <Delay = 0.00>
ST_1 : Operation 54 [1/1] (0.00ns)   --->   "%br_ln29 = br i1 %tmp_19, void %if.else162, void %if.then157" [/home/joe/Desktop/Uni/Year_4/Dissertation/Program-Synthesis-for-Efficient-ML/results/cpp/solution_fp32addition_fp32_normalisation.cpp:29]   --->   Operation 54 'br' 'br_ln29' <Predicate = (!icmp_ln5 & !tmp & !tmp_1 & !tmp_2 & !tmp_3 & !tmp_4 & !tmp_5 & !tmp_6 & !tmp_7 & !tmp_8 & !tmp_9 & !tmp_10 & !tmp_11 & !tmp_12 & !tmp_13 & !tmp_14 & !tmp_15 & !tmp_16 & !tmp_17 & !tmp_18)> <Delay = 0.00>
ST_1 : Operation 55 [1/1] (0.00ns)   --->   "%tmp_20 = bitselect i1 @_ssdm_op_BitSelect.i1.i25.i32, i25 %raw_sum_mantissa_read, i32 4" [/home/joe/Desktop/Uni/Year_4/Dissertation/Program-Synthesis-for-Efficient-ML/results/cpp/solution_fp32addition_fp32_normalisation.cpp:30]   --->   Operation 55 'bitselect' 'tmp_20' <Predicate = (!icmp_ln5 & !tmp & !tmp_1 & !tmp_2 & !tmp_3 & !tmp_4 & !tmp_5 & !tmp_6 & !tmp_7 & !tmp_8 & !tmp_9 & !tmp_10 & !tmp_11 & !tmp_12 & !tmp_13 & !tmp_14 & !tmp_15 & !tmp_16 & !tmp_17 & !tmp_18 & !tmp_19)> <Delay = 0.00>
ST_1 : Operation 56 [1/1] (0.00ns)   --->   "%br_ln30 = br i1 %tmp_20, void %if.else170, void %if.then165" [/home/joe/Desktop/Uni/Year_4/Dissertation/Program-Synthesis-for-Efficient-ML/results/cpp/solution_fp32addition_fp32_normalisation.cpp:30]   --->   Operation 56 'br' 'br_ln30' <Predicate = (!icmp_ln5 & !tmp & !tmp_1 & !tmp_2 & !tmp_3 & !tmp_4 & !tmp_5 & !tmp_6 & !tmp_7 & !tmp_8 & !tmp_9 & !tmp_10 & !tmp_11 & !tmp_12 & !tmp_13 & !tmp_14 & !tmp_15 & !tmp_16 & !tmp_17 & !tmp_18 & !tmp_19)> <Delay = 0.00>
ST_1 : Operation 57 [1/1] (0.00ns)   --->   "%tmp_21 = bitselect i1 @_ssdm_op_BitSelect.i1.i25.i32, i25 %raw_sum_mantissa_read, i32 3" [/home/joe/Desktop/Uni/Year_4/Dissertation/Program-Synthesis-for-Efficient-ML/results/cpp/solution_fp32addition_fp32_normalisation.cpp:31]   --->   Operation 57 'bitselect' 'tmp_21' <Predicate = (!icmp_ln5 & !tmp & !tmp_1 & !tmp_2 & !tmp_3 & !tmp_4 & !tmp_5 & !tmp_6 & !tmp_7 & !tmp_8 & !tmp_9 & !tmp_10 & !tmp_11 & !tmp_12 & !tmp_13 & !tmp_14 & !tmp_15 & !tmp_16 & !tmp_17 & !tmp_18 & !tmp_19 & !tmp_20)> <Delay = 0.00>
ST_1 : Operation 58 [1/1] (0.00ns)   --->   "%br_ln31 = br i1 %tmp_21, void %if.else178, void %if.then173" [/home/joe/Desktop/Uni/Year_4/Dissertation/Program-Synthesis-for-Efficient-ML/results/cpp/solution_fp32addition_fp32_normalisation.cpp:31]   --->   Operation 58 'br' 'br_ln31' <Predicate = (!icmp_ln5 & !tmp & !tmp_1 & !tmp_2 & !tmp_3 & !tmp_4 & !tmp_5 & !tmp_6 & !tmp_7 & !tmp_8 & !tmp_9 & !tmp_10 & !tmp_11 & !tmp_12 & !tmp_13 & !tmp_14 & !tmp_15 & !tmp_16 & !tmp_17 & !tmp_18 & !tmp_19 & !tmp_20)> <Delay = 0.00>
ST_1 : Operation 59 [1/1] (0.00ns)   --->   "%tmp_22 = bitselect i1 @_ssdm_op_BitSelect.i1.i25.i32, i25 %raw_sum_mantissa_read, i32 2" [/home/joe/Desktop/Uni/Year_4/Dissertation/Program-Synthesis-for-Efficient-ML/results/cpp/solution_fp32addition_fp32_normalisation.cpp:32]   --->   Operation 59 'bitselect' 'tmp_22' <Predicate = (!icmp_ln5 & !tmp & !tmp_1 & !tmp_2 & !tmp_3 & !tmp_4 & !tmp_5 & !tmp_6 & !tmp_7 & !tmp_8 & !tmp_9 & !tmp_10 & !tmp_11 & !tmp_12 & !tmp_13 & !tmp_14 & !tmp_15 & !tmp_16 & !tmp_17 & !tmp_18 & !tmp_19 & !tmp_20 & !tmp_21)> <Delay = 0.00>
ST_1 : Operation 60 [1/1] (0.00ns)   --->   "%br_ln32 = br i1 %tmp_22, void %if.else186, void %if.then181" [/home/joe/Desktop/Uni/Year_4/Dissertation/Program-Synthesis-for-Efficient-ML/results/cpp/solution_fp32addition_fp32_normalisation.cpp:32]   --->   Operation 60 'br' 'br_ln32' <Predicate = (!icmp_ln5 & !tmp & !tmp_1 & !tmp_2 & !tmp_3 & !tmp_4 & !tmp_5 & !tmp_6 & !tmp_7 & !tmp_8 & !tmp_9 & !tmp_10 & !tmp_11 & !tmp_12 & !tmp_13 & !tmp_14 & !tmp_15 & !tmp_16 & !tmp_17 & !tmp_18 & !tmp_19 & !tmp_20 & !tmp_21)> <Delay = 0.00>
ST_1 : Operation 61 [1/1] (0.00ns)   --->   "%tmp_23 = bitselect i1 @_ssdm_op_BitSelect.i1.i25.i32, i25 %raw_sum_mantissa_read, i32 1" [/home/joe/Desktop/Uni/Year_4/Dissertation/Program-Synthesis-for-Efficient-ML/results/cpp/solution_fp32addition_fp32_normalisation.cpp:33]   --->   Operation 61 'bitselect' 'tmp_23' <Predicate = (!icmp_ln5 & !tmp & !tmp_1 & !tmp_2 & !tmp_3 & !tmp_4 & !tmp_5 & !tmp_6 & !tmp_7 & !tmp_8 & !tmp_9 & !tmp_10 & !tmp_11 & !tmp_12 & !tmp_13 & !tmp_14 & !tmp_15 & !tmp_16 & !tmp_17 & !tmp_18 & !tmp_19 & !tmp_20 & !tmp_21 & !tmp_22)> <Delay = 0.00>
ST_1 : Operation 62 [1/1] (0.00ns)   --->   "%br_ln33 = br i1 %tmp_23, void %if.else194, void %if.then189" [/home/joe/Desktop/Uni/Year_4/Dissertation/Program-Synthesis-for-Efficient-ML/results/cpp/solution_fp32addition_fp32_normalisation.cpp:33]   --->   Operation 62 'br' 'br_ln33' <Predicate = (!icmp_ln5 & !tmp & !tmp_1 & !tmp_2 & !tmp_3 & !tmp_4 & !tmp_5 & !tmp_6 & !tmp_7 & !tmp_8 & !tmp_9 & !tmp_10 & !tmp_11 & !tmp_12 & !tmp_13 & !tmp_14 & !tmp_15 & !tmp_16 & !tmp_17 & !tmp_18 & !tmp_19 & !tmp_20 & !tmp_21 & !tmp_22)> <Delay = 0.00>
ST_1 : Operation 63 [1/1] (1.91ns)   --->   "%exp_24 = add i8 %target_exponent_read, i8 233" [/home/joe/Desktop/Uni/Year_4/Dissertation/Program-Synthesis-for-Efficient-ML/results/cpp/solution_fp32addition_fp32_normalisation.cpp:34]   --->   Operation 63 'add' 'exp_24' <Predicate = (!icmp_ln5 & !tmp & !tmp_1 & !tmp_2 & !tmp_3 & !tmp_4 & !tmp_5 & !tmp_6 & !tmp_7 & !tmp_8 & !tmp_9 & !tmp_10 & !tmp_11 & !tmp_12 & !tmp_13 & !tmp_14 & !tmp_15 & !tmp_16 & !tmp_17 & !tmp_18 & !tmp_19 & !tmp_20 & !tmp_21 & !tmp_22 & !tmp_23)> <Delay = 1.91> <CoreInst = "Adder">   --->   Core 1 'Adder' <Latency = 0> <II = 1> <Delay = 1.91> <FuncUnit> <Opcode : 'add' 'sub'> <InPorts = 2> <OutPorts = 1>
ST_1 : Operation 64 [1/1] (3.20ns)   --->   "%br_ln0 = br void %if.end222"   --->   Operation 64 'br' 'br_ln0' <Predicate = (!icmp_ln5 & !tmp & !tmp_1 & !tmp_2 & !tmp_3 & !tmp_4 & !tmp_5 & !tmp_6 & !tmp_7 & !tmp_8 & !tmp_9 & !tmp_10 & !tmp_11 & !tmp_12 & !tmp_13 & !tmp_14 & !tmp_15 & !tmp_16 & !tmp_17 & !tmp_18 & !tmp_19 & !tmp_20 & !tmp_21 & !tmp_22 & !tmp_23)> <Delay = 3.20>
ST_1 : Operation 65 [1/1] (0.00ns)   --->   "%trunc_ln33 = trunc i25 %raw_sum_mantissa_read" [/home/joe/Desktop/Uni/Year_4/Dissertation/Program-Synthesis-for-Efficient-ML/results/cpp/solution_fp32addition_fp32_normalisation.cpp:33]   --->   Operation 65 'trunc' 'trunc_ln33' <Predicate = (!icmp_ln5 & !tmp & !tmp_1 & !tmp_2 & !tmp_3 & !tmp_4 & !tmp_5 & !tmp_6 & !tmp_7 & !tmp_8 & !tmp_9 & !tmp_10 & !tmp_11 & !tmp_12 & !tmp_13 & !tmp_14 & !tmp_15 & !tmp_16 & !tmp_17 & !tmp_18 & !tmp_19 & !tmp_20 & !tmp_21 & !tmp_22 & tmp_23)> <Delay = 0.00>
ST_1 : Operation 66 [1/1] (0.00ns)   --->   "%norm24_21 = bitconcatenate i23 @_ssdm_op_BitConcatenate.i23.i1.i22, i1 %trunc_ln33, i22 0" [/home/joe/Desktop/Uni/Year_4/Dissertation/Program-Synthesis-for-Efficient-ML/results/cpp/solution_fp32addition_fp32_normalisation.cpp:33]   --->   Operation 66 'bitconcatenate' 'norm24_21' <Predicate = (!icmp_ln5 & !tmp & !tmp_1 & !tmp_2 & !tmp_3 & !tmp_4 & !tmp_5 & !tmp_6 & !tmp_7 & !tmp_8 & !tmp_9 & !tmp_10 & !tmp_11 & !tmp_12 & !tmp_13 & !tmp_14 & !tmp_15 & !tmp_16 & !tmp_17 & !tmp_18 & !tmp_19 & !tmp_20 & !tmp_21 & !tmp_22 & tmp_23)> <Delay = 0.00>
ST_1 : Operation 67 [1/1] (1.91ns)   --->   "%exp_22 = add i8 %target_exponent_read, i8 234" [/home/joe/Desktop/Uni/Year_4/Dissertation/Program-Synthesis-for-Efficient-ML/results/cpp/solution_fp32addition_fp32_normalisation.cpp:33]   --->   Operation 67 'add' 'exp_22' <Predicate = (!icmp_ln5 & !tmp & !tmp_1 & !tmp_2 & !tmp_3 & !tmp_4 & !tmp_5 & !tmp_6 & !tmp_7 & !tmp_8 & !tmp_9 & !tmp_10 & !tmp_11 & !tmp_12 & !tmp_13 & !tmp_14 & !tmp_15 & !tmp_16 & !tmp_17 & !tmp_18 & !tmp_19 & !tmp_20 & !tmp_21 & !tmp_22 & tmp_23)> <Delay = 1.91> <CoreInst = "Adder">   --->   Core 1 'Adder' <Latency = 0> <II = 1> <Delay = 1.91> <FuncUnit> <Opcode : 'add' 'sub'> <InPorts = 2> <OutPorts = 1>
ST_1 : Operation 68 [1/1] (3.20ns)   --->   "%br_ln33 = br void %if.end222" [/home/joe/Desktop/Uni/Year_4/Dissertation/Program-Synthesis-for-Efficient-ML/results/cpp/solution_fp32addition_fp32_normalisation.cpp:33]   --->   Operation 68 'br' 'br_ln33' <Predicate = (!icmp_ln5 & !tmp & !tmp_1 & !tmp_2 & !tmp_3 & !tmp_4 & !tmp_5 & !tmp_6 & !tmp_7 & !tmp_8 & !tmp_9 & !tmp_10 & !tmp_11 & !tmp_12 & !tmp_13 & !tmp_14 & !tmp_15 & !tmp_16 & !tmp_17 & !tmp_18 & !tmp_19 & !tmp_20 & !tmp_21 & !tmp_22 & tmp_23)> <Delay = 3.20>
ST_1 : Operation 69 [1/1] (0.00ns)   --->   "%trunc_ln32 = trunc i25 %raw_sum_mantissa_read" [/home/joe/Desktop/Uni/Year_4/Dissertation/Program-Synthesis-for-Efficient-ML/results/cpp/solution_fp32addition_fp32_normalisation.cpp:32]   --->   Operation 69 'trunc' 'trunc_ln32' <Predicate = (!icmp_ln5 & !tmp & !tmp_1 & !tmp_2 & !tmp_3 & !tmp_4 & !tmp_5 & !tmp_6 & !tmp_7 & !tmp_8 & !tmp_9 & !tmp_10 & !tmp_11 & !tmp_12 & !tmp_13 & !tmp_14 & !tmp_15 & !tmp_16 & !tmp_17 & !tmp_18 & !tmp_19 & !tmp_20 & !tmp_21 & tmp_22)> <Delay = 0.00>
ST_1 : Operation 70 [1/1] (0.00ns)   --->   "%norm24_20 = bitconcatenate i23 @_ssdm_op_BitConcatenate.i23.i2.i21, i2 %trunc_ln32, i21 0" [/home/joe/Desktop/Uni/Year_4/Dissertation/Program-Synthesis-for-Efficient-ML/results/cpp/solution_fp32addition_fp32_normalisation.cpp:32]   --->   Operation 70 'bitconcatenate' 'norm24_20' <Predicate = (!icmp_ln5 & !tmp & !tmp_1 & !tmp_2 & !tmp_3 & !tmp_4 & !tmp_5 & !tmp_6 & !tmp_7 & !tmp_8 & !tmp_9 & !tmp_10 & !tmp_11 & !tmp_12 & !tmp_13 & !tmp_14 & !tmp_15 & !tmp_16 & !tmp_17 & !tmp_18 & !tmp_19 & !tmp_20 & !tmp_21 & tmp_22)> <Delay = 0.00>
ST_1 : Operation 71 [1/1] (1.91ns)   --->   "%exp_21 = add i8 %target_exponent_read, i8 235" [/home/joe/Desktop/Uni/Year_4/Dissertation/Program-Synthesis-for-Efficient-ML/results/cpp/solution_fp32addition_fp32_normalisation.cpp:32]   --->   Operation 71 'add' 'exp_21' <Predicate = (!icmp_ln5 & !tmp & !tmp_1 & !tmp_2 & !tmp_3 & !tmp_4 & !tmp_5 & !tmp_6 & !tmp_7 & !tmp_8 & !tmp_9 & !tmp_10 & !tmp_11 & !tmp_12 & !tmp_13 & !tmp_14 & !tmp_15 & !tmp_16 & !tmp_17 & !tmp_18 & !tmp_19 & !tmp_20 & !tmp_21 & tmp_22)> <Delay = 1.91> <CoreInst = "Adder">   --->   Core 1 'Adder' <Latency = 0> <II = 1> <Delay = 1.91> <FuncUnit> <Opcode : 'add' 'sub'> <InPorts = 2> <OutPorts = 1>
ST_1 : Operation 72 [1/1] (3.20ns)   --->   "%br_ln32 = br void %if.end222" [/home/joe/Desktop/Uni/Year_4/Dissertation/Program-Synthesis-for-Efficient-ML/results/cpp/solution_fp32addition_fp32_normalisation.cpp:32]   --->   Operation 72 'br' 'br_ln32' <Predicate = (!icmp_ln5 & !tmp & !tmp_1 & !tmp_2 & !tmp_3 & !tmp_4 & !tmp_5 & !tmp_6 & !tmp_7 & !tmp_8 & !tmp_9 & !tmp_10 & !tmp_11 & !tmp_12 & !tmp_13 & !tmp_14 & !tmp_15 & !tmp_16 & !tmp_17 & !tmp_18 & !tmp_19 & !tmp_20 & !tmp_21 & tmp_22)> <Delay = 3.20>
ST_1 : Operation 73 [1/1] (0.00ns)   --->   "%trunc_ln31 = trunc i25 %raw_sum_mantissa_read" [/home/joe/Desktop/Uni/Year_4/Dissertation/Program-Synthesis-for-Efficient-ML/results/cpp/solution_fp32addition_fp32_normalisation.cpp:31]   --->   Operation 73 'trunc' 'trunc_ln31' <Predicate = (!icmp_ln5 & !tmp & !tmp_1 & !tmp_2 & !tmp_3 & !tmp_4 & !tmp_5 & !tmp_6 & !tmp_7 & !tmp_8 & !tmp_9 & !tmp_10 & !tmp_11 & !tmp_12 & !tmp_13 & !tmp_14 & !tmp_15 & !tmp_16 & !tmp_17 & !tmp_18 & !tmp_19 & !tmp_20 & tmp_21)> <Delay = 0.00>
ST_1 : Operation 74 [1/1] (0.00ns)   --->   "%norm24_19 = bitconcatenate i23 @_ssdm_op_BitConcatenate.i23.i3.i20, i3 %trunc_ln31, i20 0" [/home/joe/Desktop/Uni/Year_4/Dissertation/Program-Synthesis-for-Efficient-ML/results/cpp/solution_fp32addition_fp32_normalisation.cpp:31]   --->   Operation 74 'bitconcatenate' 'norm24_19' <Predicate = (!icmp_ln5 & !tmp & !tmp_1 & !tmp_2 & !tmp_3 & !tmp_4 & !tmp_5 & !tmp_6 & !tmp_7 & !tmp_8 & !tmp_9 & !tmp_10 & !tmp_11 & !tmp_12 & !tmp_13 & !tmp_14 & !tmp_15 & !tmp_16 & !tmp_17 & !tmp_18 & !tmp_19 & !tmp_20 & tmp_21)> <Delay = 0.00>
ST_1 : Operation 75 [1/1] (1.91ns)   --->   "%exp_20 = add i8 %target_exponent_read, i8 236" [/home/joe/Desktop/Uni/Year_4/Dissertation/Program-Synthesis-for-Efficient-ML/results/cpp/solution_fp32addition_fp32_normalisation.cpp:31]   --->   Operation 75 'add' 'exp_20' <Predicate = (!icmp_ln5 & !tmp & !tmp_1 & !tmp_2 & !tmp_3 & !tmp_4 & !tmp_5 & !tmp_6 & !tmp_7 & !tmp_8 & !tmp_9 & !tmp_10 & !tmp_11 & !tmp_12 & !tmp_13 & !tmp_14 & !tmp_15 & !tmp_16 & !tmp_17 & !tmp_18 & !tmp_19 & !tmp_20 & tmp_21)> <Delay = 1.91> <CoreInst = "Adder">   --->   Core 1 'Adder' <Latency = 0> <II = 1> <Delay = 1.91> <FuncUnit> <Opcode : 'add' 'sub'> <InPorts = 2> <OutPorts = 1>
ST_1 : Operation 76 [1/1] (3.20ns)   --->   "%br_ln31 = br void %if.end222" [/home/joe/Desktop/Uni/Year_4/Dissertation/Program-Synthesis-for-Efficient-ML/results/cpp/solution_fp32addition_fp32_normalisation.cpp:31]   --->   Operation 76 'br' 'br_ln31' <Predicate = (!icmp_ln5 & !tmp & !tmp_1 & !tmp_2 & !tmp_3 & !tmp_4 & !tmp_5 & !tmp_6 & !tmp_7 & !tmp_8 & !tmp_9 & !tmp_10 & !tmp_11 & !tmp_12 & !tmp_13 & !tmp_14 & !tmp_15 & !tmp_16 & !tmp_17 & !tmp_18 & !tmp_19 & !tmp_20 & tmp_21)> <Delay = 3.20>
ST_1 : Operation 77 [1/1] (0.00ns)   --->   "%trunc_ln30 = trunc i25 %raw_sum_mantissa_read" [/home/joe/Desktop/Uni/Year_4/Dissertation/Program-Synthesis-for-Efficient-ML/results/cpp/solution_fp32addition_fp32_normalisation.cpp:30]   --->   Operation 77 'trunc' 'trunc_ln30' <Predicate = (!icmp_ln5 & !tmp & !tmp_1 & !tmp_2 & !tmp_3 & !tmp_4 & !tmp_5 & !tmp_6 & !tmp_7 & !tmp_8 & !tmp_9 & !tmp_10 & !tmp_11 & !tmp_12 & !tmp_13 & !tmp_14 & !tmp_15 & !tmp_16 & !tmp_17 & !tmp_18 & !tmp_19 & tmp_20)> <Delay = 0.00>
ST_1 : Operation 78 [1/1] (0.00ns)   --->   "%norm24_18 = bitconcatenate i23 @_ssdm_op_BitConcatenate.i23.i4.i19, i4 %trunc_ln30, i19 0" [/home/joe/Desktop/Uni/Year_4/Dissertation/Program-Synthesis-for-Efficient-ML/results/cpp/solution_fp32addition_fp32_normalisation.cpp:30]   --->   Operation 78 'bitconcatenate' 'norm24_18' <Predicate = (!icmp_ln5 & !tmp & !tmp_1 & !tmp_2 & !tmp_3 & !tmp_4 & !tmp_5 & !tmp_6 & !tmp_7 & !tmp_8 & !tmp_9 & !tmp_10 & !tmp_11 & !tmp_12 & !tmp_13 & !tmp_14 & !tmp_15 & !tmp_16 & !tmp_17 & !tmp_18 & !tmp_19 & tmp_20)> <Delay = 0.00>
ST_1 : Operation 79 [1/1] (1.91ns)   --->   "%exp_19 = add i8 %target_exponent_read, i8 237" [/home/joe/Desktop/Uni/Year_4/Dissertation/Program-Synthesis-for-Efficient-ML/results/cpp/solution_fp32addition_fp32_normalisation.cpp:30]   --->   Operation 79 'add' 'exp_19' <Predicate = (!icmp_ln5 & !tmp & !tmp_1 & !tmp_2 & !tmp_3 & !tmp_4 & !tmp_5 & !tmp_6 & !tmp_7 & !tmp_8 & !tmp_9 & !tmp_10 & !tmp_11 & !tmp_12 & !tmp_13 & !tmp_14 & !tmp_15 & !tmp_16 & !tmp_17 & !tmp_18 & !tmp_19 & tmp_20)> <Delay = 1.91> <CoreInst = "Adder">   --->   Core 1 'Adder' <Latency = 0> <II = 1> <Delay = 1.91> <FuncUnit> <Opcode : 'add' 'sub'> <InPorts = 2> <OutPorts = 1>
ST_1 : Operation 80 [1/1] (3.20ns)   --->   "%br_ln30 = br void %if.end222" [/home/joe/Desktop/Uni/Year_4/Dissertation/Program-Synthesis-for-Efficient-ML/results/cpp/solution_fp32addition_fp32_normalisation.cpp:30]   --->   Operation 80 'br' 'br_ln30' <Predicate = (!icmp_ln5 & !tmp & !tmp_1 & !tmp_2 & !tmp_3 & !tmp_4 & !tmp_5 & !tmp_6 & !tmp_7 & !tmp_8 & !tmp_9 & !tmp_10 & !tmp_11 & !tmp_12 & !tmp_13 & !tmp_14 & !tmp_15 & !tmp_16 & !tmp_17 & !tmp_18 & !tmp_19 & tmp_20)> <Delay = 3.20>
ST_1 : Operation 81 [1/1] (0.00ns)   --->   "%trunc_ln29 = trunc i25 %raw_sum_mantissa_read" [/home/joe/Desktop/Uni/Year_4/Dissertation/Program-Synthesis-for-Efficient-ML/results/cpp/solution_fp32addition_fp32_normalisation.cpp:29]   --->   Operation 81 'trunc' 'trunc_ln29' <Predicate = (!icmp_ln5 & !tmp & !tmp_1 & !tmp_2 & !tmp_3 & !tmp_4 & !tmp_5 & !tmp_6 & !tmp_7 & !tmp_8 & !tmp_9 & !tmp_10 & !tmp_11 & !tmp_12 & !tmp_13 & !tmp_14 & !tmp_15 & !tmp_16 & !tmp_17 & !tmp_18 & tmp_19)> <Delay = 0.00>
ST_1 : Operation 82 [1/1] (0.00ns)   --->   "%norm24_17 = bitconcatenate i23 @_ssdm_op_BitConcatenate.i23.i5.i18, i5 %trunc_ln29, i18 0" [/home/joe/Desktop/Uni/Year_4/Dissertation/Program-Synthesis-for-Efficient-ML/results/cpp/solution_fp32addition_fp32_normalisation.cpp:29]   --->   Operation 82 'bitconcatenate' 'norm24_17' <Predicate = (!icmp_ln5 & !tmp & !tmp_1 & !tmp_2 & !tmp_3 & !tmp_4 & !tmp_5 & !tmp_6 & !tmp_7 & !tmp_8 & !tmp_9 & !tmp_10 & !tmp_11 & !tmp_12 & !tmp_13 & !tmp_14 & !tmp_15 & !tmp_16 & !tmp_17 & !tmp_18 & tmp_19)> <Delay = 0.00>
ST_1 : Operation 83 [1/1] (1.91ns)   --->   "%exp_18 = add i8 %target_exponent_read, i8 238" [/home/joe/Desktop/Uni/Year_4/Dissertation/Program-Synthesis-for-Efficient-ML/results/cpp/solution_fp32addition_fp32_normalisation.cpp:29]   --->   Operation 83 'add' 'exp_18' <Predicate = (!icmp_ln5 & !tmp & !tmp_1 & !tmp_2 & !tmp_3 & !tmp_4 & !tmp_5 & !tmp_6 & !tmp_7 & !tmp_8 & !tmp_9 & !tmp_10 & !tmp_11 & !tmp_12 & !tmp_13 & !tmp_14 & !tmp_15 & !tmp_16 & !tmp_17 & !tmp_18 & tmp_19)> <Delay = 1.91> <CoreInst = "Adder">   --->   Core 1 'Adder' <Latency = 0> <II = 1> <Delay = 1.91> <FuncUnit> <Opcode : 'add' 'sub'> <InPorts = 2> <OutPorts = 1>
ST_1 : Operation 84 [1/1] (3.20ns)   --->   "%br_ln29 = br void %if.end222" [/home/joe/Desktop/Uni/Year_4/Dissertation/Program-Synthesis-for-Efficient-ML/results/cpp/solution_fp32addition_fp32_normalisation.cpp:29]   --->   Operation 84 'br' 'br_ln29' <Predicate = (!icmp_ln5 & !tmp & !tmp_1 & !tmp_2 & !tmp_3 & !tmp_4 & !tmp_5 & !tmp_6 & !tmp_7 & !tmp_8 & !tmp_9 & !tmp_10 & !tmp_11 & !tmp_12 & !tmp_13 & !tmp_14 & !tmp_15 & !tmp_16 & !tmp_17 & !tmp_18 & tmp_19)> <Delay = 3.20>
ST_1 : Operation 85 [1/1] (0.00ns)   --->   "%trunc_ln28 = trunc i25 %raw_sum_mantissa_read" [/home/joe/Desktop/Uni/Year_4/Dissertation/Program-Synthesis-for-Efficient-ML/results/cpp/solution_fp32addition_fp32_normalisation.cpp:28]   --->   Operation 85 'trunc' 'trunc_ln28' <Predicate = (!icmp_ln5 & !tmp & !tmp_1 & !tmp_2 & !tmp_3 & !tmp_4 & !tmp_5 & !tmp_6 & !tmp_7 & !tmp_8 & !tmp_9 & !tmp_10 & !tmp_11 & !tmp_12 & !tmp_13 & !tmp_14 & !tmp_15 & !tmp_16 & !tmp_17 & tmp_18)> <Delay = 0.00>
ST_1 : Operation 86 [1/1] (0.00ns)   --->   "%norm24_16 = bitconcatenate i23 @_ssdm_op_BitConcatenate.i23.i6.i17, i6 %trunc_ln28, i17 0" [/home/joe/Desktop/Uni/Year_4/Dissertation/Program-Synthesis-for-Efficient-ML/results/cpp/solution_fp32addition_fp32_normalisation.cpp:28]   --->   Operation 86 'bitconcatenate' 'norm24_16' <Predicate = (!icmp_ln5 & !tmp & !tmp_1 & !tmp_2 & !tmp_3 & !tmp_4 & !tmp_5 & !tmp_6 & !tmp_7 & !tmp_8 & !tmp_9 & !tmp_10 & !tmp_11 & !tmp_12 & !tmp_13 & !tmp_14 & !tmp_15 & !tmp_16 & !tmp_17 & tmp_18)> <Delay = 0.00>
ST_1 : Operation 87 [1/1] (1.91ns)   --->   "%exp_17 = add i8 %target_exponent_read, i8 239" [/home/joe/Desktop/Uni/Year_4/Dissertation/Program-Synthesis-for-Efficient-ML/results/cpp/solution_fp32addition_fp32_normalisation.cpp:28]   --->   Operation 87 'add' 'exp_17' <Predicate = (!icmp_ln5 & !tmp & !tmp_1 & !tmp_2 & !tmp_3 & !tmp_4 & !tmp_5 & !tmp_6 & !tmp_7 & !tmp_8 & !tmp_9 & !tmp_10 & !tmp_11 & !tmp_12 & !tmp_13 & !tmp_14 & !tmp_15 & !tmp_16 & !tmp_17 & tmp_18)> <Delay = 1.91> <CoreInst = "Adder">   --->   Core 1 'Adder' <Latency = 0> <II = 1> <Delay = 1.91> <FuncUnit> <Opcode : 'add' 'sub'> <InPorts = 2> <OutPorts = 1>
ST_1 : Operation 88 [1/1] (3.20ns)   --->   "%br_ln28 = br void %if.end222" [/home/joe/Desktop/Uni/Year_4/Dissertation/Program-Synthesis-for-Efficient-ML/results/cpp/solution_fp32addition_fp32_normalisation.cpp:28]   --->   Operation 88 'br' 'br_ln28' <Predicate = (!icmp_ln5 & !tmp & !tmp_1 & !tmp_2 & !tmp_3 & !tmp_4 & !tmp_5 & !tmp_6 & !tmp_7 & !tmp_8 & !tmp_9 & !tmp_10 & !tmp_11 & !tmp_12 & !tmp_13 & !tmp_14 & !tmp_15 & !tmp_16 & !tmp_17 & tmp_18)> <Delay = 3.20>
ST_1 : Operation 89 [1/1] (0.00ns)   --->   "%trunc_ln27 = trunc i25 %raw_sum_mantissa_read" [/home/joe/Desktop/Uni/Year_4/Dissertation/Program-Synthesis-for-Efficient-ML/results/cpp/solution_fp32addition_fp32_normalisation.cpp:27]   --->   Operation 89 'trunc' 'trunc_ln27' <Predicate = (!icmp_ln5 & !tmp & !tmp_1 & !tmp_2 & !tmp_3 & !tmp_4 & !tmp_5 & !tmp_6 & !tmp_7 & !tmp_8 & !tmp_9 & !tmp_10 & !tmp_11 & !tmp_12 & !tmp_13 & !tmp_14 & !tmp_15 & !tmp_16 & tmp_17)> <Delay = 0.00>
ST_1 : Operation 90 [1/1] (0.00ns)   --->   "%norm24_15 = bitconcatenate i23 @_ssdm_op_BitConcatenate.i23.i7.i16, i7 %trunc_ln27, i16 0" [/home/joe/Desktop/Uni/Year_4/Dissertation/Program-Synthesis-for-Efficient-ML/results/cpp/solution_fp32addition_fp32_normalisation.cpp:27]   --->   Operation 90 'bitconcatenate' 'norm24_15' <Predicate = (!icmp_ln5 & !tmp & !tmp_1 & !tmp_2 & !tmp_3 & !tmp_4 & !tmp_5 & !tmp_6 & !tmp_7 & !tmp_8 & !tmp_9 & !tmp_10 & !tmp_11 & !tmp_12 & !tmp_13 & !tmp_14 & !tmp_15 & !tmp_16 & tmp_17)> <Delay = 0.00>
ST_1 : Operation 91 [1/1] (1.91ns)   --->   "%exp_16 = add i8 %target_exponent_read, i8 240" [/home/joe/Desktop/Uni/Year_4/Dissertation/Program-Synthesis-for-Efficient-ML/results/cpp/solution_fp32addition_fp32_normalisation.cpp:27]   --->   Operation 91 'add' 'exp_16' <Predicate = (!icmp_ln5 & !tmp & !tmp_1 & !tmp_2 & !tmp_3 & !tmp_4 & !tmp_5 & !tmp_6 & !tmp_7 & !tmp_8 & !tmp_9 & !tmp_10 & !tmp_11 & !tmp_12 & !tmp_13 & !tmp_14 & !tmp_15 & !tmp_16 & tmp_17)> <Delay = 1.91> <CoreInst = "Adder">   --->   Core 1 'Adder' <Latency = 0> <II = 1> <Delay = 1.91> <FuncUnit> <Opcode : 'add' 'sub'> <InPorts = 2> <OutPorts = 1>
ST_1 : Operation 92 [1/1] (3.20ns)   --->   "%br_ln27 = br void %if.end222" [/home/joe/Desktop/Uni/Year_4/Dissertation/Program-Synthesis-for-Efficient-ML/results/cpp/solution_fp32addition_fp32_normalisation.cpp:27]   --->   Operation 92 'br' 'br_ln27' <Predicate = (!icmp_ln5 & !tmp & !tmp_1 & !tmp_2 & !tmp_3 & !tmp_4 & !tmp_5 & !tmp_6 & !tmp_7 & !tmp_8 & !tmp_9 & !tmp_10 & !tmp_11 & !tmp_12 & !tmp_13 & !tmp_14 & !tmp_15 & !tmp_16 & tmp_17)> <Delay = 3.20>
ST_1 : Operation 93 [1/1] (0.00ns)   --->   "%trunc_ln26 = trunc i25 %raw_sum_mantissa_read" [/home/joe/Desktop/Uni/Year_4/Dissertation/Program-Synthesis-for-Efficient-ML/results/cpp/solution_fp32addition_fp32_normalisation.cpp:26]   --->   Operation 93 'trunc' 'trunc_ln26' <Predicate = (!icmp_ln5 & !tmp & !tmp_1 & !tmp_2 & !tmp_3 & !tmp_4 & !tmp_5 & !tmp_6 & !tmp_7 & !tmp_8 & !tmp_9 & !tmp_10 & !tmp_11 & !tmp_12 & !tmp_13 & !tmp_14 & !tmp_15 & tmp_16)> <Delay = 0.00>
ST_1 : Operation 94 [1/1] (0.00ns)   --->   "%norm24_14 = bitconcatenate i23 @_ssdm_op_BitConcatenate.i23.i8.i15, i8 %trunc_ln26, i15 0" [/home/joe/Desktop/Uni/Year_4/Dissertation/Program-Synthesis-for-Efficient-ML/results/cpp/solution_fp32addition_fp32_normalisation.cpp:26]   --->   Operation 94 'bitconcatenate' 'norm24_14' <Predicate = (!icmp_ln5 & !tmp & !tmp_1 & !tmp_2 & !tmp_3 & !tmp_4 & !tmp_5 & !tmp_6 & !tmp_7 & !tmp_8 & !tmp_9 & !tmp_10 & !tmp_11 & !tmp_12 & !tmp_13 & !tmp_14 & !tmp_15 & tmp_16)> <Delay = 0.00>
ST_1 : Operation 95 [1/1] (1.91ns)   --->   "%exp_15 = add i8 %target_exponent_read, i8 241" [/home/joe/Desktop/Uni/Year_4/Dissertation/Program-Synthesis-for-Efficient-ML/results/cpp/solution_fp32addition_fp32_normalisation.cpp:26]   --->   Operation 95 'add' 'exp_15' <Predicate = (!icmp_ln5 & !tmp & !tmp_1 & !tmp_2 & !tmp_3 & !tmp_4 & !tmp_5 & !tmp_6 & !tmp_7 & !tmp_8 & !tmp_9 & !tmp_10 & !tmp_11 & !tmp_12 & !tmp_13 & !tmp_14 & !tmp_15 & tmp_16)> <Delay = 1.91> <CoreInst = "Adder">   --->   Core 1 'Adder' <Latency = 0> <II = 1> <Delay = 1.91> <FuncUnit> <Opcode : 'add' 'sub'> <InPorts = 2> <OutPorts = 1>
ST_1 : Operation 96 [1/1] (3.20ns)   --->   "%br_ln26 = br void %if.end222" [/home/joe/Desktop/Uni/Year_4/Dissertation/Program-Synthesis-for-Efficient-ML/results/cpp/solution_fp32addition_fp32_normalisation.cpp:26]   --->   Operation 96 'br' 'br_ln26' <Predicate = (!icmp_ln5 & !tmp & !tmp_1 & !tmp_2 & !tmp_3 & !tmp_4 & !tmp_5 & !tmp_6 & !tmp_7 & !tmp_8 & !tmp_9 & !tmp_10 & !tmp_11 & !tmp_12 & !tmp_13 & !tmp_14 & !tmp_15 & tmp_16)> <Delay = 3.20>
ST_1 : Operation 97 [1/1] (0.00ns)   --->   "%trunc_ln25 = trunc i25 %raw_sum_mantissa_read" [/home/joe/Desktop/Uni/Year_4/Dissertation/Program-Synthesis-for-Efficient-ML/results/cpp/solution_fp32addition_fp32_normalisation.cpp:25]   --->   Operation 97 'trunc' 'trunc_ln25' <Predicate = (!icmp_ln5 & !tmp & !tmp_1 & !tmp_2 & !tmp_3 & !tmp_4 & !tmp_5 & !tmp_6 & !tmp_7 & !tmp_8 & !tmp_9 & !tmp_10 & !tmp_11 & !tmp_12 & !tmp_13 & !tmp_14 & tmp_15)> <Delay = 0.00>
ST_1 : Operation 98 [1/1] (0.00ns)   --->   "%norm24_13 = bitconcatenate i23 @_ssdm_op_BitConcatenate.i23.i9.i14, i9 %trunc_ln25, i14 0" [/home/joe/Desktop/Uni/Year_4/Dissertation/Program-Synthesis-for-Efficient-ML/results/cpp/solution_fp32addition_fp32_normalisation.cpp:25]   --->   Operation 98 'bitconcatenate' 'norm24_13' <Predicate = (!icmp_ln5 & !tmp & !tmp_1 & !tmp_2 & !tmp_3 & !tmp_4 & !tmp_5 & !tmp_6 & !tmp_7 & !tmp_8 & !tmp_9 & !tmp_10 & !tmp_11 & !tmp_12 & !tmp_13 & !tmp_14 & tmp_15)> <Delay = 0.00>
ST_1 : Operation 99 [1/1] (1.91ns)   --->   "%exp_14 = add i8 %target_exponent_read, i8 242" [/home/joe/Desktop/Uni/Year_4/Dissertation/Program-Synthesis-for-Efficient-ML/results/cpp/solution_fp32addition_fp32_normalisation.cpp:25]   --->   Operation 99 'add' 'exp_14' <Predicate = (!icmp_ln5 & !tmp & !tmp_1 & !tmp_2 & !tmp_3 & !tmp_4 & !tmp_5 & !tmp_6 & !tmp_7 & !tmp_8 & !tmp_9 & !tmp_10 & !tmp_11 & !tmp_12 & !tmp_13 & !tmp_14 & tmp_15)> <Delay = 1.91> <CoreInst = "Adder">   --->   Core 1 'Adder' <Latency = 0> <II = 1> <Delay = 1.91> <FuncUnit> <Opcode : 'add' 'sub'> <InPorts = 2> <OutPorts = 1>
ST_1 : Operation 100 [1/1] (3.20ns)   --->   "%br_ln25 = br void %if.end222" [/home/joe/Desktop/Uni/Year_4/Dissertation/Program-Synthesis-for-Efficient-ML/results/cpp/solution_fp32addition_fp32_normalisation.cpp:25]   --->   Operation 100 'br' 'br_ln25' <Predicate = (!icmp_ln5 & !tmp & !tmp_1 & !tmp_2 & !tmp_3 & !tmp_4 & !tmp_5 & !tmp_6 & !tmp_7 & !tmp_8 & !tmp_9 & !tmp_10 & !tmp_11 & !tmp_12 & !tmp_13 & !tmp_14 & tmp_15)> <Delay = 3.20>
ST_1 : Operation 101 [1/1] (0.00ns)   --->   "%trunc_ln24 = trunc i25 %raw_sum_mantissa_read" [/home/joe/Desktop/Uni/Year_4/Dissertation/Program-Synthesis-for-Efficient-ML/results/cpp/solution_fp32addition_fp32_normalisation.cpp:24]   --->   Operation 101 'trunc' 'trunc_ln24' <Predicate = (!icmp_ln5 & !tmp & !tmp_1 & !tmp_2 & !tmp_3 & !tmp_4 & !tmp_5 & !tmp_6 & !tmp_7 & !tmp_8 & !tmp_9 & !tmp_10 & !tmp_11 & !tmp_12 & !tmp_13 & tmp_14)> <Delay = 0.00>
ST_1 : Operation 102 [1/1] (0.00ns)   --->   "%norm24_12 = bitconcatenate i23 @_ssdm_op_BitConcatenate.i23.i10.i13, i10 %trunc_ln24, i13 0" [/home/joe/Desktop/Uni/Year_4/Dissertation/Program-Synthesis-for-Efficient-ML/results/cpp/solution_fp32addition_fp32_normalisation.cpp:24]   --->   Operation 102 'bitconcatenate' 'norm24_12' <Predicate = (!icmp_ln5 & !tmp & !tmp_1 & !tmp_2 & !tmp_3 & !tmp_4 & !tmp_5 & !tmp_6 & !tmp_7 & !tmp_8 & !tmp_9 & !tmp_10 & !tmp_11 & !tmp_12 & !tmp_13 & tmp_14)> <Delay = 0.00>
ST_1 : Operation 103 [1/1] (1.91ns)   --->   "%exp_13 = add i8 %target_exponent_read, i8 243" [/home/joe/Desktop/Uni/Year_4/Dissertation/Program-Synthesis-for-Efficient-ML/results/cpp/solution_fp32addition_fp32_normalisation.cpp:24]   --->   Operation 103 'add' 'exp_13' <Predicate = (!icmp_ln5 & !tmp & !tmp_1 & !tmp_2 & !tmp_3 & !tmp_4 & !tmp_5 & !tmp_6 & !tmp_7 & !tmp_8 & !tmp_9 & !tmp_10 & !tmp_11 & !tmp_12 & !tmp_13 & tmp_14)> <Delay = 1.91> <CoreInst = "Adder">   --->   Core 1 'Adder' <Latency = 0> <II = 1> <Delay = 1.91> <FuncUnit> <Opcode : 'add' 'sub'> <InPorts = 2> <OutPorts = 1>
ST_1 : Operation 104 [1/1] (3.20ns)   --->   "%br_ln24 = br void %if.end222" [/home/joe/Desktop/Uni/Year_4/Dissertation/Program-Synthesis-for-Efficient-ML/results/cpp/solution_fp32addition_fp32_normalisation.cpp:24]   --->   Operation 104 'br' 'br_ln24' <Predicate = (!icmp_ln5 & !tmp & !tmp_1 & !tmp_2 & !tmp_3 & !tmp_4 & !tmp_5 & !tmp_6 & !tmp_7 & !tmp_8 & !tmp_9 & !tmp_10 & !tmp_11 & !tmp_12 & !tmp_13 & tmp_14)> <Delay = 3.20>
ST_1 : Operation 105 [1/1] (0.00ns)   --->   "%trunc_ln23 = trunc i25 %raw_sum_mantissa_read" [/home/joe/Desktop/Uni/Year_4/Dissertation/Program-Synthesis-for-Efficient-ML/results/cpp/solution_fp32addition_fp32_normalisation.cpp:23]   --->   Operation 105 'trunc' 'trunc_ln23' <Predicate = (!icmp_ln5 & !tmp & !tmp_1 & !tmp_2 & !tmp_3 & !tmp_4 & !tmp_5 & !tmp_6 & !tmp_7 & !tmp_8 & !tmp_9 & !tmp_10 & !tmp_11 & !tmp_12 & tmp_13)> <Delay = 0.00>
ST_1 : Operation 106 [1/1] (0.00ns)   --->   "%norm24_11 = bitconcatenate i23 @_ssdm_op_BitConcatenate.i23.i11.i12, i11 %trunc_ln23, i12 0" [/home/joe/Desktop/Uni/Year_4/Dissertation/Program-Synthesis-for-Efficient-ML/results/cpp/solution_fp32addition_fp32_normalisation.cpp:23]   --->   Operation 106 'bitconcatenate' 'norm24_11' <Predicate = (!icmp_ln5 & !tmp & !tmp_1 & !tmp_2 & !tmp_3 & !tmp_4 & !tmp_5 & !tmp_6 & !tmp_7 & !tmp_8 & !tmp_9 & !tmp_10 & !tmp_11 & !tmp_12 & tmp_13)> <Delay = 0.00>
ST_1 : Operation 107 [1/1] (1.91ns)   --->   "%exp_12 = add i8 %target_exponent_read, i8 244" [/home/joe/Desktop/Uni/Year_4/Dissertation/Program-Synthesis-for-Efficient-ML/results/cpp/solution_fp32addition_fp32_normalisation.cpp:23]   --->   Operation 107 'add' 'exp_12' <Predicate = (!icmp_ln5 & !tmp & !tmp_1 & !tmp_2 & !tmp_3 & !tmp_4 & !tmp_5 & !tmp_6 & !tmp_7 & !tmp_8 & !tmp_9 & !tmp_10 & !tmp_11 & !tmp_12 & tmp_13)> <Delay = 1.91> <CoreInst = "Adder">   --->   Core 1 'Adder' <Latency = 0> <II = 1> <Delay = 1.91> <FuncUnit> <Opcode : 'add' 'sub'> <InPorts = 2> <OutPorts = 1>
ST_1 : Operation 108 [1/1] (3.20ns)   --->   "%br_ln23 = br void %if.end222" [/home/joe/Desktop/Uni/Year_4/Dissertation/Program-Synthesis-for-Efficient-ML/results/cpp/solution_fp32addition_fp32_normalisation.cpp:23]   --->   Operation 108 'br' 'br_ln23' <Predicate = (!icmp_ln5 & !tmp & !tmp_1 & !tmp_2 & !tmp_3 & !tmp_4 & !tmp_5 & !tmp_6 & !tmp_7 & !tmp_8 & !tmp_9 & !tmp_10 & !tmp_11 & !tmp_12 & tmp_13)> <Delay = 3.20>
ST_1 : Operation 109 [1/1] (0.00ns)   --->   "%trunc_ln22 = trunc i25 %raw_sum_mantissa_read" [/home/joe/Desktop/Uni/Year_4/Dissertation/Program-Synthesis-for-Efficient-ML/results/cpp/solution_fp32addition_fp32_normalisation.cpp:22]   --->   Operation 109 'trunc' 'trunc_ln22' <Predicate = (!icmp_ln5 & !tmp & !tmp_1 & !tmp_2 & !tmp_3 & !tmp_4 & !tmp_5 & !tmp_6 & !tmp_7 & !tmp_8 & !tmp_9 & !tmp_10 & !tmp_11 & tmp_12)> <Delay = 0.00>
ST_1 : Operation 110 [1/1] (0.00ns)   --->   "%norm24_10 = bitconcatenate i23 @_ssdm_op_BitConcatenate.i23.i12.i11, i12 %trunc_ln22, i11 0" [/home/joe/Desktop/Uni/Year_4/Dissertation/Program-Synthesis-for-Efficient-ML/results/cpp/solution_fp32addition_fp32_normalisation.cpp:22]   --->   Operation 110 'bitconcatenate' 'norm24_10' <Predicate = (!icmp_ln5 & !tmp & !tmp_1 & !tmp_2 & !tmp_3 & !tmp_4 & !tmp_5 & !tmp_6 & !tmp_7 & !tmp_8 & !tmp_9 & !tmp_10 & !tmp_11 & tmp_12)> <Delay = 0.00>
ST_1 : Operation 111 [1/1] (1.91ns)   --->   "%exp_11 = add i8 %target_exponent_read, i8 245" [/home/joe/Desktop/Uni/Year_4/Dissertation/Program-Synthesis-for-Efficient-ML/results/cpp/solution_fp32addition_fp32_normalisation.cpp:22]   --->   Operation 111 'add' 'exp_11' <Predicate = (!icmp_ln5 & !tmp & !tmp_1 & !tmp_2 & !tmp_3 & !tmp_4 & !tmp_5 & !tmp_6 & !tmp_7 & !tmp_8 & !tmp_9 & !tmp_10 & !tmp_11 & tmp_12)> <Delay = 1.91> <CoreInst = "Adder">   --->   Core 1 'Adder' <Latency = 0> <II = 1> <Delay = 1.91> <FuncUnit> <Opcode : 'add' 'sub'> <InPorts = 2> <OutPorts = 1>
ST_1 : Operation 112 [1/1] (3.20ns)   --->   "%br_ln22 = br void %if.end222" [/home/joe/Desktop/Uni/Year_4/Dissertation/Program-Synthesis-for-Efficient-ML/results/cpp/solution_fp32addition_fp32_normalisation.cpp:22]   --->   Operation 112 'br' 'br_ln22' <Predicate = (!icmp_ln5 & !tmp & !tmp_1 & !tmp_2 & !tmp_3 & !tmp_4 & !tmp_5 & !tmp_6 & !tmp_7 & !tmp_8 & !tmp_9 & !tmp_10 & !tmp_11 & tmp_12)> <Delay = 3.20>
ST_1 : Operation 113 [1/1] (0.00ns)   --->   "%trunc_ln21 = trunc i25 %raw_sum_mantissa_read" [/home/joe/Desktop/Uni/Year_4/Dissertation/Program-Synthesis-for-Efficient-ML/results/cpp/solution_fp32addition_fp32_normalisation.cpp:21]   --->   Operation 113 'trunc' 'trunc_ln21' <Predicate = (!icmp_ln5 & !tmp & !tmp_1 & !tmp_2 & !tmp_3 & !tmp_4 & !tmp_5 & !tmp_6 & !tmp_7 & !tmp_8 & !tmp_9 & !tmp_10 & tmp_11)> <Delay = 0.00>
ST_1 : Operation 114 [1/1] (0.00ns)   --->   "%norm24_9 = bitconcatenate i23 @_ssdm_op_BitConcatenate.i23.i13.i10, i13 %trunc_ln21, i10 0" [/home/joe/Desktop/Uni/Year_4/Dissertation/Program-Synthesis-for-Efficient-ML/results/cpp/solution_fp32addition_fp32_normalisation.cpp:21]   --->   Operation 114 'bitconcatenate' 'norm24_9' <Predicate = (!icmp_ln5 & !tmp & !tmp_1 & !tmp_2 & !tmp_3 & !tmp_4 & !tmp_5 & !tmp_6 & !tmp_7 & !tmp_8 & !tmp_9 & !tmp_10 & tmp_11)> <Delay = 0.00>
ST_1 : Operation 115 [1/1] (1.91ns)   --->   "%exp_10 = add i8 %target_exponent_read, i8 246" [/home/joe/Desktop/Uni/Year_4/Dissertation/Program-Synthesis-for-Efficient-ML/results/cpp/solution_fp32addition_fp32_normalisation.cpp:21]   --->   Operation 115 'add' 'exp_10' <Predicate = (!icmp_ln5 & !tmp & !tmp_1 & !tmp_2 & !tmp_3 & !tmp_4 & !tmp_5 & !tmp_6 & !tmp_7 & !tmp_8 & !tmp_9 & !tmp_10 & tmp_11)> <Delay = 1.91> <CoreInst = "Adder">   --->   Core 1 'Adder' <Latency = 0> <II = 1> <Delay = 1.91> <FuncUnit> <Opcode : 'add' 'sub'> <InPorts = 2> <OutPorts = 1>
ST_1 : Operation 116 [1/1] (3.20ns)   --->   "%br_ln21 = br void %if.end222" [/home/joe/Desktop/Uni/Year_4/Dissertation/Program-Synthesis-for-Efficient-ML/results/cpp/solution_fp32addition_fp32_normalisation.cpp:21]   --->   Operation 116 'br' 'br_ln21' <Predicate = (!icmp_ln5 & !tmp & !tmp_1 & !tmp_2 & !tmp_3 & !tmp_4 & !tmp_5 & !tmp_6 & !tmp_7 & !tmp_8 & !tmp_9 & !tmp_10 & tmp_11)> <Delay = 3.20>
ST_1 : Operation 117 [1/1] (0.00ns)   --->   "%trunc_ln20 = trunc i25 %raw_sum_mantissa_read" [/home/joe/Desktop/Uni/Year_4/Dissertation/Program-Synthesis-for-Efficient-ML/results/cpp/solution_fp32addition_fp32_normalisation.cpp:20]   --->   Operation 117 'trunc' 'trunc_ln20' <Predicate = (!icmp_ln5 & !tmp & !tmp_1 & !tmp_2 & !tmp_3 & !tmp_4 & !tmp_5 & !tmp_6 & !tmp_7 & !tmp_8 & !tmp_9 & tmp_10)> <Delay = 0.00>
ST_1 : Operation 118 [1/1] (0.00ns)   --->   "%norm24_8 = bitconcatenate i23 @_ssdm_op_BitConcatenate.i23.i14.i9, i14 %trunc_ln20, i9 0" [/home/joe/Desktop/Uni/Year_4/Dissertation/Program-Synthesis-for-Efficient-ML/results/cpp/solution_fp32addition_fp32_normalisation.cpp:20]   --->   Operation 118 'bitconcatenate' 'norm24_8' <Predicate = (!icmp_ln5 & !tmp & !tmp_1 & !tmp_2 & !tmp_3 & !tmp_4 & !tmp_5 & !tmp_6 & !tmp_7 & !tmp_8 & !tmp_9 & tmp_10)> <Delay = 0.00>
ST_1 : Operation 119 [1/1] (1.91ns)   --->   "%exp_9 = add i8 %target_exponent_read, i8 247" [/home/joe/Desktop/Uni/Year_4/Dissertation/Program-Synthesis-for-Efficient-ML/results/cpp/solution_fp32addition_fp32_normalisation.cpp:20]   --->   Operation 119 'add' 'exp_9' <Predicate = (!icmp_ln5 & !tmp & !tmp_1 & !tmp_2 & !tmp_3 & !tmp_4 & !tmp_5 & !tmp_6 & !tmp_7 & !tmp_8 & !tmp_9 & tmp_10)> <Delay = 1.91> <CoreInst = "Adder">   --->   Core 1 'Adder' <Latency = 0> <II = 1> <Delay = 1.91> <FuncUnit> <Opcode : 'add' 'sub'> <InPorts = 2> <OutPorts = 1>
ST_1 : Operation 120 [1/1] (3.20ns)   --->   "%br_ln20 = br void %if.end222" [/home/joe/Desktop/Uni/Year_4/Dissertation/Program-Synthesis-for-Efficient-ML/results/cpp/solution_fp32addition_fp32_normalisation.cpp:20]   --->   Operation 120 'br' 'br_ln20' <Predicate = (!icmp_ln5 & !tmp & !tmp_1 & !tmp_2 & !tmp_3 & !tmp_4 & !tmp_5 & !tmp_6 & !tmp_7 & !tmp_8 & !tmp_9 & tmp_10)> <Delay = 3.20>
ST_1 : Operation 121 [1/1] (0.00ns)   --->   "%trunc_ln19 = trunc i25 %raw_sum_mantissa_read" [/home/joe/Desktop/Uni/Year_4/Dissertation/Program-Synthesis-for-Efficient-ML/results/cpp/solution_fp32addition_fp32_normalisation.cpp:19]   --->   Operation 121 'trunc' 'trunc_ln19' <Predicate = (!icmp_ln5 & !tmp & !tmp_1 & !tmp_2 & !tmp_3 & !tmp_4 & !tmp_5 & !tmp_6 & !tmp_7 & !tmp_8 & tmp_9)> <Delay = 0.00>
ST_1 : Operation 122 [1/1] (0.00ns)   --->   "%norm24_7 = bitconcatenate i23 @_ssdm_op_BitConcatenate.i23.i15.i8, i15 %trunc_ln19, i8 0" [/home/joe/Desktop/Uni/Year_4/Dissertation/Program-Synthesis-for-Efficient-ML/results/cpp/solution_fp32addition_fp32_normalisation.cpp:19]   --->   Operation 122 'bitconcatenate' 'norm24_7' <Predicate = (!icmp_ln5 & !tmp & !tmp_1 & !tmp_2 & !tmp_3 & !tmp_4 & !tmp_5 & !tmp_6 & !tmp_7 & !tmp_8 & tmp_9)> <Delay = 0.00>
ST_1 : Operation 123 [1/1] (1.91ns)   --->   "%exp_8 = add i8 %target_exponent_read, i8 248" [/home/joe/Desktop/Uni/Year_4/Dissertation/Program-Synthesis-for-Efficient-ML/results/cpp/solution_fp32addition_fp32_normalisation.cpp:19]   --->   Operation 123 'add' 'exp_8' <Predicate = (!icmp_ln5 & !tmp & !tmp_1 & !tmp_2 & !tmp_3 & !tmp_4 & !tmp_5 & !tmp_6 & !tmp_7 & !tmp_8 & tmp_9)> <Delay = 1.91> <CoreInst = "Adder">   --->   Core 1 'Adder' <Latency = 0> <II = 1> <Delay = 1.91> <FuncUnit> <Opcode : 'add' 'sub'> <InPorts = 2> <OutPorts = 1>
ST_1 : Operation 124 [1/1] (3.20ns)   --->   "%br_ln19 = br void %if.end222" [/home/joe/Desktop/Uni/Year_4/Dissertation/Program-Synthesis-for-Efficient-ML/results/cpp/solution_fp32addition_fp32_normalisation.cpp:19]   --->   Operation 124 'br' 'br_ln19' <Predicate = (!icmp_ln5 & !tmp & !tmp_1 & !tmp_2 & !tmp_3 & !tmp_4 & !tmp_5 & !tmp_6 & !tmp_7 & !tmp_8 & tmp_9)> <Delay = 3.20>
ST_1 : Operation 125 [1/1] (0.00ns)   --->   "%trunc_ln18 = trunc i25 %raw_sum_mantissa_read" [/home/joe/Desktop/Uni/Year_4/Dissertation/Program-Synthesis-for-Efficient-ML/results/cpp/solution_fp32addition_fp32_normalisation.cpp:18]   --->   Operation 125 'trunc' 'trunc_ln18' <Predicate = (!icmp_ln5 & !tmp & !tmp_1 & !tmp_2 & !tmp_3 & !tmp_4 & !tmp_5 & !tmp_6 & !tmp_7 & tmp_8)> <Delay = 0.00>
ST_1 : Operation 126 [1/1] (0.00ns)   --->   "%norm24_6 = bitconcatenate i23 @_ssdm_op_BitConcatenate.i23.i16.i7, i16 %trunc_ln18, i7 0" [/home/joe/Desktop/Uni/Year_4/Dissertation/Program-Synthesis-for-Efficient-ML/results/cpp/solution_fp32addition_fp32_normalisation.cpp:18]   --->   Operation 126 'bitconcatenate' 'norm24_6' <Predicate = (!icmp_ln5 & !tmp & !tmp_1 & !tmp_2 & !tmp_3 & !tmp_4 & !tmp_5 & !tmp_6 & !tmp_7 & tmp_8)> <Delay = 0.00>
ST_1 : Operation 127 [1/1] (1.91ns)   --->   "%exp_7 = add i8 %target_exponent_read, i8 249" [/home/joe/Desktop/Uni/Year_4/Dissertation/Program-Synthesis-for-Efficient-ML/results/cpp/solution_fp32addition_fp32_normalisation.cpp:18]   --->   Operation 127 'add' 'exp_7' <Predicate = (!icmp_ln5 & !tmp & !tmp_1 & !tmp_2 & !tmp_3 & !tmp_4 & !tmp_5 & !tmp_6 & !tmp_7 & tmp_8)> <Delay = 1.91> <CoreInst = "Adder">   --->   Core 1 'Adder' <Latency = 0> <II = 1> <Delay = 1.91> <FuncUnit> <Opcode : 'add' 'sub'> <InPorts = 2> <OutPorts = 1>
ST_1 : Operation 128 [1/1] (3.20ns)   --->   "%br_ln18 = br void %if.end222" [/home/joe/Desktop/Uni/Year_4/Dissertation/Program-Synthesis-for-Efficient-ML/results/cpp/solution_fp32addition_fp32_normalisation.cpp:18]   --->   Operation 128 'br' 'br_ln18' <Predicate = (!icmp_ln5 & !tmp & !tmp_1 & !tmp_2 & !tmp_3 & !tmp_4 & !tmp_5 & !tmp_6 & !tmp_7 & tmp_8)> <Delay = 3.20>
ST_1 : Operation 129 [1/1] (0.00ns)   --->   "%trunc_ln17 = trunc i25 %raw_sum_mantissa_read" [/home/joe/Desktop/Uni/Year_4/Dissertation/Program-Synthesis-for-Efficient-ML/results/cpp/solution_fp32addition_fp32_normalisation.cpp:17]   --->   Operation 129 'trunc' 'trunc_ln17' <Predicate = (!icmp_ln5 & !tmp & !tmp_1 & !tmp_2 & !tmp_3 & !tmp_4 & !tmp_5 & !tmp_6 & tmp_7)> <Delay = 0.00>
ST_1 : Operation 130 [1/1] (0.00ns)   --->   "%norm24_5 = bitconcatenate i23 @_ssdm_op_BitConcatenate.i23.i17.i6, i17 %trunc_ln17, i6 0" [/home/joe/Desktop/Uni/Year_4/Dissertation/Program-Synthesis-for-Efficient-ML/results/cpp/solution_fp32addition_fp32_normalisation.cpp:17]   --->   Operation 130 'bitconcatenate' 'norm24_5' <Predicate = (!icmp_ln5 & !tmp & !tmp_1 & !tmp_2 & !tmp_3 & !tmp_4 & !tmp_5 & !tmp_6 & tmp_7)> <Delay = 0.00>
ST_1 : Operation 131 [1/1] (1.91ns)   --->   "%exp_6 = add i8 %target_exponent_read, i8 250" [/home/joe/Desktop/Uni/Year_4/Dissertation/Program-Synthesis-for-Efficient-ML/results/cpp/solution_fp32addition_fp32_normalisation.cpp:17]   --->   Operation 131 'add' 'exp_6' <Predicate = (!icmp_ln5 & !tmp & !tmp_1 & !tmp_2 & !tmp_3 & !tmp_4 & !tmp_5 & !tmp_6 & tmp_7)> <Delay = 1.91> <CoreInst = "Adder">   --->   Core 1 'Adder' <Latency = 0> <II = 1> <Delay = 1.91> <FuncUnit> <Opcode : 'add' 'sub'> <InPorts = 2> <OutPorts = 1>
ST_1 : Operation 132 [1/1] (3.20ns)   --->   "%br_ln17 = br void %if.end222" [/home/joe/Desktop/Uni/Year_4/Dissertation/Program-Synthesis-for-Efficient-ML/results/cpp/solution_fp32addition_fp32_normalisation.cpp:17]   --->   Operation 132 'br' 'br_ln17' <Predicate = (!icmp_ln5 & !tmp & !tmp_1 & !tmp_2 & !tmp_3 & !tmp_4 & !tmp_5 & !tmp_6 & tmp_7)> <Delay = 3.20>
ST_1 : Operation 133 [1/1] (0.00ns)   --->   "%trunc_ln16 = trunc i25 %raw_sum_mantissa_read" [/home/joe/Desktop/Uni/Year_4/Dissertation/Program-Synthesis-for-Efficient-ML/results/cpp/solution_fp32addition_fp32_normalisation.cpp:16]   --->   Operation 133 'trunc' 'trunc_ln16' <Predicate = (!icmp_ln5 & !tmp & !tmp_1 & !tmp_2 & !tmp_3 & !tmp_4 & !tmp_5 & tmp_6)> <Delay = 0.00>
ST_1 : Operation 134 [1/1] (0.00ns)   --->   "%norm24_4 = bitconcatenate i23 @_ssdm_op_BitConcatenate.i23.i18.i5, i18 %trunc_ln16, i5 0" [/home/joe/Desktop/Uni/Year_4/Dissertation/Program-Synthesis-for-Efficient-ML/results/cpp/solution_fp32addition_fp32_normalisation.cpp:16]   --->   Operation 134 'bitconcatenate' 'norm24_4' <Predicate = (!icmp_ln5 & !tmp & !tmp_1 & !tmp_2 & !tmp_3 & !tmp_4 & !tmp_5 & tmp_6)> <Delay = 0.00>
ST_1 : Operation 135 [1/1] (1.91ns)   --->   "%exp_5 = add i8 %target_exponent_read, i8 251" [/home/joe/Desktop/Uni/Year_4/Dissertation/Program-Synthesis-for-Efficient-ML/results/cpp/solution_fp32addition_fp32_normalisation.cpp:16]   --->   Operation 135 'add' 'exp_5' <Predicate = (!icmp_ln5 & !tmp & !tmp_1 & !tmp_2 & !tmp_3 & !tmp_4 & !tmp_5 & tmp_6)> <Delay = 1.91> <CoreInst = "Adder">   --->   Core 1 'Adder' <Latency = 0> <II = 1> <Delay = 1.91> <FuncUnit> <Opcode : 'add' 'sub'> <InPorts = 2> <OutPorts = 1>
ST_1 : Operation 136 [1/1] (3.20ns)   --->   "%br_ln16 = br void %if.end222" [/home/joe/Desktop/Uni/Year_4/Dissertation/Program-Synthesis-for-Efficient-ML/results/cpp/solution_fp32addition_fp32_normalisation.cpp:16]   --->   Operation 136 'br' 'br_ln16' <Predicate = (!icmp_ln5 & !tmp & !tmp_1 & !tmp_2 & !tmp_3 & !tmp_4 & !tmp_5 & tmp_6)> <Delay = 3.20>
ST_1 : Operation 137 [1/1] (0.00ns)   --->   "%trunc_ln15 = trunc i25 %raw_sum_mantissa_read" [/home/joe/Desktop/Uni/Year_4/Dissertation/Program-Synthesis-for-Efficient-ML/results/cpp/solution_fp32addition_fp32_normalisation.cpp:15]   --->   Operation 137 'trunc' 'trunc_ln15' <Predicate = (!icmp_ln5 & !tmp & !tmp_1 & !tmp_2 & !tmp_3 & !tmp_4 & tmp_5)> <Delay = 0.00>
ST_1 : Operation 138 [1/1] (0.00ns)   --->   "%norm24_3 = bitconcatenate i23 @_ssdm_op_BitConcatenate.i23.i19.i4, i19 %trunc_ln15, i4 0" [/home/joe/Desktop/Uni/Year_4/Dissertation/Program-Synthesis-for-Efficient-ML/results/cpp/solution_fp32addition_fp32_normalisation.cpp:15]   --->   Operation 138 'bitconcatenate' 'norm24_3' <Predicate = (!icmp_ln5 & !tmp & !tmp_1 & !tmp_2 & !tmp_3 & !tmp_4 & tmp_5)> <Delay = 0.00>
ST_1 : Operation 139 [1/1] (1.91ns)   --->   "%exp_4 = add i8 %target_exponent_read, i8 252" [/home/joe/Desktop/Uni/Year_4/Dissertation/Program-Synthesis-for-Efficient-ML/results/cpp/solution_fp32addition_fp32_normalisation.cpp:15]   --->   Operation 139 'add' 'exp_4' <Predicate = (!icmp_ln5 & !tmp & !tmp_1 & !tmp_2 & !tmp_3 & !tmp_4 & tmp_5)> <Delay = 1.91> <CoreInst = "Adder">   --->   Core 1 'Adder' <Latency = 0> <II = 1> <Delay = 1.91> <FuncUnit> <Opcode : 'add' 'sub'> <InPorts = 2> <OutPorts = 1>
ST_1 : Operation 140 [1/1] (3.20ns)   --->   "%br_ln15 = br void %if.end222" [/home/joe/Desktop/Uni/Year_4/Dissertation/Program-Synthesis-for-Efficient-ML/results/cpp/solution_fp32addition_fp32_normalisation.cpp:15]   --->   Operation 140 'br' 'br_ln15' <Predicate = (!icmp_ln5 & !tmp & !tmp_1 & !tmp_2 & !tmp_3 & !tmp_4 & tmp_5)> <Delay = 3.20>
ST_1 : Operation 141 [1/1] (0.00ns)   --->   "%trunc_ln14 = trunc i25 %raw_sum_mantissa_read" [/home/joe/Desktop/Uni/Year_4/Dissertation/Program-Synthesis-for-Efficient-ML/results/cpp/solution_fp32addition_fp32_normalisation.cpp:14]   --->   Operation 141 'trunc' 'trunc_ln14' <Predicate = (!icmp_ln5 & !tmp & !tmp_1 & !tmp_2 & !tmp_3 & tmp_4)> <Delay = 0.00>
ST_1 : Operation 142 [1/1] (0.00ns)   --->   "%norm24_2 = bitconcatenate i23 @_ssdm_op_BitConcatenate.i23.i20.i3, i20 %trunc_ln14, i3 0" [/home/joe/Desktop/Uni/Year_4/Dissertation/Program-Synthesis-for-Efficient-ML/results/cpp/solution_fp32addition_fp32_normalisation.cpp:14]   --->   Operation 142 'bitconcatenate' 'norm24_2' <Predicate = (!icmp_ln5 & !tmp & !tmp_1 & !tmp_2 & !tmp_3 & tmp_4)> <Delay = 0.00>
ST_1 : Operation 143 [1/1] (1.91ns)   --->   "%exp_3 = add i8 %target_exponent_read, i8 253" [/home/joe/Desktop/Uni/Year_4/Dissertation/Program-Synthesis-for-Efficient-ML/results/cpp/solution_fp32addition_fp32_normalisation.cpp:14]   --->   Operation 143 'add' 'exp_3' <Predicate = (!icmp_ln5 & !tmp & !tmp_1 & !tmp_2 & !tmp_3 & tmp_4)> <Delay = 1.91> <CoreInst = "Adder">   --->   Core 1 'Adder' <Latency = 0> <II = 1> <Delay = 1.91> <FuncUnit> <Opcode : 'add' 'sub'> <InPorts = 2> <OutPorts = 1>
ST_1 : Operation 144 [1/1] (3.20ns)   --->   "%br_ln14 = br void %if.end222" [/home/joe/Desktop/Uni/Year_4/Dissertation/Program-Synthesis-for-Efficient-ML/results/cpp/solution_fp32addition_fp32_normalisation.cpp:14]   --->   Operation 144 'br' 'br_ln14' <Predicate = (!icmp_ln5 & !tmp & !tmp_1 & !tmp_2 & !tmp_3 & tmp_4)> <Delay = 3.20>
ST_1 : Operation 145 [1/1] (0.00ns)   --->   "%trunc_ln13 = trunc i25 %raw_sum_mantissa_read" [/home/joe/Desktop/Uni/Year_4/Dissertation/Program-Synthesis-for-Efficient-ML/results/cpp/solution_fp32addition_fp32_normalisation.cpp:13]   --->   Operation 145 'trunc' 'trunc_ln13' <Predicate = (!icmp_ln5 & !tmp & !tmp_1 & !tmp_2 & tmp_3)> <Delay = 0.00>
ST_1 : Operation 146 [1/1] (0.00ns)   --->   "%norm24_1 = bitconcatenate i23 @_ssdm_op_BitConcatenate.i23.i21.i2, i21 %trunc_ln13, i2 0" [/home/joe/Desktop/Uni/Year_4/Dissertation/Program-Synthesis-for-Efficient-ML/results/cpp/solution_fp32addition_fp32_normalisation.cpp:13]   --->   Operation 146 'bitconcatenate' 'norm24_1' <Predicate = (!icmp_ln5 & !tmp & !tmp_1 & !tmp_2 & tmp_3)> <Delay = 0.00>
ST_1 : Operation 147 [1/1] (1.91ns)   --->   "%exp_2 = add i8 %target_exponent_read, i8 254" [/home/joe/Desktop/Uni/Year_4/Dissertation/Program-Synthesis-for-Efficient-ML/results/cpp/solution_fp32addition_fp32_normalisation.cpp:13]   --->   Operation 147 'add' 'exp_2' <Predicate = (!icmp_ln5 & !tmp & !tmp_1 & !tmp_2 & tmp_3)> <Delay = 1.91> <CoreInst = "Adder">   --->   Core 1 'Adder' <Latency = 0> <II = 1> <Delay = 1.91> <FuncUnit> <Opcode : 'add' 'sub'> <InPorts = 2> <OutPorts = 1>
ST_1 : Operation 148 [1/1] (3.20ns)   --->   "%br_ln13 = br void %if.end222" [/home/joe/Desktop/Uni/Year_4/Dissertation/Program-Synthesis-for-Efficient-ML/results/cpp/solution_fp32addition_fp32_normalisation.cpp:13]   --->   Operation 148 'br' 'br_ln13' <Predicate = (!icmp_ln5 & !tmp & !tmp_1 & !tmp_2 & tmp_3)> <Delay = 3.20>
ST_1 : Operation 149 [1/1] (0.00ns)   --->   "%trunc_ln12 = trunc i25 %raw_sum_mantissa_read" [/home/joe/Desktop/Uni/Year_4/Dissertation/Program-Synthesis-for-Efficient-ML/results/cpp/solution_fp32addition_fp32_normalisation.cpp:12]   --->   Operation 149 'trunc' 'trunc_ln12' <Predicate = (!icmp_ln5 & !tmp & !tmp_1 & tmp_2)> <Delay = 0.00>
ST_1 : Operation 150 [1/1] (0.00ns)   --->   "%norm24 = bitconcatenate i23 @_ssdm_op_BitConcatenate.i23.i22.i1, i22 %trunc_ln12, i1 0" [/home/joe/Desktop/Uni/Year_4/Dissertation/Program-Synthesis-for-Efficient-ML/results/cpp/solution_fp32addition_fp32_normalisation.cpp:12]   --->   Operation 150 'bitconcatenate' 'norm24' <Predicate = (!icmp_ln5 & !tmp & !tmp_1 & tmp_2)> <Delay = 0.00>
ST_1 : Operation 151 [1/1] (1.91ns)   --->   "%exp_1 = add i8 %target_exponent_read, i8 255" [/home/joe/Desktop/Uni/Year_4/Dissertation/Program-Synthesis-for-Efficient-ML/results/cpp/solution_fp32addition_fp32_normalisation.cpp:12]   --->   Operation 151 'add' 'exp_1' <Predicate = (!icmp_ln5 & !tmp & !tmp_1 & tmp_2)> <Delay = 1.91> <CoreInst = "Adder">   --->   Core 1 'Adder' <Latency = 0> <II = 1> <Delay = 1.91> <FuncUnit> <Opcode : 'add' 'sub'> <InPorts = 2> <OutPorts = 1>
ST_1 : Operation 152 [1/1] (3.20ns)   --->   "%br_ln12 = br void %if.end222" [/home/joe/Desktop/Uni/Year_4/Dissertation/Program-Synthesis-for-Efficient-ML/results/cpp/solution_fp32addition_fp32_normalisation.cpp:12]   --->   Operation 152 'br' 'br_ln12' <Predicate = (!icmp_ln5 & !tmp & !tmp_1 & tmp_2)> <Delay = 3.20>
ST_1 : Operation 153 [1/1] (0.00ns)   --->   "%trunc_ln9 = trunc i25 %raw_sum_mantissa_read" [/home/joe/Desktop/Uni/Year_4/Dissertation/Program-Synthesis-for-Efficient-ML/results/cpp/solution_fp32addition_fp32_normalisation.cpp:9]   --->   Operation 153 'trunc' 'trunc_ln9' <Predicate = (!icmp_ln5 & !tmp & tmp_1)> <Delay = 0.00>
ST_1 : Operation 154 [1/1] (3.20ns)   --->   "%br_ln11 = br void %if.end222" [/home/joe/Desktop/Uni/Year_4/Dissertation/Program-Synthesis-for-Efficient-ML/results/cpp/solution_fp32addition_fp32_normalisation.cpp:11]   --->   Operation 154 'br' 'br_ln11' <Predicate = (!icmp_ln5 & !tmp & tmp_1)> <Delay = 3.20>
ST_1 : Operation 155 [1/1] (0.00ns)   --->   "%norm24_cast = partselect i23 @_ssdm_op_PartSelect.i23.i25.i32.i32, i25 %raw_sum_mantissa_read, i32 1, i32 23" [/home/joe/Desktop/Uni/Year_4/Dissertation/Program-Synthesis-for-Efficient-ML/results/cpp/solution_fp32addition_fp32_normalisation.cpp:9]   --->   Operation 155 'partselect' 'norm24_cast' <Predicate = (!icmp_ln5 & tmp)> <Delay = 0.00>
ST_1 : Operation 156 [1/1] (1.91ns)   --->   "%exp = add i8 %target_exponent_read, i8 1" [/home/joe/Desktop/Uni/Year_4/Dissertation/Program-Synthesis-for-Efficient-ML/results/cpp/solution_fp32addition_fp32_normalisation.cpp:10]   --->   Operation 156 'add' 'exp' <Predicate = (!icmp_ln5 & tmp)> <Delay = 1.91> <CoreInst = "Adder">   --->   Core 1 'Adder' <Latency = 0> <II = 1> <Delay = 1.91> <FuncUnit> <Opcode : 'add' 'sub'> <InPorts = 2> <OutPorts = 1>
ST_1 : Operation 157 [1/1] (3.20ns)   --->   "%br_ln10 = br void %if.end222" [/home/joe/Desktop/Uni/Year_4/Dissertation/Program-Synthesis-for-Efficient-ML/results/cpp/solution_fp32addition_fp32_normalisation.cpp:10]   --->   Operation 157 'br' 'br_ln10' <Predicate = (!icmp_ln5 & tmp)> <Delay = 3.20>
ST_1 : Operation 158 [1/1] (0.00ns)   --->   "%exp_23 = phi i8 %exp, void %if.then9, i8 %target_exponent_read, void %if.then15, i8 %exp_1, void %if.then21, i8 %exp_2, void %if.then29, i8 %exp_3, void %if.then37, i8 %exp_4, void %if.then45, i8 %exp_5, void %if.then53, i8 %exp_6, void %if.then61, i8 %exp_7, void %if.then69, i8 %exp_8, void %if.then77, i8 %exp_9, void %if.then85, i8 %exp_10, void %if.then93, i8 %exp_11, void %if.then101, i8 %exp_12, void %if.then109, i8 %exp_13, void %if.then117, i8 %exp_14, void %if.then125, i8 %exp_15, void %if.then133, i8 %exp_16, void %if.then141, i8 %exp_17, void %if.then149, i8 %exp_18, void %if.then157, i8 %exp_19, void %if.then165, i8 %exp_20, void %if.then173, i8 %exp_21, void %if.then181, i8 %exp_22, void %if.then189, i8 %exp_24, void %if.else194"   --->   Operation 158 'phi' 'exp_23' <Predicate = (!icmp_ln5)> <Delay = 0.00>
ST_1 : Operation 159 [1/1] (0.00ns)   --->   "%norm24_22 = phi i23 %norm24_cast, void %if.then9, i23 %trunc_ln9, void %if.then15, i23 %norm24, void %if.then21, i23 %norm24_1, void %if.then29, i23 %norm24_2, void %if.then37, i23 %norm24_3, void %if.then45, i23 %norm24_4, void %if.then53, i23 %norm24_5, void %if.then61, i23 %norm24_6, void %if.then69, i23 %norm24_7, void %if.then77, i23 %norm24_8, void %if.then85, i23 %norm24_9, void %if.then93, i23 %norm24_10, void %if.then101, i23 %norm24_11, void %if.then109, i23 %norm24_12, void %if.then117, i23 %norm24_13, void %if.then125, i23 %norm24_14, void %if.then133, i23 %norm24_15, void %if.then141, i23 %norm24_16, void %if.then149, i23 %norm24_17, void %if.then157, i23 %norm24_18, void %if.then165, i23 %norm24_19, void %if.then173, i23 %norm24_20, void %if.then181, i23 %norm24_21, void %if.then189, i23 0, void %if.else194"   --->   Operation 159 'phi' 'norm24_22' <Predicate = (!icmp_ln5)> <Delay = 0.00>
ST_1 : Operation 160 [1/1] (0.00ns)   --->   "%tmp_s = bitconcatenate i32 @_ssdm_op_BitConcatenate.i32.i1.i8.i23, i1 %raw_sign_read, i8 %exp_23, i23 %norm24_22" [/home/joe/Desktop/Uni/Year_4/Dissertation/Program-Synthesis-for-Efficient-ML/results/cpp/solution_fp32addition_fp32_normalisation.cpp:36]   --->   Operation 160 'bitconcatenate' 'tmp_s' <Predicate = (!icmp_ln5)> <Delay = 0.00>
ST_1 : Operation 161 [1/1] (1.58ns)   --->   "%br_ln0 = br void %return"   --->   Operation 161 'br' 'br_ln0' <Predicate = (!icmp_ln5)> <Delay = 1.58>
ST_1 : Operation 162 [1/1] (0.00ns)   --->   "%retval_0 = phi i32 %tmp_s, void %if.end222, i32 0, void %entry" [/home/joe/Desktop/Uni/Year_4/Dissertation/Program-Synthesis-for-Efficient-ML/results/cpp/solution_fp32addition_fp32_normalisation.cpp:36]   --->   Operation 162 'phi' 'retval_0' <Predicate = true> <Delay = 0.00>
ST_1 : Operation 163 [1/1] (0.00ns)   --->   "%ret_ln37 = ret i32 %retval_0" [/home/joe/Desktop/Uni/Year_4/Dissertation/Program-Synthesis-for-Efficient-ML/results/cpp/solution_fp32addition_fp32_normalisation.cpp:37]   --->   Operation 163 'ret' 'ret_ln37' <Predicate = true> <Delay = 0.00>


============================================================
+ Verbose Summary: Binding
============================================================
STG Binding: 
---------------- STG Properties BEGIN ----------------
- Is combinational: 1
- Is one-state seq: 0
- Is datapath-only: 0
- Is pipelined: 0
- Is top level: 1
Port [ Return ] is wired: 1; IO mode=ap_ctrl_hs:ce=0
Port [ raw_sum_mantissa]:  wired=1; compound=0; hidden=0; nouse=0; global=0; static=0; extern=0; dir=0; type=0; pingpong=0; private_global=0; IO mode=ap_none:ce=0
Port [ raw_sign]:  wired=1; compound=0; hidden=0; nouse=0; global=0; static=0; extern=0; dir=0; type=0; pingpong=0; private_global=0; IO mode=ap_none:ce=0
Port [ target_exponent]:  wired=1; compound=0; hidden=0; nouse=0; global=0; static=0; extern=0; dir=0; type=0; pingpong=0; private_global=0; IO mode=ap_none:ce=0
---------------- STG Properties END ------------------

---------------- Datapath Model BEGIN ----------------

<LifeTime>
<method=bitvector/>
specbitsmap_ln0       (specbitsmap   ) [ 00]
spectopmodule_ln4     (spectopmodule ) [ 00]
specbitsmap_ln0       (specbitsmap   ) [ 00]
specinterface_ln0     (specinterface ) [ 00]
specbitsmap_ln0       (specbitsmap   ) [ 00]
specinterface_ln0     (specinterface ) [ 00]
specbitsmap_ln0       (specbitsmap   ) [ 00]
specinterface_ln0     (specinterface ) [ 00]
target_exponent_read  (read          ) [ 00]
raw_sign_read         (read          ) [ 00]
raw_sum_mantissa_read (read          ) [ 00]
icmp_ln5              (icmp          ) [ 01]
br_ln5                (br            ) [ 00]
tmp                   (bitselect     ) [ 01]
br_ln10               (br            ) [ 00]
tmp_1                 (bitselect     ) [ 01]
br_ln11               (br            ) [ 00]
tmp_2                 (bitselect     ) [ 01]
br_ln12               (br            ) [ 00]
tmp_3                 (bitselect     ) [ 01]
br_ln13               (br            ) [ 00]
tmp_4                 (bitselect     ) [ 01]
br_ln14               (br            ) [ 00]
tmp_5                 (bitselect     ) [ 01]
br_ln15               (br            ) [ 00]
tmp_6                 (bitselect     ) [ 01]
br_ln16               (br            ) [ 00]
tmp_7                 (bitselect     ) [ 01]
br_ln17               (br            ) [ 00]
tmp_8                 (bitselect     ) [ 01]
br_ln18               (br            ) [ 00]
tmp_9                 (bitselect     ) [ 01]
br_ln19               (br            ) [ 00]
tmp_10                (bitselect     ) [ 01]
br_ln20               (br            ) [ 00]
tmp_11                (bitselect     ) [ 01]
br_ln21               (br            ) [ 00]
tmp_12                (bitselect     ) [ 01]
br_ln22               (br            ) [ 00]
tmp_13                (bitselect     ) [ 01]
br_ln23               (br            ) [ 00]
tmp_14                (bitselect     ) [ 01]
br_ln24               (br            ) [ 00]
tmp_15                (bitselect     ) [ 01]
br_ln25               (br            ) [ 00]
tmp_16                (bitselect     ) [ 01]
br_ln26               (br            ) [ 00]
tmp_17                (bitselect     ) [ 01]
br_ln27               (br            ) [ 00]
tmp_18                (bitselect     ) [ 01]
br_ln28               (br            ) [ 00]
tmp_19                (bitselect     ) [ 01]
br_ln29               (br            ) [ 00]
tmp_20                (bitselect     ) [ 01]
br_ln30               (br            ) [ 00]
tmp_21                (bitselect     ) [ 01]
br_ln31               (br            ) [ 00]
tmp_22                (bitselect     ) [ 01]
br_ln32               (br            ) [ 00]
tmp_23                (bitselect     ) [ 01]
br_ln33               (br            ) [ 00]
exp_24                (add           ) [ 00]
br_ln0                (br            ) [ 00]
trunc_ln33            (trunc         ) [ 00]
norm24_21             (bitconcatenate) [ 00]
exp_22                (add           ) [ 00]
br_ln33               (br            ) [ 00]
trunc_ln32            (trunc         ) [ 00]
norm24_20             (bitconcatenate) [ 00]
exp_21                (add           ) [ 00]
br_ln32               (br            ) [ 00]
trunc_ln31            (trunc         ) [ 00]
norm24_19             (bitconcatenate) [ 00]
exp_20                (add           ) [ 00]
br_ln31               (br            ) [ 00]
trunc_ln30            (trunc         ) [ 00]
norm24_18             (bitconcatenate) [ 00]
exp_19                (add           ) [ 00]
br_ln30               (br            ) [ 00]
trunc_ln29            (trunc         ) [ 00]
norm24_17             (bitconcatenate) [ 00]
exp_18                (add           ) [ 00]
br_ln29               (br            ) [ 00]
trunc_ln28            (trunc         ) [ 00]
norm24_16             (bitconcatenate) [ 00]
exp_17                (add           ) [ 00]
br_ln28               (br            ) [ 00]
trunc_ln27            (trunc         ) [ 00]
norm24_15             (bitconcatenate) [ 00]
exp_16                (add           ) [ 00]
br_ln27               (br            ) [ 00]
trunc_ln26            (trunc         ) [ 00]
norm24_14             (bitconcatenate) [ 00]
exp_15                (add           ) [ 00]
br_ln26               (br            ) [ 00]
trunc_ln25            (trunc         ) [ 00]
norm24_13             (bitconcatenate) [ 00]
exp_14                (add           ) [ 00]
br_ln25               (br            ) [ 00]
trunc_ln24            (trunc         ) [ 00]
norm24_12             (bitconcatenate) [ 00]
exp_13                (add           ) [ 00]
br_ln24               (br            ) [ 00]
trunc_ln23            (trunc         ) [ 00]
norm24_11             (bitconcatenate) [ 00]
exp_12                (add           ) [ 00]
br_ln23               (br            ) [ 00]
trunc_ln22            (trunc         ) [ 00]
norm24_10             (bitconcatenate) [ 00]
exp_11                (add           ) [ 00]
br_ln22               (br            ) [ 00]
trunc_ln21            (trunc         ) [ 00]
norm24_9              (bitconcatenate) [ 00]
exp_10                (add           ) [ 00]
br_ln21               (br            ) [ 00]
trunc_ln20            (trunc         ) [ 00]
norm24_8              (bitconcatenate) [ 00]
exp_9                 (add           ) [ 00]
br_ln20               (br            ) [ 00]
trunc_ln19            (trunc         ) [ 00]
norm24_7              (bitconcatenate) [ 00]
exp_8                 (add           ) [ 00]
br_ln19               (br            ) [ 00]
trunc_ln18            (trunc         ) [ 00]
norm24_6              (bitconcatenate) [ 00]
exp_7                 (add           ) [ 00]
br_ln18               (br            ) [ 00]
trunc_ln17            (trunc         ) [ 00]
norm24_5              (bitconcatenate) [ 00]
exp_6                 (add           ) [ 00]
br_ln17               (br            ) [ 00]
trunc_ln16            (trunc         ) [ 00]
norm24_4              (bitconcatenate) [ 00]
exp_5                 (add           ) [ 00]
br_ln16               (br            ) [ 00]
trunc_ln15            (trunc         ) [ 00]
norm24_3              (bitconcatenate) [ 00]
exp_4                 (add           ) [ 00]
br_ln15               (br            ) [ 00]
trunc_ln14            (trunc         ) [ 00]
norm24_2              (bitconcatenate) [ 00]
exp_3                 (add           ) [ 00]
br_ln14               (br            ) [ 00]
trunc_ln13            (trunc         ) [ 00]
norm24_1              (bitconcatenate) [ 00]
exp_2                 (add           ) [ 00]
br_ln13               (br            ) [ 00]
trunc_ln12            (trunc         ) [ 00]
norm24                (bitconcatenate) [ 00]
exp_1                 (add           ) [ 00]
br_ln12               (br            ) [ 00]
trunc_ln9             (trunc         ) [ 00]
br_ln11               (br            ) [ 00]
norm24_cast           (partselect    ) [ 00]
exp                   (add           ) [ 00]
br_ln10               (br            ) [ 00]
exp_23                (phi           ) [ 00]
norm24_22             (phi           ) [ 00]
tmp_s                 (bitconcatenate) [ 00]
br_ln0                (br            ) [ 00]
retval_0              (phi           ) [ 00]
ret_ln37              (ret           ) [ 00]
</LifeTime>

<model>

<comp_list>
<comp id="0" class="1000" name="raw_sum_mantissa">
<pin_list>
<pin id="1" dir="1" index="0" bw="1" slack="0"/>
</pin_list>
<bind>
<StgValue><ssdm name="raw_sum_mantissa"/></StgValue>
</bind>
</comp>

<comp id="2" class="1000" name="raw_sign">
<pin_list>
<pin id="3" dir="1" index="0" bw="1" slack="0"/>
</pin_list>
<bind>
<StgValue><ssdm name="raw_sign"/></StgValue>
</bind>
</comp>

<comp id="4" class="1000" name="target_exponent">
<pin_list>
<pin id="5" dir="1" index="0" bw="1" slack="0"/>
</pin_list>
<bind>
<StgValue><ssdm name="target_exponent"/></StgValue>
</bind>
</comp>

<comp id="6" class="1001" name="const_6">
<pin_list>
<pin id="7" dir="1" index="0" bw="1" slack="2147483647"/>
</pin_list>
<bind>
<StgValue><ssdm name="_ssdm_op_SpecBitsMap"/></StgValue>
</bind>
</comp>

<comp id="8" class="1001" name="const_8">
<pin_list>
<pin id="9" dir="1" index="0" bw="1" slack="0"/>
</pin_list>
<bind>
<StgValue><ssdm name=""/></StgValue>
</bind>
</comp>

<comp id="10" class="1001" name="const_10">
<pin_list>
<pin id="11" dir="1" index="0" bw="1" slack="2147483647"/>
</pin_list>
<bind>
<StgValue><ssdm name="_ssdm_op_SpecTopModule"/></StgValue>
</bind>
</comp>

<comp id="12" class="1001" name="const_12">
<pin_list>
<pin id="13" dir="1" index="0" bw="1" slack="2147483647"/>
</pin_list>
<bind>
<StgValue><ssdm name="empty_1"/></StgValue>
</bind>
</comp>

<comp id="14" class="1001" name="const_14">
<pin_list>
<pin id="15" dir="1" index="0" bw="1" slack="2147483647"/>
</pin_list>
<bind>
<StgValue><ssdm name="_ssdm_op_SpecInterface"/></StgValue>
</bind>
</comp>

<comp id="16" class="1001" name="const_16">
<pin_list>
<pin id="17" dir="1" index="0" bw="1" slack="2147483647"/>
</pin_list>
<bind>
<StgValue><ssdm name="empty"/></StgValue>
</bind>
</comp>

<comp id="18" class="1001" name="const_18">
<pin_list>
<pin id="19" dir="1" index="0" bw="1" slack="2147483647"/>
</pin_list>
<bind>
<StgValue><ssdm name="empty_0"/></StgValue>
</bind>
</comp>

<comp id="20" class="1001" name="const_20">
<pin_list>
<pin id="21" dir="1" index="0" bw="1" slack="2147483647"/>
</pin_list>
<bind>
<StgValue><ssdm name=""/></StgValue>
</bind>
</comp>

<comp id="22" class="1001" name="const_22">
<pin_list>
<pin id="23" dir="1" index="0" bw="1" slack="0"/>
</pin_list>
<bind>
<StgValue><ssdm name="_ssdm_op_Read.ap_auto.i8"/></StgValue>
</bind>
</comp>

<comp id="24" class="1001" name="const_24">
<pin_list>
<pin id="25" dir="1" index="0" bw="1" slack="0"/>
</pin_list>
<bind>
<StgValue><ssdm name="_ssdm_op_Read.ap_auto.i1"/></StgValue>
</bind>
</comp>

<comp id="26" class="1001" name="const_26">
<pin_list>
<pin id="27" dir="1" index="0" bw="1" slack="0"/>
</pin_list>
<bind>
<StgValue><ssdm name="_ssdm_op_Read.ap_auto.i25"/></StgValue>
</bind>
</comp>

<comp id="28" class="1001" name="const_28">
<pin_list>
<pin id="29" dir="1" index="0" bw="1" slack="0"/>
</pin_list>
<bind>
<StgValue><ssdm name=""/></StgValue>
</bind>
</comp>

<comp id="30" class="1001" name="const_30">
<pin_list>
<pin id="31" dir="1" index="0" bw="1" slack="0"/>
</pin_list>
<bind>
<StgValue><ssdm name="_ssdm_op_BitSelect.i1.i25.i32"/></StgValue>
</bind>
</comp>

<comp id="32" class="1001" name="const_32">
<pin_list>
<pin id="33" dir="1" index="0" bw="1" slack="0"/>
</pin_list>
<bind>
<StgValue><ssdm name=""/></StgValue>
</bind>
</comp>

<comp id="34" class="1001" name="const_34">
<pin_list>
<pin id="35" dir="1" index="0" bw="1" slack="0"/>
</pin_list>
<bind>
<StgValue><ssdm name=""/></StgValue>
</bind>
</comp>

<comp id="36" class="1001" name="const_36">
<pin_list>
<pin id="37" dir="1" index="0" bw="1" slack="0"/>
</pin_list>
<bind>
<StgValue><ssdm name=""/></StgValue>
</bind>
</comp>

<comp id="38" class="1001" name="const_38">
<pin_list>
<pin id="39" dir="1" index="0" bw="1" slack="0"/>
</pin_list>
<bind>
<StgValue><ssdm name=""/></StgValue>
</bind>
</comp>

<comp id="40" class="1001" name="const_40">
<pin_list>
<pin id="41" dir="1" index="0" bw="1" slack="0"/>
</pin_list>
<bind>
<StgValue><ssdm name=""/></StgValue>
</bind>
</comp>

<comp id="42" class="1001" name="const_42">
<pin_list>
<pin id="43" dir="1" index="0" bw="1" slack="0"/>
</pin_list>
<bind>
<StgValue><ssdm name=""/></StgValue>
</bind>
</comp>

<comp id="44" class="1001" name="const_44">
<pin_list>
<pin id="45" dir="1" index="0" bw="1" slack="0"/>
</pin_list>
<bind>
<StgValue><ssdm name=""/></StgValue>
</bind>
</comp>

<comp id="46" class="1001" name="const_46">
<pin_list>
<pin id="47" dir="1" index="0" bw="1" slack="0"/>
</pin_list>
<bind>
<StgValue><ssdm name=""/></StgValue>
</bind>
</comp>

<comp id="48" class="1001" name="const_48">
<pin_list>
<pin id="49" dir="1" index="0" bw="1" slack="0"/>
</pin_list>
<bind>
<StgValue><ssdm name=""/></StgValue>
</bind>
</comp>

<comp id="50" class="1001" name="const_50">
<pin_list>
<pin id="51" dir="1" index="0" bw="1" slack="0"/>
</pin_list>
<bind>
<StgValue><ssdm name=""/></StgValue>
</bind>
</comp>

<comp id="52" class="1001" name="const_52">
<pin_list>
<pin id="53" dir="1" index="0" bw="1" slack="0"/>
</pin_list>
<bind>
<StgValue><ssdm name=""/></StgValue>
</bind>
</comp>

<comp id="54" class="1001" name="const_54">
<pin_list>
<pin id="55" dir="1" index="0" bw="1" slack="0"/>
</pin_list>
<bind>
<StgValue><ssdm name=""/></StgValue>
</bind>
</comp>

<comp id="56" class="1001" name="const_56">
<pin_list>
<pin id="57" dir="1" index="0" bw="1" slack="0"/>
</pin_list>
<bind>
<StgValue><ssdm name=""/></StgValue>
</bind>
</comp>

<comp id="58" class="1001" name="const_58">
<pin_list>
<pin id="59" dir="1" index="0" bw="1" slack="0"/>
</pin_list>
<bind>
<StgValue><ssdm name=""/></StgValue>
</bind>
</comp>

<comp id="60" class="1001" name="const_60">
<pin_list>
<pin id="61" dir="1" index="0" bw="1" slack="0"/>
</pin_list>
<bind>
<StgValue><ssdm name=""/></StgValue>
</bind>
</comp>

<comp id="62" class="1001" name="const_62">
<pin_list>
<pin id="63" dir="1" index="0" bw="1" slack="0"/>
</pin_list>
<bind>
<StgValue><ssdm name=""/></StgValue>
</bind>
</comp>

<comp id="64" class="1001" name="const_64">
<pin_list>
<pin id="65" dir="1" index="0" bw="1" slack="0"/>
</pin_list>
<bind>
<StgValue><ssdm name=""/></StgValue>
</bind>
</comp>

<comp id="66" class="1001" name="const_66">
<pin_list>
<pin id="67" dir="1" index="0" bw="1" slack="0"/>
</pin_list>
<bind>
<StgValue><ssdm name=""/></StgValue>
</bind>
</comp>

<comp id="68" class="1001" name="const_68">
<pin_list>
<pin id="69" dir="1" index="0" bw="1" slack="0"/>
</pin_list>
<bind>
<StgValue><ssdm name=""/></StgValue>
</bind>
</comp>

<comp id="70" class="1001" name="const_70">
<pin_list>
<pin id="71" dir="1" index="0" bw="1" slack="0"/>
</pin_list>
<bind>
<StgValue><ssdm name=""/></StgValue>
</bind>
</comp>

<comp id="72" class="1001" name="const_72">
<pin_list>
<pin id="73" dir="1" index="0" bw="1" slack="0"/>
</pin_list>
<bind>
<StgValue><ssdm name=""/></StgValue>
</bind>
</comp>

<comp id="74" class="1001" name="const_74">
<pin_list>
<pin id="75" dir="1" index="0" bw="1" slack="0"/>
</pin_list>
<bind>
<StgValue><ssdm name=""/></StgValue>
</bind>
</comp>

<comp id="76" class="1001" name="const_76">
<pin_list>
<pin id="77" dir="1" index="0" bw="1" slack="0"/>
</pin_list>
<bind>
<StgValue><ssdm name=""/></StgValue>
</bind>
</comp>

<comp id="78" class="1001" name="const_78">
<pin_list>
<pin id="79" dir="1" index="0" bw="1" slack="0"/>
</pin_list>
<bind>
<StgValue><ssdm name=""/></StgValue>
</bind>
</comp>

<comp id="80" class="1001" name="const_80">
<pin_list>
<pin id="81" dir="1" index="0" bw="1" slack="0"/>
</pin_list>
<bind>
<StgValue><ssdm name=""/></StgValue>
</bind>
</comp>

<comp id="82" class="1001" name="const_82">
<pin_list>
<pin id="83" dir="1" index="0" bw="1" slack="0"/>
</pin_list>
<bind>
<StgValue><ssdm name="_ssdm_op_BitConcatenate.i23.i1.i22"/></StgValue>
</bind>
</comp>

<comp id="84" class="1001" name="const_84">
<pin_list>
<pin id="85" dir="1" index="0" bw="1" slack="0"/>
</pin_list>
<bind>
<StgValue><ssdm name=""/></StgValue>
</bind>
</comp>

<comp id="86" class="1001" name="const_86">
<pin_list>
<pin id="87" dir="1" index="0" bw="1" slack="0"/>
</pin_list>
<bind>
<StgValue><ssdm name=""/></StgValue>
</bind>
</comp>

<comp id="88" class="1001" name="const_88">
<pin_list>
<pin id="89" dir="1" index="0" bw="1" slack="0"/>
</pin_list>
<bind>
<StgValue><ssdm name="_ssdm_op_BitConcatenate.i23.i2.i21"/></StgValue>
</bind>
</comp>

<comp id="90" class="1001" name="const_90">
<pin_list>
<pin id="91" dir="1" index="0" bw="1" slack="0"/>
</pin_list>
<bind>
<StgValue><ssdm name=""/></StgValue>
</bind>
</comp>

<comp id="92" class="1001" name="const_92">
<pin_list>
<pin id="93" dir="1" index="0" bw="1" slack="0"/>
</pin_list>
<bind>
<StgValue><ssdm name=""/></StgValue>
</bind>
</comp>

<comp id="94" class="1001" name="const_94">
<pin_list>
<pin id="95" dir="1" index="0" bw="1" slack="0"/>
</pin_list>
<bind>
<StgValue><ssdm name="_ssdm_op_BitConcatenate.i23.i3.i20"/></StgValue>
</bind>
</comp>

<comp id="96" class="1001" name="const_96">
<pin_list>
<pin id="97" dir="1" index="0" bw="1" slack="0"/>
</pin_list>
<bind>
<StgValue><ssdm name=""/></StgValue>
</bind>
</comp>

<comp id="98" class="1001" name="const_98">
<pin_list>
<pin id="99" dir="1" index="0" bw="1" slack="0"/>
</pin_list>
<bind>
<StgValue><ssdm name=""/></StgValue>
</bind>
</comp>

<comp id="100" class="1001" name="const_100">
<pin_list>
<pin id="101" dir="1" index="0" bw="1" slack="0"/>
</pin_list>
<bind>
<StgValue><ssdm name="_ssdm_op_BitConcatenate.i23.i4.i19"/></StgValue>
</bind>
</comp>

<comp id="102" class="1001" name="const_102">
<pin_list>
<pin id="103" dir="1" index="0" bw="1" slack="0"/>
</pin_list>
<bind>
<StgValue><ssdm name=""/></StgValue>
</bind>
</comp>

<comp id="104" class="1001" name="const_104">
<pin_list>
<pin id="105" dir="1" index="0" bw="1" slack="0"/>
</pin_list>
<bind>
<StgValue><ssdm name=""/></StgValue>
</bind>
</comp>

<comp id="106" class="1001" name="const_106">
<pin_list>
<pin id="107" dir="1" index="0" bw="1" slack="0"/>
</pin_list>
<bind>
<StgValue><ssdm name="_ssdm_op_BitConcatenate.i23.i5.i18"/></StgValue>
</bind>
</comp>

<comp id="108" class="1001" name="const_108">
<pin_list>
<pin id="109" dir="1" index="0" bw="1" slack="0"/>
</pin_list>
<bind>
<StgValue><ssdm name=""/></StgValue>
</bind>
</comp>

<comp id="110" class="1001" name="const_110">
<pin_list>
<pin id="111" dir="1" index="0" bw="1" slack="0"/>
</pin_list>
<bind>
<StgValue><ssdm name=""/></StgValue>
</bind>
</comp>

<comp id="112" class="1001" name="const_112">
<pin_list>
<pin id="113" dir="1" index="0" bw="1" slack="0"/>
</pin_list>
<bind>
<StgValue><ssdm name="_ssdm_op_BitConcatenate.i23.i6.i17"/></StgValue>
</bind>
</comp>

<comp id="114" class="1001" name="const_114">
<pin_list>
<pin id="115" dir="1" index="0" bw="1" slack="0"/>
</pin_list>
<bind>
<StgValue><ssdm name=""/></StgValue>
</bind>
</comp>

<comp id="116" class="1001" name="const_116">
<pin_list>
<pin id="117" dir="1" index="0" bw="1" slack="0"/>
</pin_list>
<bind>
<StgValue><ssdm name=""/></StgValue>
</bind>
</comp>

<comp id="118" class="1001" name="const_118">
<pin_list>
<pin id="119" dir="1" index="0" bw="1" slack="0"/>
</pin_list>
<bind>
<StgValue><ssdm name="_ssdm_op_BitConcatenate.i23.i7.i16"/></StgValue>
</bind>
</comp>

<comp id="120" class="1001" name="const_120">
<pin_list>
<pin id="121" dir="1" index="0" bw="1" slack="0"/>
</pin_list>
<bind>
<StgValue><ssdm name=""/></StgValue>
</bind>
</comp>

<comp id="122" class="1001" name="const_122">
<pin_list>
<pin id="123" dir="1" index="0" bw="1" slack="0"/>
</pin_list>
<bind>
<StgValue><ssdm name=""/></StgValue>
</bind>
</comp>

<comp id="124" class="1001" name="const_124">
<pin_list>
<pin id="125" dir="1" index="0" bw="1" slack="0"/>
</pin_list>
<bind>
<StgValue><ssdm name="_ssdm_op_BitConcatenate.i23.i8.i15"/></StgValue>
</bind>
</comp>

<comp id="126" class="1001" name="const_126">
<pin_list>
<pin id="127" dir="1" index="0" bw="1" slack="0"/>
</pin_list>
<bind>
<StgValue><ssdm name=""/></StgValue>
</bind>
</comp>

<comp id="128" class="1001" name="const_128">
<pin_list>
<pin id="129" dir="1" index="0" bw="1" slack="0"/>
</pin_list>
<bind>
<StgValue><ssdm name=""/></StgValue>
</bind>
</comp>

<comp id="130" class="1001" name="const_130">
<pin_list>
<pin id="131" dir="1" index="0" bw="1" slack="0"/>
</pin_list>
<bind>
<StgValue><ssdm name="_ssdm_op_BitConcatenate.i23.i9.i14"/></StgValue>
</bind>
</comp>

<comp id="132" class="1001" name="const_132">
<pin_list>
<pin id="133" dir="1" index="0" bw="1" slack="0"/>
</pin_list>
<bind>
<StgValue><ssdm name=""/></StgValue>
</bind>
</comp>

<comp id="134" class="1001" name="const_134">
<pin_list>
<pin id="135" dir="1" index="0" bw="1" slack="0"/>
</pin_list>
<bind>
<StgValue><ssdm name=""/></StgValue>
</bind>
</comp>

<comp id="136" class="1001" name="const_136">
<pin_list>
<pin id="137" dir="1" index="0" bw="1" slack="0"/>
</pin_list>
<bind>
<StgValue><ssdm name="_ssdm_op_BitConcatenate.i23.i10.i13"/></StgValue>
</bind>
</comp>

<comp id="138" class="1001" name="const_138">
<pin_list>
<pin id="139" dir="1" index="0" bw="1" slack="0"/>
</pin_list>
<bind>
<StgValue><ssdm name=""/></StgValue>
</bind>
</comp>

<comp id="140" class="1001" name="const_140">
<pin_list>
<pin id="141" dir="1" index="0" bw="1" slack="0"/>
</pin_list>
<bind>
<StgValue><ssdm name=""/></StgValue>
</bind>
</comp>

<comp id="142" class="1001" name="const_142">
<pin_list>
<pin id="143" dir="1" index="0" bw="1" slack="0"/>
</pin_list>
<bind>
<StgValue><ssdm name="_ssdm_op_BitConcatenate.i23.i11.i12"/></StgValue>
</bind>
</comp>

<comp id="144" class="1001" name="const_144">
<pin_list>
<pin id="145" dir="1" index="0" bw="1" slack="0"/>
</pin_list>
<bind>
<StgValue><ssdm name=""/></StgValue>
</bind>
</comp>

<comp id="146" class="1001" name="const_146">
<pin_list>
<pin id="147" dir="1" index="0" bw="1" slack="0"/>
</pin_list>
<bind>
<StgValue><ssdm name=""/></StgValue>
</bind>
</comp>

<comp id="148" class="1001" name="const_148">
<pin_list>
<pin id="149" dir="1" index="0" bw="1" slack="0"/>
</pin_list>
<bind>
<StgValue><ssdm name="_ssdm_op_BitConcatenate.i23.i12.i11"/></StgValue>
</bind>
</comp>

<comp id="150" class="1001" name="const_150">
<pin_list>
<pin id="151" dir="1" index="0" bw="1" slack="0"/>
</pin_list>
<bind>
<StgValue><ssdm name=""/></StgValue>
</bind>
</comp>

<comp id="152" class="1001" name="const_152">
<pin_list>
<pin id="153" dir="1" index="0" bw="1" slack="0"/>
</pin_list>
<bind>
<StgValue><ssdm name=""/></StgValue>
</bind>
</comp>

<comp id="154" class="1001" name="const_154">
<pin_list>
<pin id="155" dir="1" index="0" bw="1" slack="0"/>
</pin_list>
<bind>
<StgValue><ssdm name="_ssdm_op_BitConcatenate.i23.i13.i10"/></StgValue>
</bind>
</comp>

<comp id="156" class="1001" name="const_156">
<pin_list>
<pin id="157" dir="1" index="0" bw="1" slack="0"/>
</pin_list>
<bind>
<StgValue><ssdm name=""/></StgValue>
</bind>
</comp>

<comp id="158" class="1001" name="const_158">
<pin_list>
<pin id="159" dir="1" index="0" bw="1" slack="0"/>
</pin_list>
<bind>
<StgValue><ssdm name=""/></StgValue>
</bind>
</comp>

<comp id="160" class="1001" name="const_160">
<pin_list>
<pin id="161" dir="1" index="0" bw="1" slack="0"/>
</pin_list>
<bind>
<StgValue><ssdm name="_ssdm_op_BitConcatenate.i23.i14.i9"/></StgValue>
</bind>
</comp>

<comp id="162" class="1001" name="const_162">
<pin_list>
<pin id="163" dir="1" index="0" bw="1" slack="0"/>
</pin_list>
<bind>
<StgValue><ssdm name=""/></StgValue>
</bind>
</comp>

<comp id="164" class="1001" name="const_164">
<pin_list>
<pin id="165" dir="1" index="0" bw="1" slack="0"/>
</pin_list>
<bind>
<StgValue><ssdm name=""/></StgValue>
</bind>
</comp>

<comp id="166" class="1001" name="const_166">
<pin_list>
<pin id="167" dir="1" index="0" bw="1" slack="0"/>
</pin_list>
<bind>
<StgValue><ssdm name="_ssdm_op_BitConcatenate.i23.i15.i8"/></StgValue>
</bind>
</comp>

<comp id="168" class="1001" name="const_168">
<pin_list>
<pin id="169" dir="1" index="0" bw="1" slack="0"/>
</pin_list>
<bind>
<StgValue><ssdm name=""/></StgValue>
</bind>
</comp>

<comp id="170" class="1001" name="const_170">
<pin_list>
<pin id="171" dir="1" index="0" bw="1" slack="0"/>
</pin_list>
<bind>
<StgValue><ssdm name=""/></StgValue>
</bind>
</comp>

<comp id="172" class="1001" name="const_172">
<pin_list>
<pin id="173" dir="1" index="0" bw="1" slack="0"/>
</pin_list>
<bind>
<StgValue><ssdm name="_ssdm_op_BitConcatenate.i23.i16.i7"/></StgValue>
</bind>
</comp>

<comp id="174" class="1001" name="const_174">
<pin_list>
<pin id="175" dir="1" index="0" bw="1" slack="0"/>
</pin_list>
<bind>
<StgValue><ssdm name=""/></StgValue>
</bind>
</comp>

<comp id="176" class="1001" name="const_176">
<pin_list>
<pin id="177" dir="1" index="0" bw="1" slack="0"/>
</pin_list>
<bind>
<StgValue><ssdm name=""/></StgValue>
</bind>
</comp>

<comp id="178" class="1001" name="const_178">
<pin_list>
<pin id="179" dir="1" index="0" bw="1" slack="0"/>
</pin_list>
<bind>
<StgValue><ssdm name="_ssdm_op_BitConcatenate.i23.i17.i6"/></StgValue>
</bind>
</comp>

<comp id="180" class="1001" name="const_180">
<pin_list>
<pin id="181" dir="1" index="0" bw="1" slack="0"/>
</pin_list>
<bind>
<StgValue><ssdm name=""/></StgValue>
</bind>
</comp>

<comp id="182" class="1001" name="const_182">
<pin_list>
<pin id="183" dir="1" index="0" bw="1" slack="0"/>
</pin_list>
<bind>
<StgValue><ssdm name=""/></StgValue>
</bind>
</comp>

<comp id="184" class="1001" name="const_184">
<pin_list>
<pin id="185" dir="1" index="0" bw="1" slack="0"/>
</pin_list>
<bind>
<StgValue><ssdm name="_ssdm_op_BitConcatenate.i23.i18.i5"/></StgValue>
</bind>
</comp>

<comp id="186" class="1001" name="const_186">
<pin_list>
<pin id="187" dir="1" index="0" bw="1" slack="0"/>
</pin_list>
<bind>
<StgValue><ssdm name=""/></StgValue>
</bind>
</comp>

<comp id="188" class="1001" name="const_188">
<pin_list>
<pin id="189" dir="1" index="0" bw="1" slack="0"/>
</pin_list>
<bind>
<StgValue><ssdm name=""/></StgValue>
</bind>
</comp>

<comp id="190" class="1001" name="const_190">
<pin_list>
<pin id="191" dir="1" index="0" bw="1" slack="0"/>
</pin_list>
<bind>
<StgValue><ssdm name="_ssdm_op_BitConcatenate.i23.i19.i4"/></StgValue>
</bind>
</comp>

<comp id="192" class="1001" name="const_192">
<pin_list>
<pin id="193" dir="1" index="0" bw="1" slack="0"/>
</pin_list>
<bind>
<StgValue><ssdm name=""/></StgValue>
</bind>
</comp>

<comp id="194" class="1001" name="const_194">
<pin_list>
<pin id="195" dir="1" index="0" bw="1" slack="0"/>
</pin_list>
<bind>
<StgValue><ssdm name=""/></StgValue>
</bind>
</comp>

<comp id="196" class="1001" name="const_196">
<pin_list>
<pin id="197" dir="1" index="0" bw="1" slack="0"/>
</pin_list>
<bind>
<StgValue><ssdm name="_ssdm_op_BitConcatenate.i23.i20.i3"/></StgValue>
</bind>
</comp>

<comp id="198" class="1001" name="const_198">
<pin_list>
<pin id="199" dir="1" index="0" bw="1" slack="0"/>
</pin_list>
<bind>
<StgValue><ssdm name=""/></StgValue>
</bind>
</comp>

<comp id="200" class="1001" name="const_200">
<pin_list>
<pin id="201" dir="1" index="0" bw="1" slack="0"/>
</pin_list>
<bind>
<StgValue><ssdm name=""/></StgValue>
</bind>
</comp>

<comp id="202" class="1001" name="const_202">
<pin_list>
<pin id="203" dir="1" index="0" bw="1" slack="0"/>
</pin_list>
<bind>
<StgValue><ssdm name="_ssdm_op_BitConcatenate.i23.i21.i2"/></StgValue>
</bind>
</comp>

<comp id="204" class="1001" name="const_204">
<pin_list>
<pin id="205" dir="1" index="0" bw="1" slack="0"/>
</pin_list>
<bind>
<StgValue><ssdm name=""/></StgValue>
</bind>
</comp>

<comp id="206" class="1001" name="const_206">
<pin_list>
<pin id="207" dir="1" index="0" bw="1" slack="0"/>
</pin_list>
<bind>
<StgValue><ssdm name=""/></StgValue>
</bind>
</comp>

<comp id="208" class="1001" name="const_208">
<pin_list>
<pin id="209" dir="1" index="0" bw="1" slack="0"/>
</pin_list>
<bind>
<StgValue><ssdm name="_ssdm_op_BitConcatenate.i23.i22.i1"/></StgValue>
</bind>
</comp>

<comp id="210" class="1001" name="const_210">
<pin_list>
<pin id="211" dir="1" index="0" bw="1" slack="0"/>
</pin_list>
<bind>
<StgValue><ssdm name=""/></StgValue>
</bind>
</comp>

<comp id="212" class="1001" name="const_212">
<pin_list>
<pin id="213" dir="1" index="0" bw="1" slack="0"/>
</pin_list>
<bind>
<StgValue><ssdm name=""/></StgValue>
</bind>
</comp>

<comp id="214" class="1001" name="const_214">
<pin_list>
<pin id="215" dir="1" index="0" bw="1" slack="0"/>
</pin_list>
<bind>
<StgValue><ssdm name="_ssdm_op_PartSelect.i23.i25.i32.i32"/></StgValue>
</bind>
</comp>

<comp id="216" class="1001" name="const_216">
<pin_list>
<pin id="217" dir="1" index="0" bw="1" slack="0"/>
</pin_list>
<bind>
<StgValue><ssdm name=""/></StgValue>
</bind>
</comp>

<comp id="218" class="1001" name="const_218">
<pin_list>
<pin id="219" dir="1" index="0" bw="1" slack="0"/>
</pin_list>
<bind>
<StgValue><ssdm name=""/></StgValue>
</bind>
</comp>

<comp id="220" class="1001" name="const_220">
<pin_list>
<pin id="221" dir="1" index="0" bw="1" slack="0"/>
</pin_list>
<bind>
<StgValue><ssdm name="_ssdm_op_BitConcatenate.i32.i1.i8.i23"/></StgValue>
</bind>
</comp>

<comp id="222" class="1004" name="target_exponent_read_read_fu_222">
<pin_list>
<pin id="223" dir="0" index="0" bw="8" slack="0"/>
<pin id="224" dir="0" index="1" bw="8" slack="0"/>
<pin id="225" dir="1" index="2" bw="8" slack="0"/>
</pin_list>
<bind>
<opcode="read(1150) " fcode="read"/>
<opset="target_exponent_read/1 "/>
</bind>
</comp>

<comp id="228" class="1004" name="raw_sign_read_read_fu_228">
<pin_list>
<pin id="229" dir="0" index="0" bw="1" slack="0"/>
<pin id="230" dir="0" index="1" bw="1" slack="0"/>
<pin id="231" dir="1" index="2" bw="1" slack="0"/>
</pin_list>
<bind>
<opcode="read(1150) " fcode="read"/>
<opset="raw_sign_read/1 "/>
</bind>
</comp>

<comp id="234" class="1004" name="raw_sum_mantissa_read_read_fu_234">
<pin_list>
<pin id="235" dir="0" index="0" bw="25" slack="0"/>
<pin id="236" dir="0" index="1" bw="25" slack="0"/>
<pin id="237" dir="1" index="2" bw="25" slack="0"/>
</pin_list>
<bind>
<opcode="read(1150) " fcode="read"/>
<opset="raw_sum_mantissa_read/1 "/>
</bind>
</comp>

<comp id="240" class="1005" name="exp_23_reg_240">
<pin_list>
<pin id="241" dir="0" index="0" bw="8" slack="2147483647"/>
<pin id="242" dir="1" index="1" bw="8" slack="2147483647"/>
</pin_list>
<bind>
<opset="exp_23 (phireg) "/>
</bind>
</comp>

<comp id="243" class="1004" name="exp_23_phi_fu_243">
<pin_list>
<pin id="244" dir="0" index="0" bw="8" slack="0"/>
<pin id="245" dir="0" index="1" bw="0" slack="2147483647"/>
<pin id="246" dir="0" index="2" bw="8" slack="0"/>
<pin id="247" dir="0" index="3" bw="0" slack="2147483647"/>
<pin id="248" dir="0" index="4" bw="8" slack="0"/>
<pin id="249" dir="0" index="5" bw="0" slack="2147483647"/>
<pin id="250" dir="0" index="6" bw="8" slack="0"/>
<pin id="251" dir="0" index="7" bw="0" slack="2147483647"/>
<pin id="252" dir="0" index="8" bw="8" slack="0"/>
<pin id="253" dir="0" index="9" bw="0" slack="2147483647"/>
<pin id="254" dir="0" index="10" bw="8" slack="0"/>
<pin id="255" dir="0" index="11" bw="0" slack="2147483647"/>
<pin id="256" dir="0" index="12" bw="8" slack="0"/>
<pin id="257" dir="0" index="13" bw="0" slack="2147483647"/>
<pin id="258" dir="0" index="14" bw="8" slack="0"/>
<pin id="259" dir="0" index="15" bw="0" slack="2147483647"/>
<pin id="260" dir="0" index="16" bw="8" slack="0"/>
<pin id="261" dir="0" index="17" bw="0" slack="2147483647"/>
<pin id="262" dir="0" index="18" bw="8" slack="0"/>
<pin id="263" dir="0" index="19" bw="0" slack="2147483647"/>
<pin id="264" dir="0" index="20" bw="8" slack="0"/>
<pin id="265" dir="0" index="21" bw="0" slack="2147483647"/>
<pin id="266" dir="0" index="22" bw="8" slack="0"/>
<pin id="267" dir="0" index="23" bw="0" slack="2147483647"/>
<pin id="268" dir="0" index="24" bw="8" slack="0"/>
<pin id="269" dir="0" index="25" bw="0" slack="2147483647"/>
<pin id="270" dir="0" index="26" bw="8" slack="0"/>
<pin id="271" dir="0" index="27" bw="0" slack="2147483647"/>
<pin id="272" dir="0" index="28" bw="8" slack="0"/>
<pin id="273" dir="0" index="29" bw="0" slack="2147483647"/>
<pin id="274" dir="0" index="30" bw="8" slack="0"/>
<pin id="275" dir="0" index="31" bw="0" slack="2147483647"/>
<pin id="276" dir="0" index="32" bw="8" slack="0"/>
<pin id="277" dir="0" index="33" bw="0" slack="2147483647"/>
<pin id="278" dir="0" index="34" bw="8" slack="0"/>
<pin id="279" dir="0" index="35" bw="0" slack="2147483647"/>
<pin id="280" dir="0" index="36" bw="8" slack="0"/>
<pin id="281" dir="0" index="37" bw="0" slack="2147483647"/>
<pin id="282" dir="0" index="38" bw="8" slack="0"/>
<pin id="283" dir="0" index="39" bw="0" slack="2147483647"/>
<pin id="284" dir="0" index="40" bw="8" slack="0"/>
<pin id="285" dir="0" index="41" bw="0" slack="2147483647"/>
<pin id="286" dir="0" index="42" bw="8" slack="0"/>
<pin id="287" dir="0" index="43" bw="0" slack="2147483647"/>
<pin id="288" dir="0" index="44" bw="8" slack="0"/>
<pin id="289" dir="0" index="45" bw="0" slack="2147483647"/>
<pin id="290" dir="0" index="46" bw="8" slack="0"/>
<pin id="291" dir="0" index="47" bw="0" slack="2147483647"/>
<pin id="292" dir="0" index="48" bw="8" slack="0"/>
<pin id="293" dir="0" index="49" bw="0" slack="2147483647"/>
<pin id="294" dir="1" index="50" bw="8" slack="0"/>
</pin_list>
<bind>
<opcode="phi(47) " fcode="phi"/>
<opset="exp_23/1 "/>
</bind>
</comp>

<comp id="296" class="1005" name="norm24_22_reg_296">
<pin_list>
<pin id="297" dir="0" index="0" bw="23" slack="2147483647"/>
<pin id="298" dir="1" index="1" bw="23" slack="2147483647"/>
</pin_list>
<bind>
<opset="norm24_22 (phireg) "/>
</bind>
</comp>

<comp id="299" class="1004" name="norm24_22_phi_fu_299">
<pin_list>
<pin id="300" dir="0" index="0" bw="23" slack="0"/>
<pin id="301" dir="0" index="1" bw="0" slack="2147483647"/>
<pin id="302" dir="0" index="2" bw="23" slack="0"/>
<pin id="303" dir="0" index="3" bw="0" slack="2147483647"/>
<pin id="304" dir="0" index="4" bw="23" slack="0"/>
<pin id="305" dir="0" index="5" bw="0" slack="2147483647"/>
<pin id="306" dir="0" index="6" bw="23" slack="0"/>
<pin id="307" dir="0" index="7" bw="0" slack="2147483647"/>
<pin id="308" dir="0" index="8" bw="23" slack="0"/>
<pin id="309" dir="0" index="9" bw="0" slack="2147483647"/>
<pin id="310" dir="0" index="10" bw="23" slack="0"/>
<pin id="311" dir="0" index="11" bw="0" slack="2147483647"/>
<pin id="312" dir="0" index="12" bw="23" slack="0"/>
<pin id="313" dir="0" index="13" bw="0" slack="2147483647"/>
<pin id="314" dir="0" index="14" bw="23" slack="0"/>
<pin id="315" dir="0" index="15" bw="0" slack="2147483647"/>
<pin id="316" dir="0" index="16" bw="23" slack="0"/>
<pin id="317" dir="0" index="17" bw="0" slack="2147483647"/>
<pin id="318" dir="0" index="18" bw="23" slack="0"/>
<pin id="319" dir="0" index="19" bw="0" slack="2147483647"/>
<pin id="320" dir="0" index="20" bw="23" slack="0"/>
<pin id="321" dir="0" index="21" bw="0" slack="2147483647"/>
<pin id="322" dir="0" index="22" bw="23" slack="0"/>
<pin id="323" dir="0" index="23" bw="0" slack="2147483647"/>
<pin id="324" dir="0" index="24" bw="23" slack="0"/>
<pin id="325" dir="0" index="25" bw="0" slack="2147483647"/>
<pin id="326" dir="0" index="26" bw="23" slack="0"/>
<pin id="327" dir="0" index="27" bw="0" slack="2147483647"/>
<pin id="328" dir="0" index="28" bw="23" slack="0"/>
<pin id="329" dir="0" index="29" bw="0" slack="2147483647"/>
<pin id="330" dir="0" index="30" bw="23" slack="0"/>
<pin id="331" dir="0" index="31" bw="0" slack="2147483647"/>
<pin id="332" dir="0" index="32" bw="23" slack="0"/>
<pin id="333" dir="0" index="33" bw="0" slack="2147483647"/>
<pin id="334" dir="0" index="34" bw="23" slack="0"/>
<pin id="335" dir="0" index="35" bw="0" slack="2147483647"/>
<pin id="336" dir="0" index="36" bw="23" slack="0"/>
<pin id="337" dir="0" index="37" bw="0" slack="2147483647"/>
<pin id="338" dir="0" index="38" bw="23" slack="0"/>
<pin id="339" dir="0" index="39" bw="0" slack="2147483647"/>
<pin id="340" dir="0" index="40" bw="23" slack="0"/>
<pin id="341" dir="0" index="41" bw="0" slack="2147483647"/>
<pin id="342" dir="0" index="42" bw="23" slack="0"/>
<pin id="343" dir="0" index="43" bw="0" slack="2147483647"/>
<pin id="344" dir="0" index="44" bw="23" slack="0"/>
<pin id="345" dir="0" index="45" bw="0" slack="2147483647"/>
<pin id="346" dir="0" index="46" bw="23" slack="0"/>
<pin id="347" dir="0" index="47" bw="0" slack="2147483647"/>
<pin id="348" dir="0" index="48" bw="1" slack="0"/>
<pin id="349" dir="0" index="49" bw="0" slack="2147483647"/>
<pin id="350" dir="1" index="50" bw="23" slack="0"/>
</pin_list>
<bind>
<opcode="phi(47) " fcode="phi"/>
<opset="norm24_22/1 "/>
</bind>
</comp>

<comp id="352" class="1005" name="retval_0_reg_352">
<pin_list>
<pin id="353" dir="0" index="0" bw="32" slack="2147483647"/>
<pin id="354" dir="1" index="1" bw="32" slack="2147483647"/>
</pin_list>
<bind>
<opset="retval_0 (phireg) "/>
</bind>
</comp>

<comp id="355" class="1004" name="retval_0_phi_fu_355">
<pin_list>
<pin id="356" dir="0" index="0" bw="32" slack="0"/>
<pin id="357" dir="0" index="1" bw="0" slack="2147483647"/>
<pin id="358" dir="0" index="2" bw="1" slack="0"/>
<pin id="359" dir="0" index="3" bw="0" slack="2147483647"/>
<pin id="360" dir="1" index="4" bw="32" slack="2147483647"/>
</pin_list>
<bind>
<opcode="phi(47) " fcode="phi"/>
<opset="retval_0/1 "/>
</bind>
</comp>

<comp id="362" class="1004" name="icmp_ln5_fu_362">
<pin_list>
<pin id="363" dir="0" index="0" bw="25" slack="0"/>
<pin id="364" dir="0" index="1" bw="25" slack="0"/>
<pin id="365" dir="1" index="2" bw="1" slack="2147483647"/>
</pin_list>
<bind>
<opcode="icmp(45) " fcode="icmp"/>
<opset="icmp_ln5/1 "/>
</bind>
</comp>

<comp id="368" class="1004" name="tmp_fu_368">
<pin_list>
<pin id="369" dir="0" index="0" bw="1" slack="0"/>
<pin id="370" dir="0" index="1" bw="25" slack="0"/>
<pin id="371" dir="0" index="2" bw="6" slack="0"/>
<pin id="372" dir="1" index="3" bw="1" slack="2147483647"/>
</pin_list>
<bind>
<opcode="bitselect(1000) " fcode="bitselect"/>
<opset="tmp/1 "/>
</bind>
</comp>

<comp id="376" class="1004" name="tmp_1_fu_376">
<pin_list>
<pin id="377" dir="0" index="0" bw="1" slack="0"/>
<pin id="378" dir="0" index="1" bw="25" slack="0"/>
<pin id="379" dir="0" index="2" bw="6" slack="0"/>
<pin id="380" dir="1" index="3" bw="1" slack="2147483647"/>
</pin_list>
<bind>
<opcode="bitselect(1000) " fcode="bitselect"/>
<opset="tmp_1/1 "/>
</bind>
</comp>

<comp id="384" class="1004" name="tmp_2_fu_384">
<pin_list>
<pin id="385" dir="0" index="0" bw="1" slack="0"/>
<pin id="386" dir="0" index="1" bw="25" slack="0"/>
<pin id="387" dir="0" index="2" bw="6" slack="0"/>
<pin id="388" dir="1" index="3" bw="1" slack="2147483647"/>
</pin_list>
<bind>
<opcode="bitselect(1000) " fcode="bitselect"/>
<opset="tmp_2/1 "/>
</bind>
</comp>

<comp id="392" class="1004" name="tmp_3_fu_392">
<pin_list>
<pin id="393" dir="0" index="0" bw="1" slack="0"/>
<pin id="394" dir="0" index="1" bw="25" slack="0"/>
<pin id="395" dir="0" index="2" bw="6" slack="0"/>
<pin id="396" dir="1" index="3" bw="1" slack="2147483647"/>
</pin_list>
<bind>
<opcode="bitselect(1000) " fcode="bitselect"/>
<opset="tmp_3/1 "/>
</bind>
</comp>

<comp id="400" class="1004" name="tmp_4_fu_400">
<pin_list>
<pin id="401" dir="0" index="0" bw="1" slack="0"/>
<pin id="402" dir="0" index="1" bw="25" slack="0"/>
<pin id="403" dir="0" index="2" bw="6" slack="0"/>
<pin id="404" dir="1" index="3" bw="1" slack="2147483647"/>
</pin_list>
<bind>
<opcode="bitselect(1000) " fcode="bitselect"/>
<opset="tmp_4/1 "/>
</bind>
</comp>

<comp id="408" class="1004" name="tmp_5_fu_408">
<pin_list>
<pin id="409" dir="0" index="0" bw="1" slack="0"/>
<pin id="410" dir="0" index="1" bw="25" slack="0"/>
<pin id="411" dir="0" index="2" bw="6" slack="0"/>
<pin id="412" dir="1" index="3" bw="1" slack="2147483647"/>
</pin_list>
<bind>
<opcode="bitselect(1000) " fcode="bitselect"/>
<opset="tmp_5/1 "/>
</bind>
</comp>

<comp id="416" class="1004" name="tmp_6_fu_416">
<pin_list>
<pin id="417" dir="0" index="0" bw="1" slack="0"/>
<pin id="418" dir="0" index="1" bw="25" slack="0"/>
<pin id="419" dir="0" index="2" bw="6" slack="0"/>
<pin id="420" dir="1" index="3" bw="1" slack="2147483647"/>
</pin_list>
<bind>
<opcode="bitselect(1000) " fcode="bitselect"/>
<opset="tmp_6/1 "/>
</bind>
</comp>

<comp id="424" class="1004" name="tmp_7_fu_424">
<pin_list>
<pin id="425" dir="0" index="0" bw="1" slack="0"/>
<pin id="426" dir="0" index="1" bw="25" slack="0"/>
<pin id="427" dir="0" index="2" bw="6" slack="0"/>
<pin id="428" dir="1" index="3" bw="1" slack="2147483647"/>
</pin_list>
<bind>
<opcode="bitselect(1000) " fcode="bitselect"/>
<opset="tmp_7/1 "/>
</bind>
</comp>

<comp id="432" class="1004" name="tmp_8_fu_432">
<pin_list>
<pin id="433" dir="0" index="0" bw="1" slack="0"/>
<pin id="434" dir="0" index="1" bw="25" slack="0"/>
<pin id="435" dir="0" index="2" bw="6" slack="0"/>
<pin id="436" dir="1" index="3" bw="1" slack="2147483647"/>
</pin_list>
<bind>
<opcode="bitselect(1000) " fcode="bitselect"/>
<opset="tmp_8/1 "/>
</bind>
</comp>

<comp id="440" class="1004" name="tmp_9_fu_440">
<pin_list>
<pin id="441" dir="0" index="0" bw="1" slack="0"/>
<pin id="442" dir="0" index="1" bw="25" slack="0"/>
<pin id="443" dir="0" index="2" bw="5" slack="0"/>
<pin id="444" dir="1" index="3" bw="1" slack="2147483647"/>
</pin_list>
<bind>
<opcode="bitselect(1000) " fcode="bitselect"/>
<opset="tmp_9/1 "/>
</bind>
</comp>

<comp id="448" class="1004" name="tmp_10_fu_448">
<pin_list>
<pin id="449" dir="0" index="0" bw="1" slack="0"/>
<pin id="450" dir="0" index="1" bw="25" slack="0"/>
<pin id="451" dir="0" index="2" bw="5" slack="0"/>
<pin id="452" dir="1" index="3" bw="1" slack="2147483647"/>
</pin_list>
<bind>
<opcode="bitselect(1000) " fcode="bitselect"/>
<opset="tmp_10/1 "/>
</bind>
</comp>

<comp id="456" class="1004" name="tmp_11_fu_456">
<pin_list>
<pin id="457" dir="0" index="0" bw="1" slack="0"/>
<pin id="458" dir="0" index="1" bw="25" slack="0"/>
<pin id="459" dir="0" index="2" bw="5" slack="0"/>
<pin id="460" dir="1" index="3" bw="1" slack="2147483647"/>
</pin_list>
<bind>
<opcode="bitselect(1000) " fcode="bitselect"/>
<opset="tmp_11/1 "/>
</bind>
</comp>

<comp id="464" class="1004" name="tmp_12_fu_464">
<pin_list>
<pin id="465" dir="0" index="0" bw="1" slack="0"/>
<pin id="466" dir="0" index="1" bw="25" slack="0"/>
<pin id="467" dir="0" index="2" bw="5" slack="0"/>
<pin id="468" dir="1" index="3" bw="1" slack="2147483647"/>
</pin_list>
<bind>
<opcode="bitselect(1000) " fcode="bitselect"/>
<opset="tmp_12/1 "/>
</bind>
</comp>

<comp id="472" class="1004" name="tmp_13_fu_472">
<pin_list>
<pin id="473" dir="0" index="0" bw="1" slack="0"/>
<pin id="474" dir="0" index="1" bw="25" slack="0"/>
<pin id="475" dir="0" index="2" bw="5" slack="0"/>
<pin id="476" dir="1" index="3" bw="1" slack="2147483647"/>
</pin_list>
<bind>
<opcode="bitselect(1000) " fcode="bitselect"/>
<opset="tmp_13/1 "/>
</bind>
</comp>

<comp id="480" class="1004" name="tmp_14_fu_480">
<pin_list>
<pin id="481" dir="0" index="0" bw="1" slack="0"/>
<pin id="482" dir="0" index="1" bw="25" slack="0"/>
<pin id="483" dir="0" index="2" bw="5" slack="0"/>
<pin id="484" dir="1" index="3" bw="1" slack="2147483647"/>
</pin_list>
<bind>
<opcode="bitselect(1000) " fcode="bitselect"/>
<opset="tmp_14/1 "/>
</bind>
</comp>

<comp id="488" class="1004" name="tmp_15_fu_488">
<pin_list>
<pin id="489" dir="0" index="0" bw="1" slack="0"/>
<pin id="490" dir="0" index="1" bw="25" slack="0"/>
<pin id="491" dir="0" index="2" bw="5" slack="0"/>
<pin id="492" dir="1" index="3" bw="1" slack="2147483647"/>
</pin_list>
<bind>
<opcode="bitselect(1000) " fcode="bitselect"/>
<opset="tmp_15/1 "/>
</bind>
</comp>

<comp id="496" class="1004" name="tmp_16_fu_496">
<pin_list>
<pin id="497" dir="0" index="0" bw="1" slack="0"/>
<pin id="498" dir="0" index="1" bw="25" slack="0"/>
<pin id="499" dir="0" index="2" bw="5" slack="0"/>
<pin id="500" dir="1" index="3" bw="1" slack="2147483647"/>
</pin_list>
<bind>
<opcode="bitselect(1000) " fcode="bitselect"/>
<opset="tmp_16/1 "/>
</bind>
</comp>

<comp id="504" class="1004" name="tmp_17_fu_504">
<pin_list>
<pin id="505" dir="0" index="0" bw="1" slack="0"/>
<pin id="506" dir="0" index="1" bw="25" slack="0"/>
<pin id="507" dir="0" index="2" bw="4" slack="0"/>
<pin id="508" dir="1" index="3" bw="1" slack="2147483647"/>
</pin_list>
<bind>
<opcode="bitselect(1000) " fcode="bitselect"/>
<opset="tmp_17/1 "/>
</bind>
</comp>

<comp id="512" class="1004" name="tmp_18_fu_512">
<pin_list>
<pin id="513" dir="0" index="0" bw="1" slack="0"/>
<pin id="514" dir="0" index="1" bw="25" slack="0"/>
<pin id="515" dir="0" index="2" bw="4" slack="0"/>
<pin id="516" dir="1" index="3" bw="1" slack="2147483647"/>
</pin_list>
<bind>
<opcode="bitselect(1000) " fcode="bitselect"/>
<opset="tmp_18/1 "/>
</bind>
</comp>

<comp id="520" class="1004" name="tmp_19_fu_520">
<pin_list>
<pin id="521" dir="0" index="0" bw="1" slack="0"/>
<pin id="522" dir="0" index="1" bw="25" slack="0"/>
<pin id="523" dir="0" index="2" bw="4" slack="0"/>
<pin id="524" dir="1" index="3" bw="1" slack="2147483647"/>
</pin_list>
<bind>
<opcode="bitselect(1000) " fcode="bitselect"/>
<opset="tmp_19/1 "/>
</bind>
</comp>

<comp id="528" class="1004" name="tmp_20_fu_528">
<pin_list>
<pin id="529" dir="0" index="0" bw="1" slack="0"/>
<pin id="530" dir="0" index="1" bw="25" slack="0"/>
<pin id="531" dir="0" index="2" bw="4" slack="0"/>
<pin id="532" dir="1" index="3" bw="1" slack="2147483647"/>
</pin_list>
<bind>
<opcode="bitselect(1000) " fcode="bitselect"/>
<opset="tmp_20/1 "/>
</bind>
</comp>

<comp id="536" class="1004" name="tmp_21_fu_536">
<pin_list>
<pin id="537" dir="0" index="0" bw="1" slack="0"/>
<pin id="538" dir="0" index="1" bw="25" slack="0"/>
<pin id="539" dir="0" index="2" bw="3" slack="0"/>
<pin id="540" dir="1" index="3" bw="1" slack="2147483647"/>
</pin_list>
<bind>
<opcode="bitselect(1000) " fcode="bitselect"/>
<opset="tmp_21/1 "/>
</bind>
</comp>

<comp id="544" class="1004" name="tmp_22_fu_544">
<pin_list>
<pin id="545" dir="0" index="0" bw="1" slack="0"/>
<pin id="546" dir="0" index="1" bw="25" slack="0"/>
<pin id="547" dir="0" index="2" bw="3" slack="0"/>
<pin id="548" dir="1" index="3" bw="1" slack="2147483647"/>
</pin_list>
<bind>
<opcode="bitselect(1000) " fcode="bitselect"/>
<opset="tmp_22/1 "/>
</bind>
</comp>

<comp id="552" class="1004" name="tmp_23_fu_552">
<pin_list>
<pin id="553" dir="0" index="0" bw="1" slack="0"/>
<pin id="554" dir="0" index="1" bw="25" slack="0"/>
<pin id="555" dir="0" index="2" bw="1" slack="0"/>
<pin id="556" dir="1" index="3" bw="1" slack="2147483647"/>
</pin_list>
<bind>
<opcode="bitselect(1000) " fcode="bitselect"/>
<opset="tmp_23/1 "/>
</bind>
</comp>

<comp id="560" class="1004" name="exp_24_fu_560">
<pin_list>
<pin id="561" dir="0" index="0" bw="8" slack="0"/>
<pin id="562" dir="0" index="1" bw="6" slack="0"/>
<pin id="563" dir="1" index="2" bw="8" slack="0"/>
</pin_list>
<bind>
<opcode="add(8) " fcode="add"/>
<opset="exp_24/1 "/>
</bind>
</comp>

<comp id="567" class="1004" name="trunc_ln33_fu_567">
<pin_list>
<pin id="568" dir="0" index="0" bw="25" slack="0"/>
<pin id="569" dir="1" index="1" bw="1" slack="0"/>
</pin_list>
<bind>
<opcode="trunc(33) " fcode="trunc"/>
<opset="trunc_ln33/1 "/>
</bind>
</comp>

<comp id="571" class="1004" name="norm24_21_fu_571">
<pin_list>
<pin id="572" dir="0" index="0" bw="23" slack="0"/>
<pin id="573" dir="0" index="1" bw="1" slack="0"/>
<pin id="574" dir="0" index="2" bw="1" slack="0"/>
<pin id="575" dir="1" index="3" bw="23" slack="0"/>
</pin_list>
<bind>
<opcode="bitconcatenate(1004) " fcode="bitconcatenate"/>
<opset="norm24_21/1 "/>
</bind>
</comp>

<comp id="580" class="1004" name="exp_22_fu_580">
<pin_list>
<pin id="581" dir="0" index="0" bw="8" slack="0"/>
<pin id="582" dir="0" index="1" bw="6" slack="0"/>
<pin id="583" dir="1" index="2" bw="8" slack="0"/>
</pin_list>
<bind>
<opcode="add(8) " fcode="add"/>
<opset="exp_22/1 "/>
</bind>
</comp>

<comp id="587" class="1004" name="trunc_ln32_fu_587">
<pin_list>
<pin id="588" dir="0" index="0" bw="25" slack="0"/>
<pin id="589" dir="1" index="1" bw="2" slack="0"/>
</pin_list>
<bind>
<opcode="trunc(33) " fcode="trunc"/>
<opset="trunc_ln32/1 "/>
</bind>
</comp>

<comp id="591" class="1004" name="norm24_20_fu_591">
<pin_list>
<pin id="592" dir="0" index="0" bw="23" slack="0"/>
<pin id="593" dir="0" index="1" bw="2" slack="0"/>
<pin id="594" dir="0" index="2" bw="1" slack="0"/>
<pin id="595" dir="1" index="3" bw="23" slack="0"/>
</pin_list>
<bind>
<opcode="bitconcatenate(1004) " fcode="bitconcatenate"/>
<opset="norm24_20/1 "/>
</bind>
</comp>

<comp id="600" class="1004" name="exp_21_fu_600">
<pin_list>
<pin id="601" dir="0" index="0" bw="8" slack="0"/>
<pin id="602" dir="0" index="1" bw="6" slack="0"/>
<pin id="603" dir="1" index="2" bw="8" slack="0"/>
</pin_list>
<bind>
<opcode="add(8) " fcode="add"/>
<opset="exp_21/1 "/>
</bind>
</comp>

<comp id="607" class="1004" name="trunc_ln31_fu_607">
<pin_list>
<pin id="608" dir="0" index="0" bw="25" slack="0"/>
<pin id="609" dir="1" index="1" bw="3" slack="0"/>
</pin_list>
<bind>
<opcode="trunc(33) " fcode="trunc"/>
<opset="trunc_ln31/1 "/>
</bind>
</comp>

<comp id="611" class="1004" name="norm24_19_fu_611">
<pin_list>
<pin id="612" dir="0" index="0" bw="23" slack="0"/>
<pin id="613" dir="0" index="1" bw="3" slack="0"/>
<pin id="614" dir="0" index="2" bw="1" slack="0"/>
<pin id="615" dir="1" index="3" bw="23" slack="0"/>
</pin_list>
<bind>
<opcode="bitconcatenate(1004) " fcode="bitconcatenate"/>
<opset="norm24_19/1 "/>
</bind>
</comp>

<comp id="620" class="1004" name="exp_20_fu_620">
<pin_list>
<pin id="621" dir="0" index="0" bw="8" slack="0"/>
<pin id="622" dir="0" index="1" bw="6" slack="0"/>
<pin id="623" dir="1" index="2" bw="8" slack="0"/>
</pin_list>
<bind>
<opcode="add(8) " fcode="add"/>
<opset="exp_20/1 "/>
</bind>
</comp>

<comp id="627" class="1004" name="trunc_ln30_fu_627">
<pin_list>
<pin id="628" dir="0" index="0" bw="25" slack="0"/>
<pin id="629" dir="1" index="1" bw="4" slack="0"/>
</pin_list>
<bind>
<opcode="trunc(33) " fcode="trunc"/>
<opset="trunc_ln30/1 "/>
</bind>
</comp>

<comp id="631" class="1004" name="norm24_18_fu_631">
<pin_list>
<pin id="632" dir="0" index="0" bw="23" slack="0"/>
<pin id="633" dir="0" index="1" bw="4" slack="0"/>
<pin id="634" dir="0" index="2" bw="1" slack="0"/>
<pin id="635" dir="1" index="3" bw="23" slack="0"/>
</pin_list>
<bind>
<opcode="bitconcatenate(1004) " fcode="bitconcatenate"/>
<opset="norm24_18/1 "/>
</bind>
</comp>

<comp id="640" class="1004" name="exp_19_fu_640">
<pin_list>
<pin id="641" dir="0" index="0" bw="8" slack="0"/>
<pin id="642" dir="0" index="1" bw="6" slack="0"/>
<pin id="643" dir="1" index="2" bw="8" slack="0"/>
</pin_list>
<bind>
<opcode="add(8) " fcode="add"/>
<opset="exp_19/1 "/>
</bind>
</comp>

<comp id="647" class="1004" name="trunc_ln29_fu_647">
<pin_list>
<pin id="648" dir="0" index="0" bw="25" slack="0"/>
<pin id="649" dir="1" index="1" bw="5" slack="0"/>
</pin_list>
<bind>
<opcode="trunc(33) " fcode="trunc"/>
<opset="trunc_ln29/1 "/>
</bind>
</comp>

<comp id="651" class="1004" name="norm24_17_fu_651">
<pin_list>
<pin id="652" dir="0" index="0" bw="23" slack="0"/>
<pin id="653" dir="0" index="1" bw="5" slack="0"/>
<pin id="654" dir="0" index="2" bw="1" slack="0"/>
<pin id="655" dir="1" index="3" bw="23" slack="0"/>
</pin_list>
<bind>
<opcode="bitconcatenate(1004) " fcode="bitconcatenate"/>
<opset="norm24_17/1 "/>
</bind>
</comp>

<comp id="660" class="1004" name="exp_18_fu_660">
<pin_list>
<pin id="661" dir="0" index="0" bw="8" slack="0"/>
<pin id="662" dir="0" index="1" bw="6" slack="0"/>
<pin id="663" dir="1" index="2" bw="8" slack="0"/>
</pin_list>
<bind>
<opcode="add(8) " fcode="add"/>
<opset="exp_18/1 "/>
</bind>
</comp>

<comp id="667" class="1004" name="trunc_ln28_fu_667">
<pin_list>
<pin id="668" dir="0" index="0" bw="25" slack="0"/>
<pin id="669" dir="1" index="1" bw="6" slack="0"/>
</pin_list>
<bind>
<opcode="trunc(33) " fcode="trunc"/>
<opset="trunc_ln28/1 "/>
</bind>
</comp>

<comp id="671" class="1004" name="norm24_16_fu_671">
<pin_list>
<pin id="672" dir="0" index="0" bw="23" slack="0"/>
<pin id="673" dir="0" index="1" bw="6" slack="0"/>
<pin id="674" dir="0" index="2" bw="1" slack="0"/>
<pin id="675" dir="1" index="3" bw="23" slack="0"/>
</pin_list>
<bind>
<opcode="bitconcatenate(1004) " fcode="bitconcatenate"/>
<opset="norm24_16/1 "/>
</bind>
</comp>

<comp id="680" class="1004" name="exp_17_fu_680">
<pin_list>
<pin id="681" dir="0" index="0" bw="8" slack="0"/>
<pin id="682" dir="0" index="1" bw="6" slack="0"/>
<pin id="683" dir="1" index="2" bw="8" slack="0"/>
</pin_list>
<bind>
<opcode="add(8) " fcode="add"/>
<opset="exp_17/1 "/>
</bind>
</comp>

<comp id="687" class="1004" name="trunc_ln27_fu_687">
<pin_list>
<pin id="688" dir="0" index="0" bw="25" slack="0"/>
<pin id="689" dir="1" index="1" bw="7" slack="0"/>
</pin_list>
<bind>
<opcode="trunc(33) " fcode="trunc"/>
<opset="trunc_ln27/1 "/>
</bind>
</comp>

<comp id="691" class="1004" name="norm24_15_fu_691">
<pin_list>
<pin id="692" dir="0" index="0" bw="23" slack="0"/>
<pin id="693" dir="0" index="1" bw="7" slack="0"/>
<pin id="694" dir="0" index="2" bw="1" slack="0"/>
<pin id="695" dir="1" index="3" bw="23" slack="0"/>
</pin_list>
<bind>
<opcode="bitconcatenate(1004) " fcode="bitconcatenate"/>
<opset="norm24_15/1 "/>
</bind>
</comp>

<comp id="700" class="1004" name="exp_16_fu_700">
<pin_list>
<pin id="701" dir="0" index="0" bw="8" slack="0"/>
<pin id="702" dir="0" index="1" bw="5" slack="0"/>
<pin id="703" dir="1" index="2" bw="8" slack="0"/>
</pin_list>
<bind>
<opcode="add(8) " fcode="add"/>
<opset="exp_16/1 "/>
</bind>
</comp>

<comp id="707" class="1004" name="trunc_ln26_fu_707">
<pin_list>
<pin id="708" dir="0" index="0" bw="25" slack="0"/>
<pin id="709" dir="1" index="1" bw="8" slack="0"/>
</pin_list>
<bind>
<opcode="trunc(33) " fcode="trunc"/>
<opset="trunc_ln26/1 "/>
</bind>
</comp>

<comp id="711" class="1004" name="norm24_14_fu_711">
<pin_list>
<pin id="712" dir="0" index="0" bw="23" slack="0"/>
<pin id="713" dir="0" index="1" bw="8" slack="0"/>
<pin id="714" dir="0" index="2" bw="1" slack="0"/>
<pin id="715" dir="1" index="3" bw="23" slack="0"/>
</pin_list>
<bind>
<opcode="bitconcatenate(1004) " fcode="bitconcatenate"/>
<opset="norm24_14/1 "/>
</bind>
</comp>

<comp id="720" class="1004" name="exp_15_fu_720">
<pin_list>
<pin id="721" dir="0" index="0" bw="8" slack="0"/>
<pin id="722" dir="0" index="1" bw="5" slack="0"/>
<pin id="723" dir="1" index="2" bw="8" slack="0"/>
</pin_list>
<bind>
<opcode="add(8) " fcode="add"/>
<opset="exp_15/1 "/>
</bind>
</comp>

<comp id="727" class="1004" name="trunc_ln25_fu_727">
<pin_list>
<pin id="728" dir="0" index="0" bw="25" slack="0"/>
<pin id="729" dir="1" index="1" bw="9" slack="0"/>
</pin_list>
<bind>
<opcode="trunc(33) " fcode="trunc"/>
<opset="trunc_ln25/1 "/>
</bind>
</comp>

<comp id="731" class="1004" name="norm24_13_fu_731">
<pin_list>
<pin id="732" dir="0" index="0" bw="23" slack="0"/>
<pin id="733" dir="0" index="1" bw="9" slack="0"/>
<pin id="734" dir="0" index="2" bw="1" slack="0"/>
<pin id="735" dir="1" index="3" bw="23" slack="0"/>
</pin_list>
<bind>
<opcode="bitconcatenate(1004) " fcode="bitconcatenate"/>
<opset="norm24_13/1 "/>
</bind>
</comp>

<comp id="740" class="1004" name="exp_14_fu_740">
<pin_list>
<pin id="741" dir="0" index="0" bw="8" slack="0"/>
<pin id="742" dir="0" index="1" bw="5" slack="0"/>
<pin id="743" dir="1" index="2" bw="8" slack="0"/>
</pin_list>
<bind>
<opcode="add(8) " fcode="add"/>
<opset="exp_14/1 "/>
</bind>
</comp>

<comp id="747" class="1004" name="trunc_ln24_fu_747">
<pin_list>
<pin id="748" dir="0" index="0" bw="25" slack="0"/>
<pin id="749" dir="1" index="1" bw="10" slack="0"/>
</pin_list>
<bind>
<opcode="trunc(33) " fcode="trunc"/>
<opset="trunc_ln24/1 "/>
</bind>
</comp>

<comp id="751" class="1004" name="norm24_12_fu_751">
<pin_list>
<pin id="752" dir="0" index="0" bw="23" slack="0"/>
<pin id="753" dir="0" index="1" bw="10" slack="0"/>
<pin id="754" dir="0" index="2" bw="1" slack="0"/>
<pin id="755" dir="1" index="3" bw="23" slack="0"/>
</pin_list>
<bind>
<opcode="bitconcatenate(1004) " fcode="bitconcatenate"/>
<opset="norm24_12/1 "/>
</bind>
</comp>

<comp id="760" class="1004" name="exp_13_fu_760">
<pin_list>
<pin id="761" dir="0" index="0" bw="8" slack="0"/>
<pin id="762" dir="0" index="1" bw="5" slack="0"/>
<pin id="763" dir="1" index="2" bw="8" slack="0"/>
</pin_list>
<bind>
<opcode="add(8) " fcode="add"/>
<opset="exp_13/1 "/>
</bind>
</comp>

<comp id="767" class="1004" name="trunc_ln23_fu_767">
<pin_list>
<pin id="768" dir="0" index="0" bw="25" slack="0"/>
<pin id="769" dir="1" index="1" bw="11" slack="0"/>
</pin_list>
<bind>
<opcode="trunc(33) " fcode="trunc"/>
<opset="trunc_ln23/1 "/>
</bind>
</comp>

<comp id="771" class="1004" name="norm24_11_fu_771">
<pin_list>
<pin id="772" dir="0" index="0" bw="23" slack="0"/>
<pin id="773" dir="0" index="1" bw="11" slack="0"/>
<pin id="774" dir="0" index="2" bw="1" slack="0"/>
<pin id="775" dir="1" index="3" bw="23" slack="0"/>
</pin_list>
<bind>
<opcode="bitconcatenate(1004) " fcode="bitconcatenate"/>
<opset="norm24_11/1 "/>
</bind>
</comp>

<comp id="780" class="1004" name="exp_12_fu_780">
<pin_list>
<pin id="781" dir="0" index="0" bw="8" slack="0"/>
<pin id="782" dir="0" index="1" bw="5" slack="0"/>
<pin id="783" dir="1" index="2" bw="8" slack="0"/>
</pin_list>
<bind>
<opcode="add(8) " fcode="add"/>
<opset="exp_12/1 "/>
</bind>
</comp>

<comp id="787" class="1004" name="trunc_ln22_fu_787">
<pin_list>
<pin id="788" dir="0" index="0" bw="25" slack="0"/>
<pin id="789" dir="1" index="1" bw="12" slack="0"/>
</pin_list>
<bind>
<opcode="trunc(33) " fcode="trunc"/>
<opset="trunc_ln22/1 "/>
</bind>
</comp>

<comp id="791" class="1004" name="norm24_10_fu_791">
<pin_list>
<pin id="792" dir="0" index="0" bw="23" slack="0"/>
<pin id="793" dir="0" index="1" bw="12" slack="0"/>
<pin id="794" dir="0" index="2" bw="1" slack="0"/>
<pin id="795" dir="1" index="3" bw="23" slack="0"/>
</pin_list>
<bind>
<opcode="bitconcatenate(1004) " fcode="bitconcatenate"/>
<opset="norm24_10/1 "/>
</bind>
</comp>

<comp id="800" class="1004" name="exp_11_fu_800">
<pin_list>
<pin id="801" dir="0" index="0" bw="8" slack="0"/>
<pin id="802" dir="0" index="1" bw="5" slack="0"/>
<pin id="803" dir="1" index="2" bw="8" slack="0"/>
</pin_list>
<bind>
<opcode="add(8) " fcode="add"/>
<opset="exp_11/1 "/>
</bind>
</comp>

<comp id="807" class="1004" name="trunc_ln21_fu_807">
<pin_list>
<pin id="808" dir="0" index="0" bw="25" slack="0"/>
<pin id="809" dir="1" index="1" bw="13" slack="0"/>
</pin_list>
<bind>
<opcode="trunc(33) " fcode="trunc"/>
<opset="trunc_ln21/1 "/>
</bind>
</comp>

<comp id="811" class="1004" name="norm24_9_fu_811">
<pin_list>
<pin id="812" dir="0" index="0" bw="23" slack="0"/>
<pin id="813" dir="0" index="1" bw="13" slack="0"/>
<pin id="814" dir="0" index="2" bw="1" slack="0"/>
<pin id="815" dir="1" index="3" bw="23" slack="0"/>
</pin_list>
<bind>
<opcode="bitconcatenate(1004) " fcode="bitconcatenate"/>
<opset="norm24_9/1 "/>
</bind>
</comp>

<comp id="820" class="1004" name="exp_10_fu_820">
<pin_list>
<pin id="821" dir="0" index="0" bw="8" slack="0"/>
<pin id="822" dir="0" index="1" bw="5" slack="0"/>
<pin id="823" dir="1" index="2" bw="8" slack="0"/>
</pin_list>
<bind>
<opcode="add(8) " fcode="add"/>
<opset="exp_10/1 "/>
</bind>
</comp>

<comp id="827" class="1004" name="trunc_ln20_fu_827">
<pin_list>
<pin id="828" dir="0" index="0" bw="25" slack="0"/>
<pin id="829" dir="1" index="1" bw="14" slack="0"/>
</pin_list>
<bind>
<opcode="trunc(33) " fcode="trunc"/>
<opset="trunc_ln20/1 "/>
</bind>
</comp>

<comp id="831" class="1004" name="norm24_8_fu_831">
<pin_list>
<pin id="832" dir="0" index="0" bw="23" slack="0"/>
<pin id="833" dir="0" index="1" bw="14" slack="0"/>
<pin id="834" dir="0" index="2" bw="1" slack="0"/>
<pin id="835" dir="1" index="3" bw="23" slack="0"/>
</pin_list>
<bind>
<opcode="bitconcatenate(1004) " fcode="bitconcatenate"/>
<opset="norm24_8/1 "/>
</bind>
</comp>

<comp id="840" class="1004" name="exp_9_fu_840">
<pin_list>
<pin id="841" dir="0" index="0" bw="8" slack="0"/>
<pin id="842" dir="0" index="1" bw="5" slack="0"/>
<pin id="843" dir="1" index="2" bw="8" slack="0"/>
</pin_list>
<bind>
<opcode="add(8) " fcode="add"/>
<opset="exp_9/1 "/>
</bind>
</comp>

<comp id="847" class="1004" name="trunc_ln19_fu_847">
<pin_list>
<pin id="848" dir="0" index="0" bw="25" slack="0"/>
<pin id="849" dir="1" index="1" bw="15" slack="0"/>
</pin_list>
<bind>
<opcode="trunc(33) " fcode="trunc"/>
<opset="trunc_ln19/1 "/>
</bind>
</comp>

<comp id="851" class="1004" name="norm24_7_fu_851">
<pin_list>
<pin id="852" dir="0" index="0" bw="23" slack="0"/>
<pin id="853" dir="0" index="1" bw="15" slack="0"/>
<pin id="854" dir="0" index="2" bw="1" slack="0"/>
<pin id="855" dir="1" index="3" bw="23" slack="0"/>
</pin_list>
<bind>
<opcode="bitconcatenate(1004) " fcode="bitconcatenate"/>
<opset="norm24_7/1 "/>
</bind>
</comp>

<comp id="860" class="1004" name="exp_8_fu_860">
<pin_list>
<pin id="861" dir="0" index="0" bw="8" slack="0"/>
<pin id="862" dir="0" index="1" bw="4" slack="0"/>
<pin id="863" dir="1" index="2" bw="8" slack="0"/>
</pin_list>
<bind>
<opcode="add(8) " fcode="add"/>
<opset="exp_8/1 "/>
</bind>
</comp>

<comp id="867" class="1004" name="trunc_ln18_fu_867">
<pin_list>
<pin id="868" dir="0" index="0" bw="25" slack="0"/>
<pin id="869" dir="1" index="1" bw="16" slack="0"/>
</pin_list>
<bind>
<opcode="trunc(33) " fcode="trunc"/>
<opset="trunc_ln18/1 "/>
</bind>
</comp>

<comp id="871" class="1004" name="norm24_6_fu_871">
<pin_list>
<pin id="872" dir="0" index="0" bw="23" slack="0"/>
<pin id="873" dir="0" index="1" bw="16" slack="0"/>
<pin id="874" dir="0" index="2" bw="1" slack="0"/>
<pin id="875" dir="1" index="3" bw="23" slack="0"/>
</pin_list>
<bind>
<opcode="bitconcatenate(1004) " fcode="bitconcatenate"/>
<opset="norm24_6/1 "/>
</bind>
</comp>

<comp id="880" class="1004" name="exp_7_fu_880">
<pin_list>
<pin id="881" dir="0" index="0" bw="8" slack="0"/>
<pin id="882" dir="0" index="1" bw="4" slack="0"/>
<pin id="883" dir="1" index="2" bw="8" slack="0"/>
</pin_list>
<bind>
<opcode="add(8) " fcode="add"/>
<opset="exp_7/1 "/>
</bind>
</comp>

<comp id="887" class="1004" name="trunc_ln17_fu_887">
<pin_list>
<pin id="888" dir="0" index="0" bw="25" slack="0"/>
<pin id="889" dir="1" index="1" bw="17" slack="0"/>
</pin_list>
<bind>
<opcode="trunc(33) " fcode="trunc"/>
<opset="trunc_ln17/1 "/>
</bind>
</comp>

<comp id="891" class="1004" name="norm24_5_fu_891">
<pin_list>
<pin id="892" dir="0" index="0" bw="23" slack="0"/>
<pin id="893" dir="0" index="1" bw="17" slack="0"/>
<pin id="894" dir="0" index="2" bw="1" slack="0"/>
<pin id="895" dir="1" index="3" bw="23" slack="0"/>
</pin_list>
<bind>
<opcode="bitconcatenate(1004) " fcode="bitconcatenate"/>
<opset="norm24_5/1 "/>
</bind>
</comp>

<comp id="900" class="1004" name="exp_6_fu_900">
<pin_list>
<pin id="901" dir="0" index="0" bw="8" slack="0"/>
<pin id="902" dir="0" index="1" bw="4" slack="0"/>
<pin id="903" dir="1" index="2" bw="8" slack="0"/>
</pin_list>
<bind>
<opcode="add(8) " fcode="add"/>
<opset="exp_6/1 "/>
</bind>
</comp>

<comp id="907" class="1004" name="trunc_ln16_fu_907">
<pin_list>
<pin id="908" dir="0" index="0" bw="25" slack="0"/>
<pin id="909" dir="1" index="1" bw="18" slack="0"/>
</pin_list>
<bind>
<opcode="trunc(33) " fcode="trunc"/>
<opset="trunc_ln16/1 "/>
</bind>
</comp>

<comp id="911" class="1004" name="norm24_4_fu_911">
<pin_list>
<pin id="912" dir="0" index="0" bw="23" slack="0"/>
<pin id="913" dir="0" index="1" bw="18" slack="0"/>
<pin id="914" dir="0" index="2" bw="1" slack="0"/>
<pin id="915" dir="1" index="3" bw="23" slack="0"/>
</pin_list>
<bind>
<opcode="bitconcatenate(1004) " fcode="bitconcatenate"/>
<opset="norm24_4/1 "/>
</bind>
</comp>

<comp id="920" class="1004" name="exp_5_fu_920">
<pin_list>
<pin id="921" dir="0" index="0" bw="8" slack="0"/>
<pin id="922" dir="0" index="1" bw="4" slack="0"/>
<pin id="923" dir="1" index="2" bw="8" slack="0"/>
</pin_list>
<bind>
<opcode="add(8) " fcode="add"/>
<opset="exp_5/1 "/>
</bind>
</comp>

<comp id="927" class="1004" name="trunc_ln15_fu_927">
<pin_list>
<pin id="928" dir="0" index="0" bw="25" slack="0"/>
<pin id="929" dir="1" index="1" bw="19" slack="0"/>
</pin_list>
<bind>
<opcode="trunc(33) " fcode="trunc"/>
<opset="trunc_ln15/1 "/>
</bind>
</comp>

<comp id="931" class="1004" name="norm24_3_fu_931">
<pin_list>
<pin id="932" dir="0" index="0" bw="23" slack="0"/>
<pin id="933" dir="0" index="1" bw="19" slack="0"/>
<pin id="934" dir="0" index="2" bw="1" slack="0"/>
<pin id="935" dir="1" index="3" bw="23" slack="0"/>
</pin_list>
<bind>
<opcode="bitconcatenate(1004) " fcode="bitconcatenate"/>
<opset="norm24_3/1 "/>
</bind>
</comp>

<comp id="940" class="1004" name="exp_4_fu_940">
<pin_list>
<pin id="941" dir="0" index="0" bw="8" slack="0"/>
<pin id="942" dir="0" index="1" bw="3" slack="0"/>
<pin id="943" dir="1" index="2" bw="8" slack="0"/>
</pin_list>
<bind>
<opcode="add(8) " fcode="add"/>
<opset="exp_4/1 "/>
</bind>
</comp>

<comp id="947" class="1004" name="trunc_ln14_fu_947">
<pin_list>
<pin id="948" dir="0" index="0" bw="25" slack="0"/>
<pin id="949" dir="1" index="1" bw="20" slack="0"/>
</pin_list>
<bind>
<opcode="trunc(33) " fcode="trunc"/>
<opset="trunc_ln14/1 "/>
</bind>
</comp>

<comp id="951" class="1004" name="norm24_2_fu_951">
<pin_list>
<pin id="952" dir="0" index="0" bw="23" slack="0"/>
<pin id="953" dir="0" index="1" bw="20" slack="0"/>
<pin id="954" dir="0" index="2" bw="1" slack="0"/>
<pin id="955" dir="1" index="3" bw="23" slack="0"/>
</pin_list>
<bind>
<opcode="bitconcatenate(1004) " fcode="bitconcatenate"/>
<opset="norm24_2/1 "/>
</bind>
</comp>

<comp id="960" class="1004" name="exp_3_fu_960">
<pin_list>
<pin id="961" dir="0" index="0" bw="8" slack="0"/>
<pin id="962" dir="0" index="1" bw="3" slack="0"/>
<pin id="963" dir="1" index="2" bw="8" slack="0"/>
</pin_list>
<bind>
<opcode="add(8) " fcode="add"/>
<opset="exp_3/1 "/>
</bind>
</comp>

<comp id="967" class="1004" name="trunc_ln13_fu_967">
<pin_list>
<pin id="968" dir="0" index="0" bw="25" slack="0"/>
<pin id="969" dir="1" index="1" bw="21" slack="0"/>
</pin_list>
<bind>
<opcode="trunc(33) " fcode="trunc"/>
<opset="trunc_ln13/1 "/>
</bind>
</comp>

<comp id="971" class="1004" name="norm24_1_fu_971">
<pin_list>
<pin id="972" dir="0" index="0" bw="23" slack="0"/>
<pin id="973" dir="0" index="1" bw="21" slack="0"/>
<pin id="974" dir="0" index="2" bw="1" slack="0"/>
<pin id="975" dir="1" index="3" bw="23" slack="0"/>
</pin_list>
<bind>
<opcode="bitconcatenate(1004) " fcode="bitconcatenate"/>
<opset="norm24_1/1 "/>
</bind>
</comp>

<comp id="980" class="1004" name="exp_2_fu_980">
<pin_list>
<pin id="981" dir="0" index="0" bw="8" slack="0"/>
<pin id="982" dir="0" index="1" bw="2" slack="0"/>
<pin id="983" dir="1" index="2" bw="8" slack="0"/>
</pin_list>
<bind>
<opcode="add(8) " fcode="add"/>
<opset="exp_2/1 "/>
</bind>
</comp>

<comp id="987" class="1004" name="trunc_ln12_fu_987">
<pin_list>
<pin id="988" dir="0" index="0" bw="25" slack="0"/>
<pin id="989" dir="1" index="1" bw="22" slack="0"/>
</pin_list>
<bind>
<opcode="trunc(33) " fcode="trunc"/>
<opset="trunc_ln12/1 "/>
</bind>
</comp>

<comp id="991" class="1004" name="norm24_fu_991">
<pin_list>
<pin id="992" dir="0" index="0" bw="23" slack="0"/>
<pin id="993" dir="0" index="1" bw="22" slack="0"/>
<pin id="994" dir="0" index="2" bw="1" slack="0"/>
<pin id="995" dir="1" index="3" bw="23" slack="0"/>
</pin_list>
<bind>
<opcode="bitconcatenate(1004) " fcode="bitconcatenate"/>
<opset="norm24/1 "/>
</bind>
</comp>

<comp id="1000" class="1004" name="exp_1_fu_1000">
<pin_list>
<pin id="1001" dir="0" index="0" bw="8" slack="0"/>
<pin id="1002" dir="0" index="1" bw="1" slack="0"/>
<pin id="1003" dir="1" index="2" bw="8" slack="0"/>
</pin_list>
<bind>
<opcode="add(8) " fcode="add"/>
<opset="exp_1/1 "/>
</bind>
</comp>

<comp id="1007" class="1004" name="trunc_ln9_fu_1007">
<pin_list>
<pin id="1008" dir="0" index="0" bw="25" slack="0"/>
<pin id="1009" dir="1" index="1" bw="23" slack="0"/>
</pin_list>
<bind>
<opcode="trunc(33) " fcode="trunc"/>
<opset="trunc_ln9/1 "/>
</bind>
</comp>

<comp id="1012" class="1004" name="norm24_cast_fu_1012">
<pin_list>
<pin id="1013" dir="0" index="0" bw="23" slack="0"/>
<pin id="1014" dir="0" index="1" bw="25" slack="0"/>
<pin id="1015" dir="0" index="2" bw="1" slack="0"/>
<pin id="1016" dir="0" index="3" bw="6" slack="0"/>
<pin id="1017" dir="1" index="4" bw="23" slack="0"/>
</pin_list>
<bind>
<opcode="partselect(1002) " fcode="partselect"/>
<opset="norm24_cast/1 "/>
</bind>
</comp>

<comp id="1023" class="1004" name="exp_fu_1023">
<pin_list>
<pin id="1024" dir="0" index="0" bw="8" slack="0"/>
<pin id="1025" dir="0" index="1" bw="1" slack="0"/>
<pin id="1026" dir="1" index="2" bw="8" slack="0"/>
</pin_list>
<bind>
<opcode="add(8) " fcode="add"/>
<opset="exp/1 "/>
</bind>
</comp>

<comp id="1030" class="1004" name="tmp_s_fu_1030">
<pin_list>
<pin id="1031" dir="0" index="0" bw="32" slack="0"/>
<pin id="1032" dir="0" index="1" bw="1" slack="0"/>
<pin id="1033" dir="0" index="2" bw="8" slack="0"/>
<pin id="1034" dir="0" index="3" bw="23" slack="0"/>
<pin id="1035" dir="1" index="4" bw="32" slack="0"/>
</pin_list>
<bind>
<opcode="bitconcatenate(1004) " fcode="bitconcatenate"/>
<opset="tmp_s/1 "/>
</bind>
</comp>

</comp_list>

<net_list>
<net id="226"><net_src comp="22" pin="0"/><net_sink comp="222" pin=0"/></net>

<net id="227"><net_src comp="4" pin="0"/><net_sink comp="222" pin=1"/></net>

<net id="232"><net_src comp="24" pin="0"/><net_sink comp="228" pin=0"/></net>

<net id="233"><net_src comp="2" pin="0"/><net_sink comp="228" pin=1"/></net>

<net id="238"><net_src comp="26" pin="0"/><net_sink comp="234" pin=0"/></net>

<net id="239"><net_src comp="0" pin="0"/><net_sink comp="234" pin=1"/></net>

<net id="295"><net_src comp="222" pin="2"/><net_sink comp="243" pin=2"/></net>

<net id="351"><net_src comp="218" pin="0"/><net_sink comp="299" pin=48"/></net>

<net id="361"><net_src comp="8" pin="0"/><net_sink comp="355" pin=2"/></net>

<net id="366"><net_src comp="234" pin="2"/><net_sink comp="362" pin=0"/></net>

<net id="367"><net_src comp="28" pin="0"/><net_sink comp="362" pin=1"/></net>

<net id="373"><net_src comp="30" pin="0"/><net_sink comp="368" pin=0"/></net>

<net id="374"><net_src comp="234" pin="2"/><net_sink comp="368" pin=1"/></net>

<net id="375"><net_src comp="32" pin="0"/><net_sink comp="368" pin=2"/></net>

<net id="381"><net_src comp="30" pin="0"/><net_sink comp="376" pin=0"/></net>

<net id="382"><net_src comp="234" pin="2"/><net_sink comp="376" pin=1"/></net>

<net id="383"><net_src comp="34" pin="0"/><net_sink comp="376" pin=2"/></net>

<net id="389"><net_src comp="30" pin="0"/><net_sink comp="384" pin=0"/></net>

<net id="390"><net_src comp="234" pin="2"/><net_sink comp="384" pin=1"/></net>

<net id="391"><net_src comp="36" pin="0"/><net_sink comp="384" pin=2"/></net>

<net id="397"><net_src comp="30" pin="0"/><net_sink comp="392" pin=0"/></net>

<net id="398"><net_src comp="234" pin="2"/><net_sink comp="392" pin=1"/></net>

<net id="399"><net_src comp="38" pin="0"/><net_sink comp="392" pin=2"/></net>

<net id="405"><net_src comp="30" pin="0"/><net_sink comp="400" pin=0"/></net>

<net id="406"><net_src comp="234" pin="2"/><net_sink comp="400" pin=1"/></net>

<net id="407"><net_src comp="40" pin="0"/><net_sink comp="400" pin=2"/></net>

<net id="413"><net_src comp="30" pin="0"/><net_sink comp="408" pin=0"/></net>

<net id="414"><net_src comp="234" pin="2"/><net_sink comp="408" pin=1"/></net>

<net id="415"><net_src comp="42" pin="0"/><net_sink comp="408" pin=2"/></net>

<net id="421"><net_src comp="30" pin="0"/><net_sink comp="416" pin=0"/></net>

<net id="422"><net_src comp="234" pin="2"/><net_sink comp="416" pin=1"/></net>

<net id="423"><net_src comp="44" pin="0"/><net_sink comp="416" pin=2"/></net>

<net id="429"><net_src comp="30" pin="0"/><net_sink comp="424" pin=0"/></net>

<net id="430"><net_src comp="234" pin="2"/><net_sink comp="424" pin=1"/></net>

<net id="431"><net_src comp="46" pin="0"/><net_sink comp="424" pin=2"/></net>

<net id="437"><net_src comp="30" pin="0"/><net_sink comp="432" pin=0"/></net>

<net id="438"><net_src comp="234" pin="2"/><net_sink comp="432" pin=1"/></net>

<net id="439"><net_src comp="48" pin="0"/><net_sink comp="432" pin=2"/></net>

<net id="445"><net_src comp="30" pin="0"/><net_sink comp="440" pin=0"/></net>

<net id="446"><net_src comp="234" pin="2"/><net_sink comp="440" pin=1"/></net>

<net id="447"><net_src comp="50" pin="0"/><net_sink comp="440" pin=2"/></net>

<net id="453"><net_src comp="30" pin="0"/><net_sink comp="448" pin=0"/></net>

<net id="454"><net_src comp="234" pin="2"/><net_sink comp="448" pin=1"/></net>

<net id="455"><net_src comp="52" pin="0"/><net_sink comp="448" pin=2"/></net>

<net id="461"><net_src comp="30" pin="0"/><net_sink comp="456" pin=0"/></net>

<net id="462"><net_src comp="234" pin="2"/><net_sink comp="456" pin=1"/></net>

<net id="463"><net_src comp="54" pin="0"/><net_sink comp="456" pin=2"/></net>

<net id="469"><net_src comp="30" pin="0"/><net_sink comp="464" pin=0"/></net>

<net id="470"><net_src comp="234" pin="2"/><net_sink comp="464" pin=1"/></net>

<net id="471"><net_src comp="56" pin="0"/><net_sink comp="464" pin=2"/></net>

<net id="477"><net_src comp="30" pin="0"/><net_sink comp="472" pin=0"/></net>

<net id="478"><net_src comp="234" pin="2"/><net_sink comp="472" pin=1"/></net>

<net id="479"><net_src comp="58" pin="0"/><net_sink comp="472" pin=2"/></net>

<net id="485"><net_src comp="30" pin="0"/><net_sink comp="480" pin=0"/></net>

<net id="486"><net_src comp="234" pin="2"/><net_sink comp="480" pin=1"/></net>

<net id="487"><net_src comp="60" pin="0"/><net_sink comp="480" pin=2"/></net>

<net id="493"><net_src comp="30" pin="0"/><net_sink comp="488" pin=0"/></net>

<net id="494"><net_src comp="234" pin="2"/><net_sink comp="488" pin=1"/></net>

<net id="495"><net_src comp="62" pin="0"/><net_sink comp="488" pin=2"/></net>

<net id="501"><net_src comp="30" pin="0"/><net_sink comp="496" pin=0"/></net>

<net id="502"><net_src comp="234" pin="2"/><net_sink comp="496" pin=1"/></net>

<net id="503"><net_src comp="64" pin="0"/><net_sink comp="496" pin=2"/></net>

<net id="509"><net_src comp="30" pin="0"/><net_sink comp="504" pin=0"/></net>

<net id="510"><net_src comp="234" pin="2"/><net_sink comp="504" pin=1"/></net>

<net id="511"><net_src comp="66" pin="0"/><net_sink comp="504" pin=2"/></net>

<net id="517"><net_src comp="30" pin="0"/><net_sink comp="512" pin=0"/></net>

<net id="518"><net_src comp="234" pin="2"/><net_sink comp="512" pin=1"/></net>

<net id="519"><net_src comp="68" pin="0"/><net_sink comp="512" pin=2"/></net>

<net id="525"><net_src comp="30" pin="0"/><net_sink comp="520" pin=0"/></net>

<net id="526"><net_src comp="234" pin="2"/><net_sink comp="520" pin=1"/></net>

<net id="527"><net_src comp="70" pin="0"/><net_sink comp="520" pin=2"/></net>

<net id="533"><net_src comp="30" pin="0"/><net_sink comp="528" pin=0"/></net>

<net id="534"><net_src comp="234" pin="2"/><net_sink comp="528" pin=1"/></net>

<net id="535"><net_src comp="72" pin="0"/><net_sink comp="528" pin=2"/></net>

<net id="541"><net_src comp="30" pin="0"/><net_sink comp="536" pin=0"/></net>

<net id="542"><net_src comp="234" pin="2"/><net_sink comp="536" pin=1"/></net>

<net id="543"><net_src comp="74" pin="0"/><net_sink comp="536" pin=2"/></net>

<net id="549"><net_src comp="30" pin="0"/><net_sink comp="544" pin=0"/></net>

<net id="550"><net_src comp="234" pin="2"/><net_sink comp="544" pin=1"/></net>

<net id="551"><net_src comp="76" pin="0"/><net_sink comp="544" pin=2"/></net>

<net id="557"><net_src comp="30" pin="0"/><net_sink comp="552" pin=0"/></net>

<net id="558"><net_src comp="234" pin="2"/><net_sink comp="552" pin=1"/></net>

<net id="559"><net_src comp="78" pin="0"/><net_sink comp="552" pin=2"/></net>

<net id="564"><net_src comp="222" pin="2"/><net_sink comp="560" pin=0"/></net>

<net id="565"><net_src comp="80" pin="0"/><net_sink comp="560" pin=1"/></net>

<net id="566"><net_src comp="560" pin="2"/><net_sink comp="243" pin=48"/></net>

<net id="570"><net_src comp="234" pin="2"/><net_sink comp="567" pin=0"/></net>

<net id="576"><net_src comp="82" pin="0"/><net_sink comp="571" pin=0"/></net>

<net id="577"><net_src comp="567" pin="1"/><net_sink comp="571" pin=1"/></net>

<net id="578"><net_src comp="84" pin="0"/><net_sink comp="571" pin=2"/></net>

<net id="579"><net_src comp="571" pin="3"/><net_sink comp="299" pin=46"/></net>

<net id="584"><net_src comp="222" pin="2"/><net_sink comp="580" pin=0"/></net>

<net id="585"><net_src comp="86" pin="0"/><net_sink comp="580" pin=1"/></net>

<net id="586"><net_src comp="580" pin="2"/><net_sink comp="243" pin=46"/></net>

<net id="590"><net_src comp="234" pin="2"/><net_sink comp="587" pin=0"/></net>

<net id="596"><net_src comp="88" pin="0"/><net_sink comp="591" pin=0"/></net>

<net id="597"><net_src comp="587" pin="1"/><net_sink comp="591" pin=1"/></net>

<net id="598"><net_src comp="90" pin="0"/><net_sink comp="591" pin=2"/></net>

<net id="599"><net_src comp="591" pin="3"/><net_sink comp="299" pin=44"/></net>

<net id="604"><net_src comp="222" pin="2"/><net_sink comp="600" pin=0"/></net>

<net id="605"><net_src comp="92" pin="0"/><net_sink comp="600" pin=1"/></net>

<net id="606"><net_src comp="600" pin="2"/><net_sink comp="243" pin=44"/></net>

<net id="610"><net_src comp="234" pin="2"/><net_sink comp="607" pin=0"/></net>

<net id="616"><net_src comp="94" pin="0"/><net_sink comp="611" pin=0"/></net>

<net id="617"><net_src comp="607" pin="1"/><net_sink comp="611" pin=1"/></net>

<net id="618"><net_src comp="96" pin="0"/><net_sink comp="611" pin=2"/></net>

<net id="619"><net_src comp="611" pin="3"/><net_sink comp="299" pin=42"/></net>

<net id="624"><net_src comp="222" pin="2"/><net_sink comp="620" pin=0"/></net>

<net id="625"><net_src comp="98" pin="0"/><net_sink comp="620" pin=1"/></net>

<net id="626"><net_src comp="620" pin="2"/><net_sink comp="243" pin=42"/></net>

<net id="630"><net_src comp="234" pin="2"/><net_sink comp="627" pin=0"/></net>

<net id="636"><net_src comp="100" pin="0"/><net_sink comp="631" pin=0"/></net>

<net id="637"><net_src comp="627" pin="1"/><net_sink comp="631" pin=1"/></net>

<net id="638"><net_src comp="102" pin="0"/><net_sink comp="631" pin=2"/></net>

<net id="639"><net_src comp="631" pin="3"/><net_sink comp="299" pin=40"/></net>

<net id="644"><net_src comp="222" pin="2"/><net_sink comp="640" pin=0"/></net>

<net id="645"><net_src comp="104" pin="0"/><net_sink comp="640" pin=1"/></net>

<net id="646"><net_src comp="640" pin="2"/><net_sink comp="243" pin=40"/></net>

<net id="650"><net_src comp="234" pin="2"/><net_sink comp="647" pin=0"/></net>

<net id="656"><net_src comp="106" pin="0"/><net_sink comp="651" pin=0"/></net>

<net id="657"><net_src comp="647" pin="1"/><net_sink comp="651" pin=1"/></net>

<net id="658"><net_src comp="108" pin="0"/><net_sink comp="651" pin=2"/></net>

<net id="659"><net_src comp="651" pin="3"/><net_sink comp="299" pin=38"/></net>

<net id="664"><net_src comp="222" pin="2"/><net_sink comp="660" pin=0"/></net>

<net id="665"><net_src comp="110" pin="0"/><net_sink comp="660" pin=1"/></net>

<net id="666"><net_src comp="660" pin="2"/><net_sink comp="243" pin=38"/></net>

<net id="670"><net_src comp="234" pin="2"/><net_sink comp="667" pin=0"/></net>

<net id="676"><net_src comp="112" pin="0"/><net_sink comp="671" pin=0"/></net>

<net id="677"><net_src comp="667" pin="1"/><net_sink comp="671" pin=1"/></net>

<net id="678"><net_src comp="114" pin="0"/><net_sink comp="671" pin=2"/></net>

<net id="679"><net_src comp="671" pin="3"/><net_sink comp="299" pin=36"/></net>

<net id="684"><net_src comp="222" pin="2"/><net_sink comp="680" pin=0"/></net>

<net id="685"><net_src comp="116" pin="0"/><net_sink comp="680" pin=1"/></net>

<net id="686"><net_src comp="680" pin="2"/><net_sink comp="243" pin=36"/></net>

<net id="690"><net_src comp="234" pin="2"/><net_sink comp="687" pin=0"/></net>

<net id="696"><net_src comp="118" pin="0"/><net_sink comp="691" pin=0"/></net>

<net id="697"><net_src comp="687" pin="1"/><net_sink comp="691" pin=1"/></net>

<net id="698"><net_src comp="120" pin="0"/><net_sink comp="691" pin=2"/></net>

<net id="699"><net_src comp="691" pin="3"/><net_sink comp="299" pin=34"/></net>

<net id="704"><net_src comp="222" pin="2"/><net_sink comp="700" pin=0"/></net>

<net id="705"><net_src comp="122" pin="0"/><net_sink comp="700" pin=1"/></net>

<net id="706"><net_src comp="700" pin="2"/><net_sink comp="243" pin=34"/></net>

<net id="710"><net_src comp="234" pin="2"/><net_sink comp="707" pin=0"/></net>

<net id="716"><net_src comp="124" pin="0"/><net_sink comp="711" pin=0"/></net>

<net id="717"><net_src comp="707" pin="1"/><net_sink comp="711" pin=1"/></net>

<net id="718"><net_src comp="126" pin="0"/><net_sink comp="711" pin=2"/></net>

<net id="719"><net_src comp="711" pin="3"/><net_sink comp="299" pin=32"/></net>

<net id="724"><net_src comp="222" pin="2"/><net_sink comp="720" pin=0"/></net>

<net id="725"><net_src comp="128" pin="0"/><net_sink comp="720" pin=1"/></net>

<net id="726"><net_src comp="720" pin="2"/><net_sink comp="243" pin=32"/></net>

<net id="730"><net_src comp="234" pin="2"/><net_sink comp="727" pin=0"/></net>

<net id="736"><net_src comp="130" pin="0"/><net_sink comp="731" pin=0"/></net>

<net id="737"><net_src comp="727" pin="1"/><net_sink comp="731" pin=1"/></net>

<net id="738"><net_src comp="132" pin="0"/><net_sink comp="731" pin=2"/></net>

<net id="739"><net_src comp="731" pin="3"/><net_sink comp="299" pin=30"/></net>

<net id="744"><net_src comp="222" pin="2"/><net_sink comp="740" pin=0"/></net>

<net id="745"><net_src comp="134" pin="0"/><net_sink comp="740" pin=1"/></net>

<net id="746"><net_src comp="740" pin="2"/><net_sink comp="243" pin=30"/></net>

<net id="750"><net_src comp="234" pin="2"/><net_sink comp="747" pin=0"/></net>

<net id="756"><net_src comp="136" pin="0"/><net_sink comp="751" pin=0"/></net>

<net id="757"><net_src comp="747" pin="1"/><net_sink comp="751" pin=1"/></net>

<net id="758"><net_src comp="138" pin="0"/><net_sink comp="751" pin=2"/></net>

<net id="759"><net_src comp="751" pin="3"/><net_sink comp="299" pin=28"/></net>

<net id="764"><net_src comp="222" pin="2"/><net_sink comp="760" pin=0"/></net>

<net id="765"><net_src comp="140" pin="0"/><net_sink comp="760" pin=1"/></net>

<net id="766"><net_src comp="760" pin="2"/><net_sink comp="243" pin=28"/></net>

<net id="770"><net_src comp="234" pin="2"/><net_sink comp="767" pin=0"/></net>

<net id="776"><net_src comp="142" pin="0"/><net_sink comp="771" pin=0"/></net>

<net id="777"><net_src comp="767" pin="1"/><net_sink comp="771" pin=1"/></net>

<net id="778"><net_src comp="144" pin="0"/><net_sink comp="771" pin=2"/></net>

<net id="779"><net_src comp="771" pin="3"/><net_sink comp="299" pin=26"/></net>

<net id="784"><net_src comp="222" pin="2"/><net_sink comp="780" pin=0"/></net>

<net id="785"><net_src comp="146" pin="0"/><net_sink comp="780" pin=1"/></net>

<net id="786"><net_src comp="780" pin="2"/><net_sink comp="243" pin=26"/></net>

<net id="790"><net_src comp="234" pin="2"/><net_sink comp="787" pin=0"/></net>

<net id="796"><net_src comp="148" pin="0"/><net_sink comp="791" pin=0"/></net>

<net id="797"><net_src comp="787" pin="1"/><net_sink comp="791" pin=1"/></net>

<net id="798"><net_src comp="150" pin="0"/><net_sink comp="791" pin=2"/></net>

<net id="799"><net_src comp="791" pin="3"/><net_sink comp="299" pin=24"/></net>

<net id="804"><net_src comp="222" pin="2"/><net_sink comp="800" pin=0"/></net>

<net id="805"><net_src comp="152" pin="0"/><net_sink comp="800" pin=1"/></net>

<net id="806"><net_src comp="800" pin="2"/><net_sink comp="243" pin=24"/></net>

<net id="810"><net_src comp="234" pin="2"/><net_sink comp="807" pin=0"/></net>

<net id="816"><net_src comp="154" pin="0"/><net_sink comp="811" pin=0"/></net>

<net id="817"><net_src comp="807" pin="1"/><net_sink comp="811" pin=1"/></net>

<net id="818"><net_src comp="156" pin="0"/><net_sink comp="811" pin=2"/></net>

<net id="819"><net_src comp="811" pin="3"/><net_sink comp="299" pin=22"/></net>

<net id="824"><net_src comp="222" pin="2"/><net_sink comp="820" pin=0"/></net>

<net id="825"><net_src comp="158" pin="0"/><net_sink comp="820" pin=1"/></net>

<net id="826"><net_src comp="820" pin="2"/><net_sink comp="243" pin=22"/></net>

<net id="830"><net_src comp="234" pin="2"/><net_sink comp="827" pin=0"/></net>

<net id="836"><net_src comp="160" pin="0"/><net_sink comp="831" pin=0"/></net>

<net id="837"><net_src comp="827" pin="1"/><net_sink comp="831" pin=1"/></net>

<net id="838"><net_src comp="162" pin="0"/><net_sink comp="831" pin=2"/></net>

<net id="839"><net_src comp="831" pin="3"/><net_sink comp="299" pin=20"/></net>

<net id="844"><net_src comp="222" pin="2"/><net_sink comp="840" pin=0"/></net>

<net id="845"><net_src comp="164" pin="0"/><net_sink comp="840" pin=1"/></net>

<net id="846"><net_src comp="840" pin="2"/><net_sink comp="243" pin=20"/></net>

<net id="850"><net_src comp="234" pin="2"/><net_sink comp="847" pin=0"/></net>

<net id="856"><net_src comp="166" pin="0"/><net_sink comp="851" pin=0"/></net>

<net id="857"><net_src comp="847" pin="1"/><net_sink comp="851" pin=1"/></net>

<net id="858"><net_src comp="168" pin="0"/><net_sink comp="851" pin=2"/></net>

<net id="859"><net_src comp="851" pin="3"/><net_sink comp="299" pin=18"/></net>

<net id="864"><net_src comp="222" pin="2"/><net_sink comp="860" pin=0"/></net>

<net id="865"><net_src comp="170" pin="0"/><net_sink comp="860" pin=1"/></net>

<net id="866"><net_src comp="860" pin="2"/><net_sink comp="243" pin=18"/></net>

<net id="870"><net_src comp="234" pin="2"/><net_sink comp="867" pin=0"/></net>

<net id="876"><net_src comp="172" pin="0"/><net_sink comp="871" pin=0"/></net>

<net id="877"><net_src comp="867" pin="1"/><net_sink comp="871" pin=1"/></net>

<net id="878"><net_src comp="174" pin="0"/><net_sink comp="871" pin=2"/></net>

<net id="879"><net_src comp="871" pin="3"/><net_sink comp="299" pin=16"/></net>

<net id="884"><net_src comp="222" pin="2"/><net_sink comp="880" pin=0"/></net>

<net id="885"><net_src comp="176" pin="0"/><net_sink comp="880" pin=1"/></net>

<net id="886"><net_src comp="880" pin="2"/><net_sink comp="243" pin=16"/></net>

<net id="890"><net_src comp="234" pin="2"/><net_sink comp="887" pin=0"/></net>

<net id="896"><net_src comp="178" pin="0"/><net_sink comp="891" pin=0"/></net>

<net id="897"><net_src comp="887" pin="1"/><net_sink comp="891" pin=1"/></net>

<net id="898"><net_src comp="180" pin="0"/><net_sink comp="891" pin=2"/></net>

<net id="899"><net_src comp="891" pin="3"/><net_sink comp="299" pin=14"/></net>

<net id="904"><net_src comp="222" pin="2"/><net_sink comp="900" pin=0"/></net>

<net id="905"><net_src comp="182" pin="0"/><net_sink comp="900" pin=1"/></net>

<net id="906"><net_src comp="900" pin="2"/><net_sink comp="243" pin=14"/></net>

<net id="910"><net_src comp="234" pin="2"/><net_sink comp="907" pin=0"/></net>

<net id="916"><net_src comp="184" pin="0"/><net_sink comp="911" pin=0"/></net>

<net id="917"><net_src comp="907" pin="1"/><net_sink comp="911" pin=1"/></net>

<net id="918"><net_src comp="186" pin="0"/><net_sink comp="911" pin=2"/></net>

<net id="919"><net_src comp="911" pin="3"/><net_sink comp="299" pin=12"/></net>

<net id="924"><net_src comp="222" pin="2"/><net_sink comp="920" pin=0"/></net>

<net id="925"><net_src comp="188" pin="0"/><net_sink comp="920" pin=1"/></net>

<net id="926"><net_src comp="920" pin="2"/><net_sink comp="243" pin=12"/></net>

<net id="930"><net_src comp="234" pin="2"/><net_sink comp="927" pin=0"/></net>

<net id="936"><net_src comp="190" pin="0"/><net_sink comp="931" pin=0"/></net>

<net id="937"><net_src comp="927" pin="1"/><net_sink comp="931" pin=1"/></net>

<net id="938"><net_src comp="192" pin="0"/><net_sink comp="931" pin=2"/></net>

<net id="939"><net_src comp="931" pin="3"/><net_sink comp="299" pin=10"/></net>

<net id="944"><net_src comp="222" pin="2"/><net_sink comp="940" pin=0"/></net>

<net id="945"><net_src comp="194" pin="0"/><net_sink comp="940" pin=1"/></net>

<net id="946"><net_src comp="940" pin="2"/><net_sink comp="243" pin=10"/></net>

<net id="950"><net_src comp="234" pin="2"/><net_sink comp="947" pin=0"/></net>

<net id="956"><net_src comp="196" pin="0"/><net_sink comp="951" pin=0"/></net>

<net id="957"><net_src comp="947" pin="1"/><net_sink comp="951" pin=1"/></net>

<net id="958"><net_src comp="198" pin="0"/><net_sink comp="951" pin=2"/></net>

<net id="959"><net_src comp="951" pin="3"/><net_sink comp="299" pin=8"/></net>

<net id="964"><net_src comp="222" pin="2"/><net_sink comp="960" pin=0"/></net>

<net id="965"><net_src comp="200" pin="0"/><net_sink comp="960" pin=1"/></net>

<net id="966"><net_src comp="960" pin="2"/><net_sink comp="243" pin=8"/></net>

<net id="970"><net_src comp="234" pin="2"/><net_sink comp="967" pin=0"/></net>

<net id="976"><net_src comp="202" pin="0"/><net_sink comp="971" pin=0"/></net>

<net id="977"><net_src comp="967" pin="1"/><net_sink comp="971" pin=1"/></net>

<net id="978"><net_src comp="204" pin="0"/><net_sink comp="971" pin=2"/></net>

<net id="979"><net_src comp="971" pin="3"/><net_sink comp="299" pin=6"/></net>

<net id="984"><net_src comp="222" pin="2"/><net_sink comp="980" pin=0"/></net>

<net id="985"><net_src comp="206" pin="0"/><net_sink comp="980" pin=1"/></net>

<net id="986"><net_src comp="980" pin="2"/><net_sink comp="243" pin=6"/></net>

<net id="990"><net_src comp="234" pin="2"/><net_sink comp="987" pin=0"/></net>

<net id="996"><net_src comp="208" pin="0"/><net_sink comp="991" pin=0"/></net>

<net id="997"><net_src comp="987" pin="1"/><net_sink comp="991" pin=1"/></net>

<net id="998"><net_src comp="210" pin="0"/><net_sink comp="991" pin=2"/></net>

<net id="999"><net_src comp="991" pin="3"/><net_sink comp="299" pin=4"/></net>

<net id="1004"><net_src comp="222" pin="2"/><net_sink comp="1000" pin=0"/></net>

<net id="1005"><net_src comp="212" pin="0"/><net_sink comp="1000" pin=1"/></net>

<net id="1006"><net_src comp="1000" pin="2"/><net_sink comp="243" pin=4"/></net>

<net id="1010"><net_src comp="234" pin="2"/><net_sink comp="1007" pin=0"/></net>

<net id="1011"><net_src comp="1007" pin="1"/><net_sink comp="299" pin=2"/></net>

<net id="1018"><net_src comp="214" pin="0"/><net_sink comp="1012" pin=0"/></net>

<net id="1019"><net_src comp="234" pin="2"/><net_sink comp="1012" pin=1"/></net>

<net id="1020"><net_src comp="78" pin="0"/><net_sink comp="1012" pin=2"/></net>

<net id="1021"><net_src comp="34" pin="0"/><net_sink comp="1012" pin=3"/></net>

<net id="1022"><net_src comp="1012" pin="4"/><net_sink comp="299" pin=0"/></net>

<net id="1027"><net_src comp="222" pin="2"/><net_sink comp="1023" pin=0"/></net>

<net id="1028"><net_src comp="216" pin="0"/><net_sink comp="1023" pin=1"/></net>

<net id="1029"><net_src comp="1023" pin="2"/><net_sink comp="243" pin=0"/></net>

<net id="1036"><net_src comp="220" pin="0"/><net_sink comp="1030" pin=0"/></net>

<net id="1037"><net_src comp="228" pin="2"/><net_sink comp="1030" pin=1"/></net>

<net id="1038"><net_src comp="243" pin="50"/><net_sink comp="1030" pin=2"/></net>

<net id="1039"><net_src comp="299" pin="50"/><net_sink comp="1030" pin=3"/></net>

<net id="1040"><net_src comp="1030" pin="4"/><net_sink comp="355" pin=0"/></net>

</net_list>

</model> 
---------------- Datapath Model END ------------------

* FSMD analyzer results:
  - Output states:
 - Input state : 
	Port: fp32_normaliser : raw_sum_mantissa | {1 }
	Port: fp32_normaliser : raw_sign | {1 }
	Port: fp32_normaliser : target_exponent | {1 }
  - Chain level:
	State 1
		br_ln5 : 1
		br_ln10 : 1
		br_ln11 : 1
		br_ln12 : 1
		br_ln13 : 1
		br_ln14 : 1
		br_ln15 : 1
		br_ln16 : 1
		br_ln17 : 1
		br_ln18 : 1
		br_ln19 : 1
		br_ln20 : 1
		br_ln21 : 1
		br_ln22 : 1
		br_ln23 : 1
		br_ln24 : 1
		br_ln25 : 1
		br_ln26 : 1
		br_ln27 : 1
		br_ln28 : 1
		br_ln29 : 1
		br_ln30 : 1
		br_ln31 : 1
		br_ln32 : 1
		br_ln33 : 1
		norm24_21 : 1
		norm24_20 : 1
		norm24_19 : 1
		norm24_18 : 1
		norm24_17 : 1
		norm24_16 : 1
		norm24_15 : 1
		norm24_14 : 1
		norm24_13 : 1
		norm24_12 : 1
		norm24_11 : 1
		norm24_10 : 1
		norm24_9 : 1
		norm24_8 : 1
		norm24_7 : 1
		norm24_6 : 1
		norm24_5 : 1
		norm24_4 : 1
		norm24_3 : 1
		norm24_2 : 1
		norm24_1 : 1
		norm24 : 1
		exp_23 : 1
		norm24_22 : 2
		tmp_s : 3
		retval_0 : 4
		ret_ln37 : 5


============================================================
+ Verbose Summary: Datapath Resource usage 
============================================================

* Functional unit list:
|----------|-----------------------------------|---------|---------|
| Operation|          Functional Unit          |    FF   |   LUT   |
|----------|-----------------------------------|---------|---------|
|          |           exp_24_fu_560           |    0    |    15   |
|          |           exp_22_fu_580           |    0    |    15   |
|          |           exp_21_fu_600           |    0    |    15   |
|          |           exp_20_fu_620           |    0    |    15   |
|          |           exp_19_fu_640           |    0    |    15   |
|          |           exp_18_fu_660           |    0    |    15   |
|          |           exp_17_fu_680           |    0    |    15   |
|          |           exp_16_fu_700           |    0    |    15   |
|          |           exp_15_fu_720           |    0    |    15   |
|          |           exp_14_fu_740           |    0    |    15   |
|          |           exp_13_fu_760           |    0    |    15   |
|    add   |           exp_12_fu_780           |    0    |    15   |
|          |           exp_11_fu_800           |    0    |    15   |
|          |           exp_10_fu_820           |    0    |    15   |
|          |            exp_9_fu_840           |    0    |    15   |
|          |            exp_8_fu_860           |    0    |    15   |
|          |            exp_7_fu_880           |    0    |    15   |
|          |            exp_6_fu_900           |    0    |    15   |
|          |            exp_5_fu_920           |    0    |    15   |
|          |            exp_4_fu_940           |    0    |    15   |
|          |            exp_3_fu_960           |    0    |    15   |
|          |            exp_2_fu_980           |    0    |    15   |
|          |           exp_1_fu_1000           |    0    |    15   |
|          |            exp_fu_1023            |    0    |    15   |
|----------|-----------------------------------|---------|---------|
|   icmp   |          icmp_ln5_fu_362          |    0    |    32   |
|----------|-----------------------------------|---------|---------|
|          |  target_exponent_read_read_fu_222 |    0    |    0    |
|   read   |     raw_sign_read_read_fu_228     |    0    |    0    |
|          | raw_sum_mantissa_read_read_fu_234 |    0    |    0    |
|----------|-----------------------------------|---------|---------|
|          |             tmp_fu_368            |    0    |    0    |
|          |            tmp_1_fu_376           |    0    |    0    |
|          |            tmp_2_fu_384           |    0    |    0    |
|          |            tmp_3_fu_392           |    0    |    0    |
|          |            tmp_4_fu_400           |    0    |    0    |
|          |            tmp_5_fu_408           |    0    |    0    |
|          |            tmp_6_fu_416           |    0    |    0    |
|          |            tmp_7_fu_424           |    0    |    0    |
|          |            tmp_8_fu_432           |    0    |    0    |
|          |            tmp_9_fu_440           |    0    |    0    |
|          |           tmp_10_fu_448           |    0    |    0    |
| bitselect|           tmp_11_fu_456           |    0    |    0    |
|          |           tmp_12_fu_464           |    0    |    0    |
|          |           tmp_13_fu_472           |    0    |    0    |
|          |           tmp_14_fu_480           |    0    |    0    |
|          |           tmp_15_fu_488           |    0    |    0    |
|          |           tmp_16_fu_496           |    0    |    0    |
|          |           tmp_17_fu_504           |    0    |    0    |
|          |           tmp_18_fu_512           |    0    |    0    |
|          |           tmp_19_fu_520           |    0    |    0    |
|          |           tmp_20_fu_528           |    0    |    0    |
|          |           tmp_21_fu_536           |    0    |    0    |
|          |           tmp_22_fu_544           |    0    |    0    |
|          |           tmp_23_fu_552           |    0    |    0    |
|----------|-----------------------------------|---------|---------|
|          |         trunc_ln33_fu_567         |    0    |    0    |
|          |         trunc_ln32_fu_587         |    0    |    0    |
|          |         trunc_ln31_fu_607         |    0    |    0    |
|          |         trunc_ln30_fu_627         |    0    |    0    |
|          |         trunc_ln29_fu_647         |    0    |    0    |
|          |         trunc_ln28_fu_667         |    0    |    0    |
|          |         trunc_ln27_fu_687         |    0    |    0    |
|          |         trunc_ln26_fu_707         |    0    |    0    |
|          |         trunc_ln25_fu_727         |    0    |    0    |
|          |         trunc_ln24_fu_747         |    0    |    0    |
|          |         trunc_ln23_fu_767         |    0    |    0    |
|   trunc  |         trunc_ln22_fu_787         |    0    |    0    |
|          |         trunc_ln21_fu_807         |    0    |    0    |
|          |         trunc_ln20_fu_827         |    0    |    0    |
|          |         trunc_ln19_fu_847         |    0    |    0    |
|          |         trunc_ln18_fu_867         |    0    |    0    |
|          |         trunc_ln17_fu_887         |    0    |    0    |
|          |         trunc_ln16_fu_907         |    0    |    0    |
|          |         trunc_ln15_fu_927         |    0    |    0    |
|          |         trunc_ln14_fu_947         |    0    |    0    |
|          |         trunc_ln13_fu_967         |    0    |    0    |
|          |         trunc_ln12_fu_987         |    0    |    0    |
|          |         trunc_ln9_fu_1007         |    0    |    0    |
|----------|-----------------------------------|---------|---------|
|          |          norm24_21_fu_571         |    0    |    0    |
|          |          norm24_20_fu_591         |    0    |    0    |
|          |          norm24_19_fu_611         |    0    |    0    |
|          |          norm24_18_fu_631         |    0    |    0    |
|          |          norm24_17_fu_651         |    0    |    0    |
|          |          norm24_16_fu_671         |    0    |    0    |
|          |          norm24_15_fu_691         |    0    |    0    |
|          |          norm24_14_fu_711         |    0    |    0    |
|          |          norm24_13_fu_731         |    0    |    0    |
|          |          norm24_12_fu_751         |    0    |    0    |
|          |          norm24_11_fu_771         |    0    |    0    |
|bitconcatenate|          norm24_10_fu_791         |    0    |    0    |
|          |          norm24_9_fu_811          |    0    |    0    |
|          |          norm24_8_fu_831          |    0    |    0    |
|          |          norm24_7_fu_851          |    0    |    0    |
|          |          norm24_6_fu_871          |    0    |    0    |
|          |          norm24_5_fu_891          |    0    |    0    |
|          |          norm24_4_fu_911          |    0    |    0    |
|          |          norm24_3_fu_931          |    0    |    0    |
|          |          norm24_2_fu_951          |    0    |    0    |
|          |          norm24_1_fu_971          |    0    |    0    |
|          |           norm24_fu_991           |    0    |    0    |
|          |           tmp_s_fu_1030           |    0    |    0    |
|----------|-----------------------------------|---------|---------|
|partselect|        norm24_cast_fu_1012        |    0    |    0    |
|----------|-----------------------------------|---------|---------|
|   Total  |                                   |    0    |   392   |
|----------|-----------------------------------|---------|---------|

Memories:
N/A

* Register list:
+-----------------+--------+
|                 |   FF   |
+-----------------+--------+
|  exp_23_reg_240 |    8   |
|norm24_22_reg_296|   23   |
| retval_0_reg_352|   32   |
+-----------------+--------+
|      Total      |   63   |
+-----------------+--------+

* Multiplexer (MUX) list: 
|--------|------|------|------|--------|
|  Comp  |  Pin | Size |  BW  | S x BW |
|--------|------|------|------|--------|
|  Total |      |      |      |    0   |
|--------|------|------|------|--------|



* Summary:
+-----------+--------+--------+
|           |   FF   |   LUT  |
+-----------+--------+--------+
|  Function |    0   |   392  |
|   Memory  |    -   |    -   |
|Multiplexer|    -   |    -   |
|  Register |   63   |    -   |
+-----------+--------+--------+
|   Total   |   63   |   392  |
+-----------+--------+--------+
